date,store,item,category,price,base_price,promo,units_sold
2024-01-01,Store_A,Milk_1L,Dairy,51.7,50.0,0,135
2024-01-02,Store_A,Milk_1L,Dairy,50.0,50.0,0,123
2024-01-03,Store_A,Milk_1L,Dairy,50.0,50.0,0,140
2024-01-04,Store_A,Milk_1L,Dairy,50.0,50.0,0,151
2024-01-05,Store_A,Milk_1L,Dairy,47.64,50.0,0,200
2024-01-06,Store_A,Milk_1L,Dairy,50.0,50.0,0,181
2024-01-07,Store_A,Milk_1L,Dairy,50.0,50.0,0,167
2024-01-08,Store_A,Milk_1L,Dairy,50.0,50.0,0,137
2024-01-09,Store_A,Milk_1L,Dairy,50.0,50.0,0,123
2024-01-10,Store_A,Milk_1L,Dairy,50.0,50.0,0,142
2024-01-11,Store_A,Milk_1L,Dairy,50.0,50.0,0,148
2024-01-12,Store_A,Milk_1L,Dairy,40.4,50.0,0,247
2024-01-13,Store_A,Milk_1L,Dairy,50.0,50.0,0,212
2024-01-14,Store_A,Milk_1L,Dairy,48.77,50.0,0,197
2024-01-15,Store_A,Milk_1L,Dairy,50.0,50.0,0,144
2024-01-16,Store_A,Milk_1L,Dairy,50.0,50.0,0,125
2024-01-17,Store_A,Milk_1L,Dairy,50.0,50.0,0,118
2024-01-18,Store_A,Milk_1L,Dairy,42.07,50.0,0,181
2024-01-19,Store_A,Milk_1L,Dairy,50.0,50.0,0,162
2024-01-20,Store_A,Milk_1L,Dairy,50.0,50.0,0,227
2024-01-21,Store_A,Milk_1L,Dairy,50.0,50.0,0,194
2024-01-22,Store_A,Milk_1L,Dairy,50.0,50.0,0,135
2024-01-23,Store_A,Milk_1L,Dairy,55.8,50.0,0,114
2024-01-24,Store_A,Milk_1L,Dairy,50.0,50.0,0,143
2024-01-25,Store_A,Milk_1L,Dairy,50.0,50.0,0,139
2024-01-26,Store_A,Milk_1L,Dairy,50.0,50.0,0,177
2024-01-27,Store_A,Milk_1L,Dairy,50.0,50.0,0,211
2024-01-28,Store_A,Milk_1L,Dairy,50.0,50.0,0,208
2024-01-29,Store_A,Milk_1L,Dairy,50.0,50.0,0,127
2024-01-30,Store_A,Milk_1L,Dairy,50.0,50.0,0,133
2024-01-31,Store_A,Milk_1L,Dairy,50.0,50.0,0,148
2024-02-01,Store_A,Milk_1L,Dairy,41.81,50.0,1,247
2024-02-02,Store_A,Milk_1L,Dairy,56.19,50.0,0,139
2024-02-03,Store_A,Milk_1L,Dairy,50.0,50.0,0,219
2024-02-04,Store_A,Milk_1L,Dairy,56.77,50.0,0,135
2024-02-05,Store_A,Milk_1L,Dairy,50.0,50.0,0,148
2024-02-06,Store_A,Milk_1L,Dairy,50.0,50.0,0,162
2024-02-07,Store_A,Milk_1L,Dairy,50.0,50.0,0,128
2024-02-08,Store_A,Milk_1L,Dairy,50.0,50.0,0,150
2024-02-09,Store_A,Milk_1L,Dairy,50.0,50.0,0,172
2024-02-10,Store_A,Milk_1L,Dairy,50.0,50.0,0,206
2024-02-11,Store_A,Milk_1L,Dairy,50.0,50.0,0,188
2024-02-12,Store_A,Milk_1L,Dairy,49.7,50.0,0,122
2024-02-13,Store_A,Milk_1L,Dairy,50.0,50.0,0,131
2024-02-14,Store_A,Milk_1L,Dairy,50.0,50.0,0,141
2024-02-15,Store_A,Milk_1L,Dairy,56.03,50.0,1,146
2024-02-16,Store_A,Milk_1L,Dairy,49.71,50.0,0,210
2024-02-17,Store_A,Milk_1L,Dairy,50.0,50.0,0,223
2024-02-18,Store_A,Milk_1L,Dairy,50.0,50.0,1,269
2024-02-19,Store_A,Milk_1L,Dairy,50.0,50.0,0,137
2024-02-20,Store_A,Milk_1L,Dairy,50.0,50.0,0,125
2024-02-21,Store_A,Milk_1L,Dairy,40.79,50.0,0,181
2024-02-22,Store_A,Milk_1L,Dairy,50.0,50.0,0,149
2024-02-23,Store_A,Milk_1L,Dairy,50.0,50.0,0,180
2024-02-24,Store_A,Milk_1L,Dairy,50.0,50.0,0,213
2024-02-25,Store_A,Milk_1L,Dairy,50.0,50.0,0,189
2024-02-26,Store_A,Milk_1L,Dairy,50.0,50.0,0,151
2024-02-27,Store_A,Milk_1L,Dairy,53.07,50.0,0,120
2024-02-28,Store_A,Milk_1L,Dairy,50.0,50.0,1,167
2024-02-29,Store_A,Milk_1L,Dairy,54.54,50.0,0,124
2024-03-01,Store_A,Milk_1L,Dairy,50.49,50.0,0,159
2024-03-02,Store_A,Milk_1L,Dairy,50.0,50.0,0,219
2024-03-03,Store_A,Milk_1L,Dairy,50.0,50.0,0,185
2024-03-04,Store_A,Milk_1L,Dairy,40.24,50.0,0,228
2024-03-05,Store_A,Milk_1L,Dairy,51.86,50.0,1,138
2024-03-06,Store_A,Milk_1L,Dairy,50.0,50.0,0,129
2024-03-07,Store_A,Milk_1L,Dairy,50.0,50.0,0,136
2024-03-08,Store_A,Milk_1L,Dairy,50.0,50.0,0,189
2024-03-09,Store_A,Milk_1L,Dairy,50.0,50.0,0,208
2024-03-10,Store_A,Milk_1L,Dairy,56.23,50.0,0,143
2024-03-11,Store_A,Milk_1L,Dairy,50.0,50.0,0,149
2024-03-12,Store_A,Milk_1L,Dairy,50.0,50.0,0,144
2024-03-13,Store_A,Milk_1L,Dairy,50.0,50.0,0,130
2024-03-14,Store_A,Milk_1L,Dairy,49.72,50.0,0,149
2024-03-15,Store_A,Milk_1L,Dairy,42.46,50.0,0,240
2024-03-16,Store_A,Milk_1L,Dairy,50.0,50.0,0,237
2024-03-17,Store_A,Milk_1L,Dairy,50.0,50.0,0,179
2024-03-18,Store_A,Milk_1L,Dairy,50.0,50.0,0,131
2024-03-19,Store_A,Milk_1L,Dairy,41.91,50.0,0,167
2024-03-20,Store_A,Milk_1L,Dairy,50.0,50.0,0,113
2024-03-21,Store_A,Milk_1L,Dairy,50.0,50.0,0,132
2024-03-22,Store_A,Milk_1L,Dairy,50.0,50.0,0,205
2024-03-23,Store_A,Milk_1L,Dairy,50.0,50.0,0,190
2024-03-24,Store_A,Milk_1L,Dairy,50.0,50.0,0,156
2024-03-25,Store_A,Milk_1L,Dairy,50.0,50.0,0,159
2024-03-26,Store_A,Milk_1L,Dairy,50.0,50.0,0,117
2024-03-27,Store_A,Milk_1L,Dairy,50.0,50.0,0,167
2024-03-28,Store_A,Milk_1L,Dairy,50.4,50.0,0,145
2024-03-29,Store_A,Milk_1L,Dairy,50.0,50.0,1,215
2024-03-30,Store_A,Milk_1L,Dairy,56.12,50.0,0,170
2024-03-31,Store_A,Milk_1L,Dairy,50.0,50.0,0,178
2024-04-01,Store_A,Milk_1L,Dairy,40.37,50.0,0,194
2024-04-02,Store_A,Milk_1L,Dairy,40.93,50.0,0,189
2024-04-03,Store_A,Milk_1L,Dairy,50.0,50.0,0,136
2024-04-04,Store_A,Milk_1L,Dairy,50.0,50.0,0,142
2024-04-05,Store_A,Milk_1L,Dairy,50.0,50.0,0,161
2024-04-06,Store_A,Milk_1L,Dairy,43.18,50.0,0,320
2024-04-07,Store_A,Milk_1L,Dairy,50.0,50.0,0,201
2024-04-08,Store_A,Milk_1L,Dairy,50.0,50.0,0,125
2024-04-09,Store_A,Milk_1L,Dairy,50.0,50.0,0,128
2024-04-10,Store_A,Milk_1L,Dairy,54.59,50.0,0,116
2024-04-11,Store_A,Milk_1L,Dairy,50.0,50.0,0,121
2024-04-12,Store_A,Milk_1L,Dairy,50.0,50.0,0,176
2024-04-13,Store_A,Milk_1L,Dairy,50.0,50.0,0,191
2024-04-14,Store_A,Milk_1L,Dairy,50.0,50.0,0,177
2024-04-15,Store_A,Milk_1L,Dairy,50.0,50.0,0,131
2024-04-16,Store_A,Milk_1L,Dairy,50.0,50.0,0,126
2024-04-17,Store_A,Milk_1L,Dairy,50.0,50.0,0,105
2024-04-18,Store_A,Milk_1L,Dairy,50.0,50.0,0,141
2024-04-19,Store_A,Milk_1L,Dairy,50.0,50.0,0,163
2024-04-20,Store_A,Milk_1L,Dairy,50.0,50.0,0,201
2024-04-21,Store_A,Milk_1L,Dairy,50.0,50.0,0,153
2024-04-22,Store_A,Milk_1L,Dairy,50.0,50.0,1,171
2024-04-23,Store_A,Milk_1L,Dairy,50.0,50.0,0,113
2024-04-24,Store_A,Milk_1L,Dairy,50.0,50.0,0,144
2024-04-25,Store_A,Milk_1L,Dairy,50.0,50.0,0,156
2024-04-26,Store_A,Milk_1L,Dairy,50.0,50.0,0,171
2024-04-27,Store_A,Milk_1L,Dairy,50.0,50.0,1,271
2024-04-28,Store_A,Milk_1L,Dairy,50.0,50.0,0,168
2024-04-29,Store_A,Milk_1L,Dairy,50.0,50.0,0,122
2024-04-30,Store_A,Milk_1L,Dairy,50.0,50.0,0,110
2024-05-01,Store_A,Milk_1L,Dairy,50.0,50.0,0,127
2024-05-02,Store_A,Milk_1L,Dairy,50.0,50.0,0,144
2024-05-03,Store_A,Milk_1L,Dairy,50.0,50.0,0,173
2024-05-04,Store_A,Milk_1L,Dairy,50.0,50.0,0,191
2024-05-05,Store_A,Milk_1L,Dairy,50.0,50.0,0,163
2024-05-06,Store_A,Milk_1L,Dairy,50.0,50.0,1,181
2024-05-07,Store_A,Milk_1L,Dairy,50.0,50.0,0,110
2024-05-08,Store_A,Milk_1L,Dairy,50.0,50.0,0,115
2024-05-09,Store_A,Milk_1L,Dairy,50.78,50.0,0,123
2024-05-10,Store_A,Milk_1L,Dairy,50.0,50.0,0,170
2024-05-11,Store_A,Milk_1L,Dairy,50.0,50.0,0,194
2024-05-12,Store_A,Milk_1L,Dairy,50.0,50.0,0,174
2024-05-13,Store_A,Milk_1L,Dairy,50.0,50.0,0,105
2024-05-14,Store_A,Milk_1L,Dairy,50.0,50.0,0,124
2024-05-15,Store_A,Milk_1L,Dairy,41.53,50.0,0,180
2024-05-16,Store_A,Milk_1L,Dairy,50.0,50.0,1,170
2024-05-17,Store_A,Milk_1L,Dairy,50.0,50.0,0,174
2024-05-18,Store_A,Milk_1L,Dairy,50.0,50.0,0,191
2024-05-19,Store_A,Milk_1L,Dairy,50.0,50.0,0,155
2024-05-20,Store_A,Milk_1L,Dairy,50.0,50.0,1,166
2024-05-21,Store_A,Milk_1L,Dairy,56.38,50.0,0,87
2024-05-22,Store_A,Milk_1L,Dairy,50.0,50.0,0,139
2024-05-23,Store_A,Milk_1L,Dairy,50.0,50.0,0,122
2024-05-24,Store_A,Milk_1L,Dairy,50.0,50.0,0,169
2024-05-25,Store_A,Milk_1L,Dairy,50.0,50.0,0,205
2024-05-26,Store_A,Milk_1L,Dairy,50.0,50.0,0,176
2024-05-27,Store_A,Milk_1L,Dairy,54.88,50.0,0,103
2024-05-28,Store_A,Milk_1L,Dairy,50.29,50.0,0,111
2024-05-29,Store_A,Milk_1L,Dairy,47.95,50.0,0,116
2024-05-30,Store_A,Milk_1L,Dairy,50.0,50.0,0,113
2024-05-31,Store_A,Milk_1L,Dairy,50.0,50.0,0,162
2024-06-01,Store_A,Milk_1L,Dairy,50.0,50.0,0,188
2024-06-02,Store_A,Milk_1L,Dairy,57.45,50.0,0,127
2024-06-03,Store_A,Milk_1L,Dairy,50.0,50.0,0,127
2024-06-04,Store_A,Milk_1L,Dairy,57.48,50.0,0,85
2024-06-05,Store_A,Milk_1L,Dairy,50.0,50.0,0,129
2024-06-06,Store_A,Milk_1L,Dairy,50.0,50.0,0,134
2024-06-07,Store_A,Milk_1L,Dairy,50.0,50.0,0,153
2024-06-08,Store_A,Milk_1L,Dairy,50.0,50.0,1,262
2024-06-09,Store_A,Milk_1L,Dairy,50.0,50.0,0,168
2024-06-10,Store_A,Milk_1L,Dairy,40.1,50.0,0,192
2024-06-11,Store_A,Milk_1L,Dairy,50.0,50.0,0,102
2024-06-12,Store_A,Milk_1L,Dairy,50.0,50.0,0,98
2024-06-13,Store_A,Milk_1L,Dairy,54.02,50.0,0,108
2024-06-14,Store_A,Milk_1L,Dairy,50.0,50.0,0,168
2024-06-15,Store_A,Milk_1L,Dairy,50.0,50.0,0,180
2024-06-16,Store_A,Milk_1L,Dairy,48.83,50.0,0,186
2024-06-17,Store_A,Milk_1L,Dairy,50.0,50.0,0,112
2024-06-18,Store_A,Milk_1L,Dairy,52.86,50.0,0,95
2024-06-19,Store_A,Milk_1L,Dairy,50.0,50.0,0,128
2024-06-20,Store_A,Milk_1L,Dairy,50.0,50.0,0,113
2024-06-21,Store_A,Milk_1L,Dairy,50.79,50.0,0,155
2024-06-22,Store_A,Milk_1L,Dairy,50.0,50.0,0,154
2024-06-23,Store_A,Milk_1L,Dairy,41.61,50.0,0,213
2024-06-24,Store_A,Milk_1L,Dairy,50.0,50.0,0,114
2024-06-25,Store_A,Milk_1L,Dairy,50.0,50.0,0,111
2024-06-26,Store_A,Milk_1L,Dairy,50.0,50.0,0,123
2024-06-27,Store_A,Milk_1L,Dairy,50.0,50.0,0,123
2024-06-28,Store_A,Milk_1L,Dairy,50.0,50.0,0,166
2024-06-29,Store_A,Milk_1L,Dairy,50.0,50.0,0,195
2024-06-30,Store_A,Milk_1L,Dairy,48.9,50.0,0,170
2024-07-01,Store_A,Milk_1L,Dairy,50.0,50.0,0,139
2024-07-02,Store_A,Milk_1L,Dairy,44.87,50.0,0,149
2024-07-03,Store_A,Milk_1L,Dairy,50.0,50.0,0,123
2024-07-04,Store_A,Milk_1L,Dairy,50.0,50.0,0,129
2024-07-05,Store_A,Milk_1L,Dairy,50.0,50.0,0,133
2024-07-06,Store_A,Milk_1L,Dairy,50.0,50.0,0,163
2024-07-07,Store_A,Milk_1L,Dairy,47.32,50.0,0,203
2024-07-08,Store_A,Milk_1L,Dairy,50.0,50.0,0,110
2024-07-09,Store_A,Milk_1L,Dairy,50.0,50.0,0,109
2024-07-10,Store_A,Milk_1L,Dairy,50.0,50.0,0,121
2024-07-11,Store_A,Milk_1L,Dairy,50.0,50.0,0,123
2024-07-12,Store_A,Milk_1L,Dairy,50.0,50.0,0,139
2024-07-13,Store_A,Milk_1L,Dairy,50.0,50.0,0,217
2024-07-14,Store_A,Milk_1L,Dairy,50.0,50.0,0,178
2024-07-15,Store_A,Milk_1L,Dairy,50.0,50.0,1,169
2024-07-16,Store_A,Milk_1L,Dairy,50.0,50.0,0,112
2024-07-17,Store_A,Milk_1L,Dairy,50.0,50.0,0,124
2024-07-18,Store_A,Milk_1L,Dairy,50.0,50.0,0,133
2024-07-19,Store_A,Milk_1L,Dairy,50.0,50.0,0,158
2024-07-20,Store_A,Milk_1L,Dairy,50.0,50.0,0,187
2024-07-21,Store_A,Milk_1L,Dairy,45.49,50.0,0,162
2024-07-22,Store_A,Milk_1L,Dairy,54.48,50.0,0,91
2024-07-23,Store_A,Milk_1L,Dairy,50.0,50.0,0,122
2024-07-24,Store_A,Milk_1L,Dairy,50.0,50.0,0,106
2024-07-25,Store_A,Milk_1L,Dairy,50.0,50.0,0,122
2024-07-26,Store_A,Milk_1L,Dairy,50.0,50.0,0,160
2024-07-27,Store_A,Milk_1L,Dairy,50.0,50.0,0,188
2024-07-28,Store_A,Milk_1L,Dairy,50.0,50.0,0,158
2024-07-29,Store_A,Milk_1L,Dairy,50.0,50.0,0,120
2024-07-30,Store_A,Milk_1L,Dairy,50.0,50.0,0,118
2024-07-31,Store_A,Milk_1L,Dairy,42.9,50.0,0,172
2024-08-01,Store_A,Milk_1L,Dairy,50.0,50.0,0,118
2024-08-02,Store_A,Milk_1L,Dairy,50.0,50.0,0,172
2024-08-03,Store_A,Milk_1L,Dairy,47.84,50.0,0,191
2024-08-04,Store_A,Milk_1L,Dairy,53.22,50.0,0,149
2024-08-05,Store_A,Milk_1L,Dairy,50.0,50.0,0,119
2024-08-06,Store_A,Milk_1L,Dairy,55.87,50.0,0,98
2024-08-07,Store_A,Milk_1L,Dairy,50.0,50.0,0,129
2024-08-08,Store_A,Milk_1L,Dairy,50.0,50.0,0,142
2024-08-09,Store_A,Milk_1L,Dairy,50.0,50.0,0,147
2024-08-10,Store_A,Milk_1L,Dairy,50.0,50.0,0,173
2024-08-11,Store_A,Milk_1L,Dairy,50.0,50.0,0,162
2024-08-12,Store_A,Milk_1L,Dairy,50.0,50.0,0,122
2024-08-13,Store_A,Milk_1L,Dairy,46.42,50.0,0,142
2024-08-14,Store_A,Milk_1L,Dairy,50.0,50.0,0,128
2024-08-15,Store_A,Milk_1L,Dairy,50.0,50.0,0,135
2024-08-16,Store_A,Milk_1L,Dairy,50.0,50.0,0,158
2024-08-17,Store_A,Milk_1L,Dairy,50.0,50.0,0,176
2024-08-18,Store_A,Milk_1L,Dairy,50.0,50.0,0,150
2024-08-19,Store_A,Milk_1L,Dairy,50.0,50.0,0,120
2024-08-20,Store_A,Milk_1L,Dairy,46.97,50.0,0,137
2024-08-21,Store_A,Milk_1L,Dairy,50.0,50.0,0,118
2024-08-22,Store_A,Milk_1L,Dairy,50.0,50.0,0,141
2024-08-23,Store_A,Milk_1L,Dairy,56.23,50.0,0,137
2024-08-24,Store_A,Milk_1L,Dairy,50.0,50.0,0,169
2024-08-25,Store_A,Milk_1L,Dairy,44.87,50.0,0,192
2024-08-26,Store_A,Milk_1L,Dairy,50.0,50.0,0,113
2024-08-27,Store_A,Milk_1L,Dairy,50.0,50.0,0,133
2024-08-28,Store_A,Milk_1L,Dairy,50.0,50.0,0,132
2024-08-29,Store_A,Milk_1L,Dairy,50.0,50.0,0,123
2024-08-30,Store_A,Milk_1L,Dairy,50.0,50.0,0,151
2024-08-31,Store_A,Milk_1L,Dairy,52.82,50.0,0,159
2024-09-01,Store_A,Milk_1L,Dairy,50.0,50.0,0,176
2024-09-02,Store_A,Milk_1L,Dairy,50.0,50.0,0,117
2024-09-03,Store_A,Milk_1L,Dairy,50.0,50.0,0,141
2024-09-04,Store_A,Milk_1L,Dairy,50.0,50.0,0,126
2024-09-05,Store_A,Milk_1L,Dairy,40.72,50.0,0,194
2024-09-06,Store_A,Milk_1L,Dairy,50.0,50.0,0,179
2024-09-07,Store_A,Milk_1L,Dairy,50.0,50.0,0,170
2024-09-08,Store_A,Milk_1L,Dairy,50.0,50.0,0,168
2024-09-09,Store_A,Milk_1L,Dairy,49.72,50.0,0,127
2024-09-10,Store_A,Milk_1L,Dairy,50.0,50.0,1,180
2024-09-11,Store_A,Milk_1L,Dairy,46.52,50.0,0,159
2024-09-12,Store_A,Milk_1L,Dairy,51.82,50.0,0,117
2024-09-13,Store_A,Milk_1L,Dairy,50.0,50.0,1,217
2024-09-14,Store_A,Milk_1L,Dairy,50.0,50.0,0,214
2024-09-15,Store_A,Milk_1L,Dairy,44.1,50.0,0,252
2024-09-16,Store_A,Milk_1L,Dairy,50.0,50.0,0,136
2024-09-17,Store_A,Milk_1L,Dairy,50.0,50.0,0,122
2024-09-18,Store_A,Milk_1L,Dairy,47.02,50.0,0,147
2024-09-19,Store_A,Milk_1L,Dairy,50.0,50.0,0,132
2024-09-20,Store_A,Milk_1L,Dairy,50.0,50.0,1,267
2024-09-21,Store_A,Milk_1L,Dairy,50.0,50.0,0,200
2024-09-22,Store_A,Milk_1L,Dairy,50.0,50.0,0,180
2024-09-23,Store_A,Milk_1L,Dairy,50.0,50.0,0,137
2024-09-24,Store_A,Milk_1L,Dairy,41.48,50.0,0,192
2024-09-25,Store_A,Milk_1L,Dairy,50.0,50.0,0,147
2024-09-26,Store_A,Milk_1L,Dairy,50.0,50.0,0,150
2024-09-27,Store_A,Milk_1L,Dairy,50.0,50.0,0,177
2024-09-28,Store_A,Milk_1L,Dairy,50.0,50.0,0,182
2024-09-29,Store_A,Milk_1L,Dairy,50.0,50.0,0,183
2024-09-30,Store_A,Milk_1L,Dairy,50.0,50.0,0,140
2024-10-01,Store_A,Milk_1L,Dairy,50.0,50.0,0,172
2024-10-02,Store_A,Milk_1L,Dairy,50.0,50.0,0,205
2024-10-03,Store_A,Milk_1L,Dairy,50.0,50.0,0,215
2024-10-04,Store_A,Milk_1L,Dairy,50.0,50.0,0,251
2024-10-05,Store_A,Milk_1L,Dairy,50.0,50.0,0,303
2024-10-06,Store_A,Milk_1L,Dairy,50.0,50.0,0,263
2024-10-07,Store_A,Milk_1L,Dairy,50.0,50.0,1,237
2024-10-08,Store_A,Milk_1L,Dairy,50.0,50.0,0,200
2024-10-09,Store_A,Milk_1L,Dairy,50.0,50.0,0,163
2024-10-10,Store_A,Milk_1L,Dairy,50.0,50.0,0,222
2024-10-11,Store_A,Milk_1L,Dairy,50.0,50.0,0,236
2024-10-12,Store_A,Milk_1L,Dairy,50.0,50.0,0,319
2024-10-13,Store_A,Milk_1L,Dairy,50.0,50.0,0,285
2024-10-14,Store_A,Milk_1L,Dairy,50.0,50.0,0,215
2024-10-15,Store_A,Milk_1L,Dairy,50.0,50.0,0,210
2024-10-16,Store_A,Milk_1L,Dairy,50.0,50.0,0,231
2024-10-17,Store_A,Milk_1L,Dairy,50.0,50.0,0,214
2024-10-18,Store_A,Milk_1L,Dairy,49.84,50.0,0,304
2024-10-19,Store_A,Milk_1L,Dairy,50.0,50.0,1,415
2024-10-20,Store_A,Milk_1L,Dairy,50.0,50.0,0,278
2024-10-21,Store_A,Milk_1L,Dairy,56.8,50.0,0,158
2024-10-22,Store_A,Milk_1L,Dairy,44.31,50.0,1,313
2024-10-23,Store_A,Milk_1L,Dairy,50.0,50.0,0,211
2024-10-24,Store_A,Milk_1L,Dairy,50.0,50.0,0,223
2024-10-25,Store_A,Milk_1L,Dairy,46.73,50.0,0,338
2024-10-26,Store_A,Milk_1L,Dairy,50.0,50.0,0,302
2024-10-27,Store_A,Milk_1L,Dairy,50.0,50.0,0,285
2024-10-28,Store_A,Milk_1L,Dairy,50.0,50.0,0,218
2024-10-29,Store_A,Milk_1L,Dairy,55.1,50.0,0,174
2024-10-30,Store_A,Milk_1L,Dairy,50.0,50.0,0,198
2024-10-31,Store_A,Milk_1L,Dairy,50.0,50.0,0,246
2024-11-01,Store_A,Milk_1L,Dairy,50.0,50.0,0,260
2024-11-02,Store_A,Milk_1L,Dairy,50.0,50.0,0,363
2024-11-03,Store_A,Milk_1L,Dairy,50.0,50.0,0,261
2024-11-04,Store_A,Milk_1L,Dairy,50.0,50.0,0,250
2024-11-05,Store_A,Milk_1L,Dairy,50.0,50.0,0,225
2024-11-06,Store_A,Milk_1L,Dairy,48.06,50.0,1,338
2024-11-07,Store_A,Milk_1L,Dairy,40.83,50.0,0,338
2024-11-08,Store_A,Milk_1L,Dairy,50.0,50.0,0,293
2024-11-09,Store_A,Milk_1L,Dairy,40.55,50.0,0,432
2024-11-10,Store_A,Milk_1L,Dairy,50.0,50.0,0,328
2024-11-11,Store_A,Milk_1L,Dairy,50.0,50.0,1,283
2024-11-12,Store_A,Milk_1L,Dairy,50.0,50.0,0,218
2024-11-13,Store_A,Milk_1L,Dairy,50.0,50.0,0,263
2024-11-14,Store_A,Milk_1L,Dairy,53.53,50.0,0,200
2024-11-15,Store_A,Milk_1L,Dairy,50.0,50.0,1,389
2024-11-16,Store_A,Milk_1L,Dairy,50.0,50.0,0,405
2024-11-17,Store_A,Milk_1L,Dairy,50.0,50.0,0,338
2024-11-18,Store_A,Milk_1L,Dairy,50.0,50.0,0,249
2024-11-19,Store_A,Milk_1L,Dairy,50.0,50.0,0,229
2024-11-20,Store_A,Milk_1L,Dairy,50.0,50.0,0,247
2024-11-21,Store_A,Milk_1L,Dairy,50.0,50.0,0,261
2024-11-22,Store_A,Milk_1L,Dairy,46.06,50.0,0,352
2024-11-23,Store_A,Milk_1L,Dairy,52.69,50.0,0,366
2024-11-24,Store_A,Milk_1L,Dairy,50.0,50.0,0,351
2024-11-25,Store_A,Milk_1L,Dairy,50.0,50.0,0,264
2024-11-26,Store_A,Milk_1L,Dairy,42.52,50.0,0,275
2024-11-27,Store_A,Milk_1L,Dairy,48.88,50.0,0,223
2024-11-28,Store_A,Milk_1L,Dairy,40.29,50.0,0,427
2024-11-29,Store_A,Milk_1L,Dairy,50.0,50.0,0,308
2024-11-30,Store_A,Milk_1L,Dairy,50.0,50.0,0,363
2024-12-01,Store_A,Milk_1L,Dairy,50.0,50.0,0,252
2024-12-02,Store_A,Milk_1L,Dairy,50.0,50.0,0,195
2024-12-03,Store_A,Milk_1L,Dairy,50.0,50.0,1,276
2024-12-04,Store_A,Milk_1L,Dairy,50.0,50.0,0,179
2024-12-05,Store_A,Milk_1L,Dairy,50.42,50.0,0,236
2024-12-06,Store_A,Milk_1L,Dairy,50.0,50.0,0,269
2024-12-07,Store_A,Milk_1L,Dairy,50.0,50.0,0,288
2024-12-08,Store_A,Milk_1L,Dairy,50.0,50.0,0,290
2024-12-09,Store_A,Milk_1L,Dairy,50.0,50.0,0,230
2024-12-10,Store_A,Milk_1L,Dairy,50.0,50.0,0,180
2024-12-11,Store_A,Milk_1L,Dairy,50.0,50.0,1,292
2024-12-12,Store_A,Milk_1L,Dairy,53.93,50.0,0,200
2024-12-13,Store_A,Milk_1L,Dairy,50.0,50.0,0,259
2024-12-14,Store_A,Milk_1L,Dairy,50.0,50.0,0,310
2024-12-15,Store_A,Milk_1L,Dairy,50.0,50.0,0,292
2024-12-16,Store_A,Milk_1L,Dairy,50.0,50.0,0,206
2024-12-17,Store_A,Milk_1L,Dairy,55.03,50.0,0,175
2024-12-18,Store_A,Milk_1L,Dairy,50.0,50.0,1,242
2024-12-19,Store_A,Milk_1L,Dairy,50.0,50.0,0,228
2024-12-20,Store_A,Milk_1L,Dairy,50.0,50.0,0,274
2024-12-21,Store_A,Milk_1L,Dairy,50.0,50.0,0,256
2024-12-22,Store_A,Milk_1L,Dairy,50.0,50.0,0,326
2024-12-23,Store_A,Milk_1L,Dairy,55.82,50.0,0,168
2024-12-24,Store_A,Milk_1L,Dairy,50.0,50.0,1,271
2024-12-25,Store_A,Milk_1L,Dairy,50.0,50.0,0,250
2024-12-26,Store_A,Milk_1L,Dairy,57.14,50.0,1,246
2024-12-27,Store_A,Milk_1L,Dairy,50.0,50.0,0,278
2024-12-28,Store_A,Milk_1L,Dairy,50.0,50.0,0,339
2024-12-29,Store_A,Milk_1L,Dairy,50.0,50.0,0,313
2024-12-30,Store_A,Milk_1L,Dairy,50.0,50.0,0,237
2024-12-31,Store_A,Milk_1L,Dairy,50.0,50.0,0,200
2025-01-01,Store_A,Milk_1L,Dairy,46.6,50.0,0,213
2025-01-02,Store_A,Milk_1L,Dairy,42.85,50.0,0,265
2025-01-03,Store_A,Milk_1L,Dairy,50.0,50.0,0,248
2025-01-04,Store_A,Milk_1L,Dairy,50.0,50.0,0,245
2025-01-05,Store_A,Milk_1L,Dairy,50.0,50.0,0,248
2025-01-06,Store_A,Milk_1L,Dairy,50.0,50.0,0,198
2025-01-07,Store_A,Milk_1L,Dairy,49.14,50.0,0,172
2025-01-08,Store_A,Milk_1L,Dairy,50.0,50.0,0,190
2025-01-09,Store_A,Milk_1L,Dairy,50.0,50.0,0,208
2025-01-10,Store_A,Milk_1L,Dairy,50.0,50.0,0,202
2025-01-11,Store_A,Milk_1L,Dairy,44.42,50.0,0,340
2025-01-12,Store_A,Milk_1L,Dairy,50.0,50.0,0,248
2025-01-13,Store_A,Milk_1L,Dairy,50.0,50.0,0,201
2025-01-14,Store_A,Milk_1L,Dairy,50.0,50.0,0,160
2025-01-15,Store_A,Milk_1L,Dairy,42.41,50.0,0,277
2025-01-16,Store_A,Milk_1L,Dairy,50.0,50.0,1,214
2025-01-17,Store_A,Milk_1L,Dairy,50.0,50.0,0,224
2025-01-18,Store_A,Milk_1L,Dairy,50.0,50.0,0,272
2025-01-19,Store_A,Milk_1L,Dairy,50.0,50.0,0,244
2025-01-20,Store_A,Milk_1L,Dairy,50.0,50.0,0,178
2025-01-21,Store_A,Milk_1L,Dairy,50.0,50.0,0,184
2025-01-22,Store_A,Milk_1L,Dairy,50.0,50.0,0,194
2025-01-23,Store_A,Milk_1L,Dairy,50.0,50.0,0,197
2025-01-24,Store_A,Milk_1L,Dairy,50.0,50.0,0,229
2025-01-25,Store_A,Milk_1L,Dairy,55.68,50.0,1,283
2025-01-26,Store_A,Milk_1L,Dairy,50.0,50.0,0,230
2025-01-27,Store_A,Milk_1L,Dairy,47.24,50.0,0,218
2025-01-28,Store_A,Milk_1L,Dairy,50.0,50.0,0,193
2025-01-29,Store_A,Milk_1L,Dairy,50.0,50.0,0,211
2025-01-30,Store_A,Milk_1L,Dairy,50.0,50.0,0,221
2025-01-31,Store_A,Milk_1L,Dairy,50.0,50.0,0,236
2025-02-01,Store_A,Milk_1L,Dairy,50.0,50.0,1,387
2025-02-02,Store_A,Milk_1L,Dairy,50.0,50.0,0,249
2025-02-03,Store_A,Milk_1L,Dairy,50.0,50.0,0,187
2025-02-04,Store_A,Milk_1L,Dairy,50.0,50.0,0,176
2025-02-05,Store_A,Milk_1L,Dairy,42.2,50.0,0,266
2025-02-06,Store_A,Milk_1L,Dairy,50.0,50.0,0,226
2025-02-07,Store_A,Milk_1L,Dairy,49.7,50.0,0,222
2025-02-08,Store_A,Milk_1L,Dairy,50.0,50.0,0,306
2025-02-09,Store_A,Milk_1L,Dairy,56.04,50.0,0,220
2025-02-10,Store_A,Milk_1L,Dairy,50.0,50.0,0,208
2025-02-11,Store_A,Milk_1L,Dairy,50.0,50.0,0,174
2025-02-12,Store_A,Milk_1L,Dairy,57.3,50.0,0,153
2025-02-13,Store_A,Milk_1L,Dairy,50.0,50.0,0,172
2025-02-14,Store_A,Milk_1L,Dairy,56.11,50.0,0,178
2025-02-15,Store_A,Milk_1L,Dairy,45.99,50.0,0,318
2025-02-16,Store_A,Milk_1L,Dairy,50.0,50.0,0,252
2025-02-17,Store_A,Milk_1L,Dairy,50.0,50.0,0,214
2025-02-18,Store_A,Milk_1L,Dairy,50.0,50.0,0,164
2025-02-19,Store_A,Milk_1L,Dairy,50.0,50.0,0,189
2025-02-20,Store_A,Milk_1L,Dairy,50.0,50.0,0,196
2025-02-21,Store_A,Milk_1L,Dairy,48.02,50.0,0,261
2025-02-22,Store_A,Milk_1L,Dairy,51.06,50.0,0,278
2025-02-23,Store_A,Milk_1L,Dairy,50.0,50.0,0,232
2025-02-24,Store_A,Milk_1L,Dairy,50.0,50.0,0,205
2025-02-25,Store_A,Milk_1L,Dairy,50.0,50.0,0,158
2025-02-26,Store_A,Milk_1L,Dairy,50.0,50.0,0,196
2025-02-27,Store_A,Milk_1L,Dairy,50.0,50.0,0,203
2025-02-28,Store_A,Milk_1L,Dairy,50.0,50.0,0,248
2025-03-01,Store_A,Milk_1L,Dairy,47.87,50.0,0,313
2025-03-02,Store_A,Milk_1L,Dairy,50.0,50.0,0,263
2025-03-03,Store_A,Milk_1L,Dairy,50.0,50.0,0,181
2025-03-04,Store_A,Milk_1L,Dairy,50.0,50.0,0,198
2025-03-05,Store_A,Milk_1L,Dairy,50.0,50.0,0,207
2025-03-06,Store_A,Milk_1L,Dairy,50.0,50.0,0,203
2025-03-07,Store_A,Milk_1L,Dairy,50.0,50.0,0,242
2025-03-08,Store_A,Milk_1L,Dairy,50.0,50.0,0,299
2025-03-09,Store_A,Milk_1L,Dairy,50.0,50.0,0,235
2025-03-10,Store_A,Milk_1L,Dairy,50.0,50.0,0,196
2025-03-11,Store_A,Milk_1L,Dairy,41.61,50.0,0,258
2025-03-12,Store_A,Milk_1L,Dairy,50.0,50.0,0,198
2025-03-13,Store_A,Milk_1L,Dairy,45.71,50.0,0,258
2025-03-14,Store_A,Milk_1L,Dairy,50.0,50.0,0,206
2025-03-15,Store_A,Milk_1L,Dairy,50.0,50.0,0,256
2025-03-16,Store_A,Milk_1L,Dairy,44.82,50.0,1,396
2025-03-17,Store_A,Milk_1L,Dairy,50.0,50.0,0,190
2025-03-18,Store_A,Milk_1L,Dairy,50.0,50.0,0,181
2025-03-19,Store_A,Milk_1L,Dairy,50.0,50.0,0,154
2025-03-20,Store_A,Milk_1L,Dairy,50.0,50.0,0,161
2025-03-21,Store_A,Milk_1L,Dairy,50.0,50.0,0,236
2025-03-22,Store_A,Milk_1L,Dairy,50.0,50.0,0,303
2025-03-23,Store_A,Milk_1L,Dairy,50.0,50.0,0,235
2025-03-24,Store_A,Milk_1L,Dairy,47.0,50.0,1,277
2025-03-25,Store_A,Milk_1L,Dairy,50.0,50.0,0,166
2025-03-26,Store_A,Milk_1L,Dairy,50.0,50.0,0,193
2025-03-27,Store_A,Milk_1L,Dairy,50.0,50.0,0,208
2025-03-28,Store_A,Milk_1L,Dairy,50.0,50.0,0,235
2025-03-29,Store_A,Milk_1L,Dairy,50.0,50.0,0,255
2025-03-30,Store_A,Milk_1L,Dairy,50.0,50.0,0,253
2025-03-31,Store_A,Milk_1L,Dairy,50.0,50.0,0,188
2025-04-01,Store_A,Milk_1L,Dairy,50.0,50.0,0,169
2025-04-02,Store_A,Milk_1L,Dairy,50.0,50.0,0,217
2025-04-03,Store_A,Milk_1L,Dairy,50.0,50.0,0,213
2025-04-04,Store_A,Milk_1L,Dairy,50.0,50.0,0,238
2025-04-05,Store_A,Milk_1L,Dairy,50.0,50.0,0,280
2025-04-06,Store_A,Milk_1L,Dairy,50.0,50.0,0,268
2025-04-07,Store_A,Milk_1L,Dairy,50.0,50.0,0,196
2025-04-08,Store_A,Milk_1L,Dairy,40.13,50.0,0,230
2025-04-09,Store_A,Milk_1L,Dairy,50.0,50.0,0,200
2025-04-10,Store_A,Milk_1L,Dairy,53.55,50.0,0,152
2025-04-11,Store_A,Milk_1L,Dairy,50.0,50.0,0,199
2025-04-12,Store_A,Milk_1L,Dairy,42.69,50.0,0,393
2025-04-13,Store_A,Milk_1L,Dairy,50.0,50.0,0,226
2025-04-14,Store_A,Milk_1L,Dairy,50.0,50.0,0,181
2025-04-15,Store_A,Milk_1L,Dairy,53.84,50.0,0,147
2025-04-16,Store_A,Milk_1L,Dairy,50.0,50.0,0,171
2025-04-17,Store_A,Milk_1L,Dairy,54.57,50.0,1,226
2025-04-18,Store_A,Milk_1L,Dairy,50.0,50.0,0,214
2025-04-19,Store_A,Milk_1L,Dairy,50.0,50.0,0,281
2025-04-20,Store_A,Milk_1L,Dairy,50.0,50.0,0,222
2025-04-21,Store_A,Milk_1L,Dairy,50.0,50.0,0,174
2025-04-22,Store_A,Milk_1L,Dairy,52.74,50.0,0,162
2025-04-23,Store_A,Milk_1L,Dairy,50.0,50.0,0,190
2025-04-24,Store_A,Milk_1L,Dairy,50.0,50.0,0,193
2025-04-25,Store_A,Milk_1L,Dairy,50.0,50.0,0,203
2025-04-26,Store_A,Milk_1L,Dairy,50.0,50.0,0,232
2025-04-27,Store_A,Milk_1L,Dairy,50.0,50.0,0,255
2025-04-28,Store_A,Milk_1L,Dairy,50.0,50.0,0,194
2025-04-29,Store_A,Milk_1L,Dairy,50.0,50.0,0,148
2025-04-30,Store_A,Milk_1L,Dairy,50.0,50.0,0,174
2025-05-01,Store_A,Milk_1L,Dairy,50.0,50.0,0,198
2025-05-02,Store_A,Milk_1L,Dairy,49.34,50.0,1,279
2025-05-03,Store_A,Milk_1L,Dairy,40.01,50.0,0,361
2025-05-04,Store_A,Milk_1L,Dairy,50.0,50.0,0,225
2025-05-05,Store_A,Milk_1L,Dairy,50.0,50.0,0,195
2025-05-06,Store_A,Milk_1L,Dairy,42.57,50.0,1,241
2025-05-07,Store_A,Milk_1L,Dairy,50.0,50.0,0,166
2025-05-08,Store_A,Milk_1L,Dairy,50.0,50.0,0,199
2025-05-09,Store_A,Milk_1L,Dairy,50.0,50.0,0,239
2025-05-10,Store_A,Milk_1L,Dairy,50.0,50.0,0,254
2025-05-11,Store_A,Milk_1L,Dairy,50.0,50.0,0,225
2025-05-12,Store_A,Milk_1L,Dairy,50.0,50.0,0,137
2025-05-13,Store_A,Milk_1L,Dairy,50.0,50.0,1,205
2025-05-14,Store_A,Milk_1L,Dairy,50.0,50.0,1,239
2025-05-15,Store_A,Milk_1L,Dairy,43.09,50.0,0,250
2025-05-16,Store_A,Milk_1L,Dairy,50.0,50.0,0,217
2025-05-17,Store_A,Milk_1L,Dairy,50.0,50.0,1,345
2025-05-18,Store_A,Milk_1L,Dairy,50.0,50.0,0,234
2025-05-19,Store_A,Milk_1L,Dairy,50.0,50.0,0,166
2025-05-20,Store_A,Milk_1L,Dairy,50.0,50.0,0,126
2025-05-21,Store_A,Milk_1L,Dairy,43.86,50.0,0,204
2025-05-22,Store_A,Milk_1L,Dairy,50.0,50.0,0,153
2025-05-23,Store_A,Milk_1L,Dairy,50.0,50.0,0,196
2025-05-24,Store_A,Milk_1L,Dairy,50.0,50.0,0,283
2025-05-25,Store_A,Milk_1L,Dairy,40.87,50.0,0,286
2025-05-26,Store_A,Milk_1L,Dairy,50.0,50.0,0,163
2025-05-27,Store_A,Milk_1L,Dairy,50.0,50.0,0,154
2025-05-28,Store_A,Milk_1L,Dairy,50.0,50.0,0,154
2025-05-29,Store_A,Milk_1L,Dairy,50.0,50.0,0,178
2025-05-30,Store_A,Milk_1L,Dairy,50.0,50.0,0,186
2025-05-31,Store_A,Milk_1L,Dairy,50.0,50.0,0,229
2025-06-01,Store_A,Milk_1L,Dairy,40.02,50.0,0,288
2025-06-02,Store_A,Milk_1L,Dairy,50.0,50.0,0,167
2025-06-03,Store_A,Milk_1L,Dairy,55.58,50.0,0,142
2025-06-04,Store_A,Milk_1L,Dairy,50.0,50.0,1,214
2025-06-05,Store_A,Milk_1L,Dairy,43.77,50.0,0,251
2025-06-06,Store_A,Milk_1L,Dairy,51.89,50.0,0,216
2025-06-07,Store_A,Milk_1L,Dairy,43.62,50.0,0,297
2025-06-08,Store_A,Milk_1L,Dairy,42.36,50.0,0,274
2025-06-09,Store_A,Milk_1L,Dairy,50.0,50.0,0,152
2025-06-10,Store_A,Milk_1L,Dairy,46.25,50.0,0,179
2025-06-11,Store_A,Milk_1L,Dairy,50.0,50.0,0,154
2025-06-12,Store_A,Milk_1L,Dairy,50.0,50.0,0,159
2025-06-13,Store_A,Milk_1L,Dairy,41.88,50.0,0,240
2025-06-14,Store_A,Milk_1L,Dairy,50.0,50.0,0,217
2025-06-15,Store_A,Milk_1L,Dairy,50.0,50.0,0,212
2025-06-16,Store_A,Milk_1L,Dairy,50.0,50.0,0,165
2025-06-17,Store_A,Milk_1L,Dairy,50.0,50.0,0,140
2025-06-18,Store_A,Milk_1L,Dairy,50.0,50.0,0,168
2025-06-19,Store_A,Milk_1L,Dairy,50.0,50.0,0,175
2025-06-20,Store_A,Milk_1L,Dairy,50.0,50.0,0,194
2025-06-21,Store_A,Milk_1L,Dairy,50.0,50.0,0,215
2025-06-22,Store_A,Milk_1L,Dairy,50.0,50.0,0,173
2025-06-23,Store_A,Milk_1L,Dairy,50.0,50.0,1,219
2025-06-24,Store_A,Milk_1L,Dairy,50.0,50.0,0,150
2025-06-25,Store_A,Milk_1L,Dairy,50.0,50.0,1,224
2025-06-26,Store_A,Milk_1L,Dairy,55.16,50.0,0,129
2025-06-27,Store_A,Milk_1L,Dairy,50.0,50.0,1,261
2025-06-28,Store_A,Milk_1L,Dairy,50.0,50.0,0,238
2025-06-29,Store_A,Milk_1L,Dairy,50.0,50.0,0,180
2025-06-30,Store_A,Milk_1L,Dairy,50.0,50.0,0,138
2025-07-01,Store_A,Milk_1L,Dairy,50.0,50.0,1,225
2025-07-02,Store_A,Milk_1L,Dairy,50.0,50.0,0,161
2025-07-03,Store_A,Milk_1L,Dairy,50.0,50.0,0,158
2025-07-04,Store_A,Milk_1L,Dairy,50.0,50.0,0,200
2025-07-05,Store_A,Milk_1L,Dairy,42.91,50.0,0,336
2025-07-06,Store_A,Milk_1L,Dairy,50.0,50.0,0,223
2025-07-07,Store_A,Milk_1L,Dairy,50.0,50.0,0,157
2025-07-08,Store_A,Milk_1L,Dairy,50.0,50.0,0,139
2025-07-09,Store_A,Milk_1L,Dairy,50.0,50.0,0,165
2025-07-10,Store_A,Milk_1L,Dairy,50.0,50.0,0,186
2025-07-11,Store_A,Milk_1L,Dairy,50.0,50.0,0,195
2025-07-12,Store_A,Milk_1L,Dairy,50.0,50.0,0,224
2025-07-13,Store_A,Milk_1L,Dairy,40.67,50.0,0,343
2025-07-14,Store_A,Milk_1L,Dairy,50.0,50.0,1,209
2025-07-15,Store_A,Milk_1L,Dairy,50.0,50.0,0,123
2025-07-16,Store_A,Milk_1L,Dairy,50.0,50.0,0,167
2025-07-17,Store_A,Milk_1L,Dairy,53.77,50.0,0,130
2025-07-18,Store_A,Milk_1L,Dairy,50.0,50.0,0,233
2025-07-19,Store_A,Milk_1L,Dairy,50.0,50.0,0,239
2025-07-20,Store_A,Milk_1L,Dairy,53.56,50.0,0,154
2025-07-21,Store_A,Milk_1L,Dairy,50.0,50.0,0,168
2025-07-22,Store_A,Milk_1L,Dairy,50.0,50.0,0,141
2025-07-23,Store_A,Milk_1L,Dairy,50.4,50.0,0,156
2025-07-24,Store_A,Milk_1L,Dairy,50.0,50.0,0,133
2025-07-25,Store_A,Milk_1L,Dairy,50.0,50.0,0,214
2025-07-26,Store_A,Milk_1L,Dairy,50.0,50.0,0,190
2025-07-27,Store_A,Milk_1L,Dairy,50.0,50.0,0,232
2025-07-28,Store_A,Milk_1L,Dairy,50.0,50.0,1,208
2025-07-29,Store_A,Milk_1L,Dairy,53.91,50.0,0,124
2025-07-30,Store_A,Milk_1L,Dairy,50.0,50.0,0,166
2025-07-31,Store_A,Milk_1L,Dairy,50.0,50.0,0,165
2025-08-01,Store_A,Milk_1L,Dairy,50.0,50.0,1,242
2025-08-02,Store_A,Milk_1L,Dairy,50.0,50.0,0,224
2025-08-03,Store_A,Milk_1L,Dairy,50.0,50.0,1,287
2025-08-04,Store_A,Milk_1L,Dairy,50.0,50.0,0,163
2025-08-05,Store_A,Milk_1L,Dairy,50.0,50.0,0,155
2025-08-06,Store_A,Milk_1L,Dairy,50.0,50.0,0,159
2025-08-07,Store_A,Milk_1L,Dairy,46.02,50.0,0,180
2025-08-08,Store_A,Milk_1L,Dairy,50.0,50.0,1,283
2025-08-09,Store_A,Milk_1L,Dairy,50.0,50.0,0,277
2025-08-10,Store_A,Milk_1L,Dairy,51.4,50.0,0,249
2025-08-11,Store_A,Milk_1L,Dairy,50.0,50.0,0,151
2025-08-12,Store_A,Milk_1L,Dairy,50.0,50.0,0,158
2025-08-13,Store_A,Milk_1L,Dairy,50.0,50.0,0,148
2025-08-14,Store_A,Milk_1L,Dairy,50.0,50.0,0,176
2025-08-15,Store_A,Milk_1L,Dairy,50.0,50.0,0,223
2025-08-16,Store_A,Milk_1L,Dairy,50.0,50.0,0,239
2025-08-17,Store_A,Milk_1L,Dairy,50.0,50.0,0,195
2025-08-18,Store_A,Milk_1L,Dairy,41.05,50.0,0,269
2025-08-19,Store_A,Milk_1L,Dairy,49.36,50.0,0,152
2025-08-20,Store_A,Milk_1L,Dairy,50.0,50.0,0,161
2025-08-21,Store_A,Milk_1L,Dairy,50.0,50.0,0,186
2025-08-22,Store_A,Milk_1L,Dairy,50.0,50.0,0,225
2025-08-23,Store_A,Milk_1L,Dairy,45.01,50.0,0,272
2025-08-24,Store_A,Milk_1L,Dairy,55.18,50.0,0,199
2025-08-25,Store_A,Milk_1L,Dairy,50.0,50.0,0,177
2025-08-26,Store_A,Milk_1L,Dairy,50.0,50.0,0,137
2025-08-27,Store_A,Milk_1L,Dairy,53.93,50.0,0,152
2025-08-28,Store_A,Milk_1L,Dairy,50.0,50.0,0,180
2025-08-29,Store_A,Milk_1L,Dairy,50.0,50.0,1,317
2025-08-30,Store_A,Milk_1L,Dairy,50.0,50.0,0,245
2025-08-31,Store_A,Milk_1L,Dairy,50.0,50.0,0,193
2025-09-01,Store_A,Milk_1L,Dairy,50.0,50.0,0,185
2025-09-02,Store_A,Milk_1L,Dairy,53.65,50.0,0,130
2025-09-03,Store_A,Milk_1L,Dairy,50.0,50.0,0,189
2025-09-04,Store_A,Milk_1L,Dairy,42.76,50.0,0,202
2025-09-05,Store_A,Milk_1L,Dairy,50.0,50.0,0,228
2025-09-06,Store_A,Milk_1L,Dairy,50.0,50.0,0,268
2025-09-07,Store_A,Milk_1L,Dairy,50.0,50.0,0,250
2025-09-08,Store_A,Milk_1L,Dairy,42.69,50.0,0,219
2025-09-09,Store_A,Milk_1L,Dairy,49.95,50.0,0,166
2025-09-10,Store_A,Milk_1L,Dairy,50.0,50.0,0,172
2025-09-11,Store_A,Milk_1L,Dairy,50.0,50.0,0,176
2025-09-12,Store_A,Milk_1L,Dairy,50.0,50.0,0,194
2025-09-13,Store_A,Milk_1L,Dairy,50.0,50.0,0,289
2025-09-14,Store_A,Milk_1L,Dairy,43.95,50.0,0,317
2025-09-15,Store_A,Milk_1L,Dairy,50.0,50.0,0,175
2025-09-16,Store_A,Milk_1L,Dairy,50.0,50.0,0,163
2025-09-17,Store_A,Milk_1L,Dairy,45.61,50.0,1,284
2025-09-18,Store_A,Milk_1L,Dairy,50.0,50.0,0,199
2025-09-19,Store_A,Milk_1L,Dairy,50.0,50.0,0,238
2025-09-20,Store_A,Milk_1L,Dairy,56.39,50.0,0,199
2025-09-21,Store_A,Milk_1L,Dairy,48.71,50.0,0,254
2025-09-22,Store_A,Milk_1L,Dairy,50.0,50.0,0,172
2025-09-23,Store_A,Milk_1L,Dairy,50.0,50.0,0,152
2025-09-24,Store_A,Milk_1L,Dairy,50.0,50.0,0,170
2025-09-25,Store_A,Milk_1L,Dairy,50.38,50.0,0,209
2025-09-26,Store_A,Milk_1L,Dairy,50.0,50.0,0,236
2025-09-27,Store_A,Milk_1L,Dairy,50.0,50.0,0,305
2025-09-28,Store_A,Milk_1L,Dairy,50.0,50.0,0,231
2025-09-29,Store_A,Milk_1L,Dairy,54.39,50.0,0,156
2025-09-30,Store_A,Milk_1L,Dairy,50.0,50.0,0,193
2025-10-01,Store_A,Milk_1L,Dairy,50.0,50.0,0,305
2025-10-02,Store_A,Milk_1L,Dairy,50.0,50.0,0,311
2025-10-03,Store_A,Milk_1L,Dairy,50.0,50.0,1,481
2025-10-04,Store_A,Milk_1L,Dairy,50.0,50.0,0,363
2025-10-05,Store_A,Milk_1L,Dairy,50.0,50.0,1,506
2025-10-06,Store_A,Milk_1L,Dairy,50.0,50.0,0,234
2025-10-07,Store_A,Milk_1L,Dairy,50.0,50.0,0,219
2025-10-08,Store_A,Milk_1L,Dairy,50.0,50.0,0,265
2025-10-09,Store_A,Milk_1L,Dairy,50.97,50.0,0,220
2025-10-10,Store_A,Milk_1L,Dairy,50.0,50.0,0,334
2025-10-11,Store_A,Milk_1L,Dairy,56.73,50.0,0,307
2025-10-12,Store_A,Milk_1L,Dairy,45.1,50.0,0,447
2025-10-13,Store_A,Milk_1L,Dairy,50.0,50.0,0,274
2025-10-14,Store_A,Milk_1L,Dairy,50.0,50.0,0,237
2025-10-15,Store_A,Milk_1L,Dairy,50.0,50.0,0,239
2025-10-16,Store_A,Milk_1L,Dairy,44.79,50.0,0,330
2025-10-17,Store_A,Milk_1L,Dairy,49.63,50.0,0,321
2025-10-18,Store_A,Milk_1L,Dairy,48.42,50.0,0,443
2025-10-19,Store_A,Milk_1L,Dairy,50.0,50.0,0,384
2025-10-20,Store_A,Milk_1L,Dairy,50.0,50.0,0,261
2025-10-21,Store_A,Milk_1L,Dairy,50.0,50.0,0,286
2025-10-22,Store_A,Milk_1L,Dairy,48.18,50.0,0,306
2025-10-23,Store_A,Milk_1L,Dairy,50.0,50.0,0,290
2025-10-24,Store_A,Milk_1L,Dairy,50.0,50.0,0,358
2025-10-25,Store_A,Milk_1L,Dairy,47.68,50.0,0,486
2025-10-26,Store_A,Milk_1L,Dairy,50.0,50.0,0,322
2025-10-27,Store_A,Milk_1L,Dairy,50.0,50.0,1,356
2025-10-28,Store_A,Milk_1L,Dairy,50.0,50.0,0,258
2025-10-29,Store_A,Milk_1L,Dairy,50.0,50.0,0,253
2025-10-30,Store_A,Milk_1L,Dairy,50.0,50.0,0,292
2025-10-31,Store_A,Milk_1L,Dairy,50.0,50.0,0,349
2025-11-01,Store_A,Milk_1L,Dairy,50.0,50.0,0,467
2025-11-02,Store_A,Milk_1L,Dairy,48.35,50.0,0,423
2025-11-03,Store_A,Milk_1L,Dairy,50.0,50.0,0,293
2025-11-04,Store_A,Milk_1L,Dairy,50.0,50.0,0,245
2025-11-05,Store_A,Milk_1L,Dairy,43.94,50.0,0,384
2025-11-06,Store_A,Milk_1L,Dairy,50.0,50.0,0,282
2025-11-07,Store_A,Milk_1L,Dairy,50.0,50.0,0,362
2025-11-08,Store_A,Milk_1L,Dairy,50.0,50.0,0,443
2025-11-09,Store_A,Milk_1L,Dairy,50.0,50.0,0,430
2025-11-10,Store_A,Milk_1L,Dairy,50.0,50.0,0,250
2025-11-11,Store_A,Milk_1L,Dairy,50.0,50.0,0,289
2025-11-12,Store_A,Milk_1L,Dairy,43.42,50.0,0,356
2025-11-13,Store_A,Milk_1L,Dairy,50.0,50.0,0,302
2025-11-14,Store_A,Milk_1L,Dairy,50.0,50.0,0,358
2025-11-15,Store_A,Milk_1L,Dairy,43.07,50.0,0,618
2025-11-16,Store_A,Milk_1L,Dairy,50.0,50.0,0,383
2025-11-17,Store_A,Milk_1L,Dairy,51.86,50.0,0,253
2025-11-18,Store_A,Milk_1L,Dairy,50.0,50.0,0,268
2025-11-19,Store_A,Milk_1L,Dairy,50.0,50.0,0,303
2025-11-20,Store_A,Milk_1L,Dairy,50.0,50.0,0,277
2025-11-21,Store_A,Milk_1L,Dairy,50.0,50.0,0,378
2025-11-22,Store_A,Milk_1L,Dairy,50.0,50.0,0,452
2025-11-23,Store_A,Milk_1L,Dairy,50.0,50.0,0,363
2025-11-24,Store_A,Milk_1L,Dairy,50.0,50.0,0,250
2025-11-25,Store_A,Milk_1L,Dairy,43.64,50.0,0,363
2025-11-26,Store_A,Milk_1L,Dairy,50.0,50.0,1,389
2025-11-27,Store_A,Milk_1L,Dairy,50.0,50.0,0,281
2025-11-28,Store_A,Milk_1L,Dairy,50.0,50.0,0,421
2025-11-29,Store_A,Milk_1L,Dairy,47.18,50.0,0,455
2025-11-30,Store_A,Milk_1L,Dairy,50.0,50.0,1,547
2025-12-01,Store_A,Milk_1L,Dairy,50.0,50.0,0,273
2025-12-02,Store_A,Milk_1L,Dairy,50.0,50.0,0,257
2025-12-03,Store_A,Milk_1L,Dairy,50.0,50.0,1,404
2025-12-04,Store_A,Milk_1L,Dairy,50.0,50.0,0,280
2025-12-05,Store_A,Milk_1L,Dairy,48.19,50.0,0,323
2025-12-06,Store_A,Milk_1L,Dairy,48.12,50.0,0,448
2025-12-07,Store_A,Milk_1L,Dairy,50.0,50.0,0,352
2025-12-08,Store_A,Milk_1L,Dairy,50.0,50.0,0,275
2025-12-09,Store_A,Milk_1L,Dairy,50.0,50.0,0,254
2025-12-10,Store_A,Milk_1L,Dairy,56.52,50.0,1,305
2025-12-11,Store_A,Milk_1L,Dairy,50.0,50.0,0,245
2025-12-12,Store_A,Milk_1L,Dairy,50.0,50.0,1,440
2025-12-13,Store_A,Milk_1L,Dairy,51.19,50.0,0,415
2025-12-14,Store_A,Milk_1L,Dairy,50.0,50.0,0,369
2025-12-15,Store_A,Milk_1L,Dairy,50.0,50.0,0,222
2025-12-16,Store_A,Milk_1L,Dairy,50.0,50.0,0,266
2025-12-17,Store_A,Milk_1L,Dairy,50.0,50.0,0,247
2025-12-18,Store_A,Milk_1L,Dairy,50.0,50.0,0,293
2025-12-19,Store_A,Milk_1L,Dairy,53.66,50.0,0,336
2025-12-20,Store_A,Milk_1L,Dairy,50.0,50.0,0,446
2025-12-21,Store_A,Milk_1L,Dairy,50.0,50.0,0,362
2025-12-22,Store_A,Milk_1L,Dairy,50.0,50.0,0,288
2025-12-23,Store_A,Milk_1L,Dairy,50.0,50.0,0,252
2025-12-24,Store_A,Milk_1L,Dairy,44.17,50.0,0,348
2025-12-25,Store_A,Milk_1L,Dairy,50.0,50.0,0,321
2025-12-26,Store_A,Milk_1L,Dairy,50.0,50.0,0,336
2025-12-27,Store_A,Milk_1L,Dairy,50.0,50.0,0,461
2025-12-28,Store_A,Milk_1L,Dairy,50.0,50.0,0,361
2025-12-29,Store_A,Milk_1L,Dairy,50.0,50.0,0,245
2025-12-30,Store_A,Milk_1L,Dairy,50.0,50.0,0,227
2024-01-01,Store_A,Rice_5kg,Staples,60.0,60.0,0,94
2024-01-02,Store_A,Rice_5kg,Staples,60.0,60.0,0,85
2024-01-03,Store_A,Rice_5kg,Staples,52.45,60.0,0,119
2024-01-04,Store_A,Rice_5kg,Staples,49.5,60.0,0,144
2024-01-05,Store_A,Rice_5kg,Staples,50.78,60.0,0,136
2024-01-06,Store_A,Rice_5kg,Staples,60.0,60.0,0,142
2024-01-07,Store_A,Rice_5kg,Staples,60.0,60.0,0,125
2024-01-08,Store_A,Rice_5kg,Staples,60.0,60.0,0,93
2024-01-09,Store_A,Rice_5kg,Staples,60.0,60.0,0,86
2024-01-10,Store_A,Rice_5kg,Staples,60.0,60.0,0,84
2024-01-11,Store_A,Rice_5kg,Staples,64.73,60.0,0,92
2024-01-12,Store_A,Rice_5kg,Staples,53.17,60.0,0,146
2024-01-13,Store_A,Rice_5kg,Staples,60.0,60.0,0,150
2024-01-14,Store_A,Rice_5kg,Staples,60.0,60.0,0,121
2024-01-15,Store_A,Rice_5kg,Staples,60.0,60.0,0,92
2024-01-16,Store_A,Rice_5kg,Staples,60.0,60.0,0,85
2024-01-17,Store_A,Rice_5kg,Staples,60.0,60.0,0,91
2024-01-18,Store_A,Rice_5kg,Staples,60.0,60.0,1,148
2024-01-19,Store_A,Rice_5kg,Staples,60.0,60.0,0,139
2024-01-20,Store_A,Rice_5kg,Staples,60.0,60.0,0,132
2024-01-21,Store_A,Rice_5kg,Staples,62.56,60.0,0,114
2024-01-22,Store_A,Rice_5kg,Staples,60.0,60.0,0,88
2024-01-23,Store_A,Rice_5kg,Staples,60.0,60.0,0,90
2024-01-24,Store_A,Rice_5kg,Staples,52.67,60.0,0,104
2024-01-25,Store_A,Rice_5kg,Staples,60.0,60.0,0,98
2024-01-26,Store_A,Rice_5kg,Staples,60.0,60.0,0,110
2024-01-27,Store_A,Rice_5kg,Staples,60.0,60.0,0,158
2024-01-28,Store_A,Rice_5kg,Staples,60.0,60.0,0,115
2024-01-29,Store_A,Rice_5kg,Staples,60.0,60.0,0,88
2024-01-30,Store_A,Rice_5kg,Staples,60.0,60.0,0,97
2024-01-31,Store_A,Rice_5kg,Staples,60.0,60.0,0,78
2024-02-01,Store_A,Rice_5kg,Staples,60.0,60.0,0,108
2024-02-02,Store_A,Rice_5kg,Staples,60.0,60.0,0,135
2024-02-03,Store_A,Rice_5kg,Staples,60.0,60.0,0,149
2024-02-04,Store_A,Rice_5kg,Staples,60.0,60.0,0,112
2024-02-05,Store_A,Rice_5kg,Staples,57.07,60.0,0,100
2024-02-06,Store_A,Rice_5kg,Staples,60.0,60.0,0,89
2024-02-07,Store_A,Rice_5kg,Staples,60.0,60.0,0,96
2024-02-08,Store_A,Rice_5kg,Staples,60.0,60.0,0,99
2024-02-09,Store_A,Rice_5kg,Staples,60.0,60.0,0,128
2024-02-10,Store_A,Rice_5kg,Staples,60.0,60.0,1,190
2024-02-11,Store_A,Rice_5kg,Staples,60.0,60.0,0,110
2024-02-12,Store_A,Rice_5kg,Staples,60.0,60.0,0,97
2024-02-13,Store_A,Rice_5kg,Staples,60.0,60.0,0,99
2024-02-14,Store_A,Rice_5kg,Staples,60.0,60.0,0,82
2024-02-15,Store_A,Rice_5kg,Staples,60.0,60.0,0,102
2024-02-16,Store_A,Rice_5kg,Staples,60.0,60.0,0,120
2024-02-17,Store_A,Rice_5kg,Staples,60.0,60.0,0,157
2024-02-18,Store_A,Rice_5kg,Staples,60.0,60.0,1,171
2024-02-19,Store_A,Rice_5kg,Staples,60.0,60.0,0,103
2024-02-20,Store_A,Rice_5kg,Staples,60.0,60.0,0,96
2024-02-21,Store_A,Rice_5kg,Staples,60.0,60.0,0,102
2024-02-22,Store_A,Rice_5kg,Staples,60.0,60.0,0,115
2024-02-23,Store_A,Rice_5kg,Staples,60.0,60.0,0,122
2024-02-24,Store_A,Rice_5kg,Staples,60.0,60.0,0,146
2024-02-25,Store_A,Rice_5kg,Staples,60.0,60.0,0,134
2024-02-26,Store_A,Rice_5kg,Staples,60.0,60.0,0,98
2024-02-27,Store_A,Rice_5kg,Staples,60.0,60.0,0,90
2024-02-28,Store_A,Rice_5kg,Staples,60.0,60.0,0,90
2024-02-29,Store_A,Rice_5kg,Staples,60.0,60.0,0,102
2024-03-01,Store_A,Rice_5kg,Staples,65.86,60.0,0,99
2024-03-02,Store_A,Rice_5kg,Staples,60.0,60.0,0,145
2024-03-03,Store_A,Rice_5kg,Staples,60.0,60.0,0,125
2024-03-04,Store_A,Rice_5kg,Staples,60.0,60.0,0,92
2024-03-05,Store_A,Rice_5kg,Staples,60.0,60.0,1,120
2024-03-06,Store_A,Rice_5kg,Staples,49.15,60.0,0,116
2024-03-07,Store_A,Rice_5kg,Staples,65.82,60.0,0,94
2024-03-08,Store_A,Rice_5kg,Staples,60.0,60.0,1,175
2024-03-09,Store_A,Rice_5kg,Staples,60.0,60.0,0,161
2024-03-10,Store_A,Rice_5kg,Staples,60.0,60.0,0,131
2024-03-11,Store_A,Rice_5kg,Staples,51.75,60.0,0,121
2024-03-12,Store_A,Rice_5kg,Staples,60.0,60.0,0,92
2024-03-13,Store_A,Rice_5kg,Staples,60.0,60.0,0,92
2024-03-14,Store_A,Rice_5kg,Staples,60.0,60.0,0,91
2024-03-15,Store_A,Rice_5kg,Staples,60.0,60.0,0,104
2024-03-16,Store_A,Rice_5kg,Staples,60.0,60.0,0,164
2024-03-17,Store_A,Rice_5kg,Staples,60.0,60.0,0,111
2024-03-18,Store_A,Rice_5kg,Staples,55.4,60.0,0,101
2024-03-19,Store_A,Rice_5kg,Staples,57.22,60.0,0,97
2024-03-20,Store_A,Rice_5kg,Staples,60.0,60.0,0,97
2024-03-21,Store_A,Rice_5kg,Staples,60.0,60.0,0,105
2024-03-22,Store_A,Rice_5kg,Staples,57.98,60.0,0,115
2024-03-23,Store_A,Rice_5kg,Staples,60.0,60.0,0,139
2024-03-24,Store_A,Rice_5kg,Staples,60.0,60.0,0,111
2024-03-25,Store_A,Rice_5kg,Staples,60.0,60.0,0,91
2024-03-26,Store_A,Rice_5kg,Staples,60.0,60.0,0,85
2024-03-27,Store_A,Rice_5kg,Staples,60.0,60.0,0,99
2024-03-28,Store_A,Rice_5kg,Staples,67.42,60.0,0,78
2024-03-29,Store_A,Rice_5kg,Staples,64.02,60.0,0,107
2024-03-30,Store_A,Rice_5kg,Staples,60.0,60.0,0,132
2024-03-31,Store_A,Rice_5kg,Staples,60.0,60.0,0,131
2024-04-01,Store_A,Rice_5kg,Staples,60.0,60.0,0,103
2024-04-02,Store_A,Rice_5kg,Staples,60.0,60.0,0,84
2024-04-03,Store_A,Rice_5kg,Staples,60.0,60.0,0,91
2024-04-04,Store_A,Rice_5kg,Staples,60.0,60.0,1,121
2024-04-05,Store_A,Rice_5kg,Staples,60.0,60.0,0,101
2024-04-06,Store_A,Rice_5kg,Staples,60.0,60.0,0,139
2024-04-07,Store_A,Rice_5kg,Staples,60.0,60.0,0,118
2024-04-08,Store_A,Rice_5kg,Staples,60.0,60.0,0,99
2024-04-09,Store_A,Rice_5kg,Staples,52.61,60.0,0,99
2024-04-10,Store_A,Rice_5kg,Staples,60.0,60.0,0,102
2024-04-11,Store_A,Rice_5kg,Staples,60.0,60.0,0,110
2024-04-12,Store_A,Rice_5kg,Staples,60.0,60.0,0,107
2024-04-13,Store_A,Rice_5kg,Staples,60.0,60.0,0,129
2024-04-14,Store_A,Rice_5kg,Staples,60.0,60.0,0,123
2024-04-15,Store_A,Rice_5kg,Staples,60.0,60.0,1,102
2024-04-16,Store_A,Rice_5kg,Staples,49.86,60.0,0,102
2024-04-17,Store_A,Rice_5kg,Staples,60.0,60.0,0,85
2024-04-18,Store_A,Rice_5kg,Staples,60.0,60.0,0,97
2024-04-19,Store_A,Rice_5kg,Staples,60.0,60.0,0,100
2024-04-20,Store_A,Rice_5kg,Staples,60.0,60.0,0,139
2024-04-21,Store_A,Rice_5kg,Staples,60.0,60.0,0,130
2024-04-22,Store_A,Rice_5kg,Staples,60.0,60.0,0,89
2024-04-23,Store_A,Rice_5kg,Staples,66.59,60.0,0,72
2024-04-24,Store_A,Rice_5kg,Staples,51.21,60.0,0,103
2024-04-25,Store_A,Rice_5kg,Staples,54.02,60.0,0,107
2024-04-26,Store_A,Rice_5kg,Staples,60.0,60.0,0,122
2024-04-27,Store_A,Rice_5kg,Staples,60.0,60.0,0,132
2024-04-28,Store_A,Rice_5kg,Staples,60.9,60.0,0,105
2024-04-29,Store_A,Rice_5kg,Staples,60.0,60.0,0,76
2024-04-30,Store_A,Rice_5kg,Staples,53.21,60.0,0,101
2024-05-01,Store_A,Rice_5kg,Staples,60.0,60.0,0,85
2024-05-02,Store_A,Rice_5kg,Staples,60.0,60.0,0,92
2024-05-03,Store_A,Rice_5kg,Staples,60.0,60.0,0,111
2024-05-04,Store_A,Rice_5kg,Staples,60.0,60.0,0,125
2024-05-05,Store_A,Rice_5kg,Staples,60.0,60.0,0,105
2024-05-06,Store_A,Rice_5kg,Staples,60.0,60.0,0,92
2024-05-07,Store_A,Rice_5kg,Staples,60.63,60.0,0,83
2024-05-08,Store_A,Rice_5kg,Staples,60.0,60.0,0,90
2024-05-09,Store_A,Rice_5kg,Staples,60.0,60.0,0,89
2024-05-10,Store_A,Rice_5kg,Staples,60.0,60.0,0,108
2024-05-11,Store_A,Rice_5kg,Staples,60.0,60.0,0,136
2024-05-12,Store_A,Rice_5kg,Staples,55.06,60.0,0,141
2024-05-13,Store_A,Rice_5kg,Staples,57.5,60.0,0,101
2024-05-14,Store_A,Rice_5kg,Staples,60.0,60.0,0,74
2024-05-15,Store_A,Rice_5kg,Staples,60.0,60.0,0,92
2024-05-16,Store_A,Rice_5kg,Staples,49.09,60.0,0,132
2024-05-17,Store_A,Rice_5kg,Staples,60.0,60.0,0,111
2024-05-18,Store_A,Rice_5kg,Staples,56.9,60.0,0,144
2024-05-19,Store_A,Rice_5kg,Staples,60.0,60.0,0,108
2024-05-20,Store_A,Rice_5kg,Staples,60.0,60.0,0,86
2024-05-21,Store_A,Rice_5kg,Staples,60.0,60.0,0,72
2024-05-22,Store_A,Rice_5kg,Staples,60.0,60.0,0,68
2024-05-23,Store_A,Rice_5kg,Staples,60.0,60.0,0,87
2024-05-24,Store_A,Rice_5kg,Staples,60.0,60.0,0,105
2024-05-25,Store_A,Rice_5kg,Staples,60.0,60.0,0,125
2024-05-26,Store_A,Rice_5kg,Staples,60.0,60.0,1,163
2024-05-27,Store_A,Rice_5kg,Staples,60.0,60.0,0,92
2024-05-28,Store_A,Rice_5kg,Staples,60.0,60.0,0,83
2024-05-29,Store_A,Rice_5kg,Staples,60.0,60.0,0,90
2024-05-30,Store_A,Rice_5kg,Staples,60.0,60.0,0,84
2024-05-31,Store_A,Rice_5kg,Staples,60.0,60.0,0,100
2024-06-01,Store_A,Rice_5kg,Staples,60.0,60.0,1,179
2024-06-02,Store_A,Rice_5kg,Staples,60.0,60.0,0,103
2024-06-03,Store_A,Rice_5kg,Staples,58.39,60.0,0,96
2024-06-04,Store_A,Rice_5kg,Staples,60.0,60.0,0,82
2024-06-05,Store_A,Rice_5kg,Staples,60.0,60.0,0,81
2024-06-06,Store_A,Rice_5kg,Staples,60.0,60.0,1,114
2024-06-07,Store_A,Rice_5kg,Staples,60.0,60.0,0,95
2024-06-08,Store_A,Rice_5kg,Staples,60.0,60.0,0,129
2024-06-09,Store_A,Rice_5kg,Staples,60.0,60.0,0,109
2024-06-10,Store_A,Rice_5kg,Staples,60.88,60.0,0,82
2024-06-11,Store_A,Rice_5kg,Staples,60.0,60.0,0,78
2024-06-12,Store_A,Rice_5kg,Staples,50.27,60.0,0,87
2024-06-13,Store_A,Rice_5kg,Staples,60.0,60.0,0,89
2024-06-14,Store_A,Rice_5kg,Staples,55.95,60.0,0,117
2024-06-15,Store_A,Rice_5kg,Staples,60.0,60.0,1,157
2024-06-16,Store_A,Rice_5kg,Staples,48.53,60.0,0,130
2024-06-17,Store_A,Rice_5kg,Staples,60.0,60.0,0,90
2024-06-18,Store_A,Rice_5kg,Staples,60.0,60.0,0,78
2024-06-19,Store_A,Rice_5kg,Staples,60.0,60.0,0,79
2024-06-20,Store_A,Rice_5kg,Staples,60.0,60.0,0,89
2024-06-21,Store_A,Rice_5kg,Staples,60.0,60.0,0,107
2024-06-22,Store_A,Rice_5kg,Staples,60.0,60.0,0,126
2024-06-23,Store_A,Rice_5kg,Staples,60.0,60.0,0,118
2024-06-24,Store_A,Rice_5kg,Staples,60.0,60.0,1,96
2024-06-25,Store_A,Rice_5kg,Staples,60.0,60.0,0,80
2024-06-26,Store_A,Rice_5kg,Staples,61.78,60.0,0,85
2024-06-27,Store_A,Rice_5kg,Staples,60.0,60.0,0,84
2024-06-28,Store_A,Rice_5kg,Staples,60.0,60.0,0,97
2024-06-29,Store_A,Rice_5kg,Staples,53.79,60.0,0,146
2024-06-30,Store_A,Rice_5kg,Staples,57.41,60.0,0,118
2024-07-01,Store_A,Rice_5kg,Staples,60.0,60.0,0,81
2024-07-02,Store_A,Rice_5kg,Staples,60.0,60.0,0,79
2024-07-03,Store_A,Rice_5kg,Staples,60.0,60.0,0,88
2024-07-04,Store_A,Rice_5kg,Staples,60.0,60.0,0,88
2024-07-05,Store_A,Rice_5kg,Staples,60.0,60.0,0,106
2024-07-06,Store_A,Rice_5kg,Staples,60.0,60.0,0,126
2024-07-07,Store_A,Rice_5kg,Staples,60.0,60.0,0,106
2024-07-08,Store_A,Rice_5kg,Staples,60.0,60.0,0,90
2024-07-09,Store_A,Rice_5kg,Staples,60.0,60.0,0,93
2024-07-10,Store_A,Rice_5kg,Staples,60.0,60.0,0,85
2024-07-11,Store_A,Rice_5kg,Staples,60.0,60.0,0,85
2024-07-12,Store_A,Rice_5kg,Staples,60.0,60.0,0,113
2024-07-13,Store_A,Rice_5kg,Staples,60.0,60.0,0,137
2024-07-14,Store_A,Rice_5kg,Staples,60.0,60.0,0,107
2024-07-15,Store_A,Rice_5kg,Staples,59.84,60.0,1,106
2024-07-16,Store_A,Rice_5kg,Staples,60.55,60.0,0,83
2024-07-17,Store_A,Rice_5kg,Staples,58.76,60.0,0,85
2024-07-18,Store_A,Rice_5kg,Staples,60.0,60.0,0,82
2024-07-19,Store_A,Rice_5kg,Staples,60.0,60.0,0,108
2024-07-20,Store_A,Rice_5kg,Staples,54.79,60.0,0,130
2024-07-21,Store_A,Rice_5kg,Staples,60.0,60.0,0,104
2024-07-22,Store_A,Rice_5kg,Staples,50.19,60.0,0,114
2024-07-23,Store_A,Rice_5kg,Staples,60.0,60.0,0,82
2024-07-24,Store_A,Rice_5kg,Staples,50.39,60.0,0,89
2024-07-25,Store_A,Rice_5kg,Staples,60.0,60.0,0,84
2024-07-26,Store_A,Rice_5kg,Staples,60.0,60.0,0,98
2024-07-27,Store_A,Rice_5kg,Staples,60.0,60.0,1,153
2024-07-28,Store_A,Rice_5kg,Staples,60.0,60.0,0,112
2024-07-29,Store_A,Rice_5kg,Staples,60.0,60.0,0,87
2024-07-30,Store_A,Rice_5kg,Staples,61.73,60.0,1,121
2024-07-31,Store_A,Rice_5kg,Staples,60.0,60.0,0,71
2024-08-01,Store_A,Rice_5kg,Staples,60.0,60.0,0,76
2024-08-02,Store_A,Rice_5kg,Staples,60.0,60.0,0,107
2024-08-03,Store_A,Rice_5kg,Staples,60.0,60.0,0,147
2024-08-04,Store_A,Rice_5kg,Staples,60.0,60.0,0,119
2024-08-05,Store_A,Rice_5kg,Staples,55.75,60.0,0,93
2024-08-06,Store_A,Rice_5kg,Staples,60.0,60.0,0,68
2024-08-07,Store_A,Rice_5kg,Staples,60.0,60.0,0,85
2024-08-08,Store_A,Rice_5kg,Staples,60.0,60.0,0,84
2024-08-09,Store_A,Rice_5kg,Staples,60.0,60.0,0,107
2024-08-10,Store_A,Rice_5kg,Staples,60.0,60.0,0,134
2024-08-11,Store_A,Rice_5kg,Staples,60.0,60.0,0,111
2024-08-12,Store_A,Rice_5kg,Staples,60.0,60.0,0,89
2024-08-13,Store_A,Rice_5kg,Staples,57.01,60.0,0,92
2024-08-14,Store_A,Rice_5kg,Staples,60.0,60.0,0,95
2024-08-15,Store_A,Rice_5kg,Staples,59.8,60.0,0,91
2024-08-16,Store_A,Rice_5kg,Staples,60.0,60.0,0,109
2024-08-17,Store_A,Rice_5kg,Staples,60.0,60.0,0,114
2024-08-18,Store_A,Rice_5kg,Staples,60.0,60.0,1,146
2024-08-19,Store_A,Rice_5kg,Staples,60.0,60.0,0,81
2024-08-20,Store_A,Rice_5kg,Staples,60.0,60.0,0,84
2024-08-21,Store_A,Rice_5kg,Staples,60.0,60.0,0,91
2024-08-22,Store_A,Rice_5kg,Staples,60.0,60.0,0,94
2024-08-23,Store_A,Rice_5kg,Staples,60.0,60.0,0,102
2024-08-24,Store_A,Rice_5kg,Staples,60.0,60.0,0,148
2024-08-25,Store_A,Rice_5kg,Staples,60.0,60.0,0,108
2024-08-26,Store_A,Rice_5kg,Staples,60.0,60.0,1,118
2024-08-27,Store_A,Rice_5kg,Staples,54.14,60.0,1,140
2024-08-28,Store_A,Rice_5kg,Staples,60.0,60.0,0,79
2024-08-29,Store_A,Rice_5kg,Staples,60.0,60.0,1,132
2024-08-30,Store_A,Rice_5kg,Staples,63.3,60.0,0,100
2024-08-31,Store_A,Rice_5kg,Staples,63.32,60.0,0,115
2024-09-01,Store_A,Rice_5kg,Staples,60.0,60.0,0,126
2024-09-02,Store_A,Rice_5kg,Staples,60.0,60.0,0,97
2024-09-03,Store_A,Rice_5kg,Staples,60.0,60.0,0,87
2024-09-04,Store_A,Rice_5kg,Staples,60.0,60.0,0,98
2024-09-05,Store_A,Rice_5kg,Staples,60.0,60.0,0,77
2024-09-06,Store_A,Rice_5kg,Staples,56.08,60.0,0,124
2024-09-07,Store_A,Rice_5kg,Staples,60.0,60.0,0,145
2024-09-08,Store_A,Rice_5kg,Staples,64.05,60.0,0,96
2024-09-09,Store_A,Rice_5kg,Staples,60.0,60.0,0,95
2024-09-10,Store_A,Rice_5kg,Staples,56.47,60.0,1,135
2024-09-11,Store_A,Rice_5kg,Staples,60.0,60.0,0,70
2024-09-12,Store_A,Rice_5kg,Staples,60.0,60.0,0,112
2024-09-13,Store_A,Rice_5kg,Staples,60.0,60.0,0,100
2024-09-14,Store_A,Rice_5kg,Staples,60.0,60.0,0,140
2024-09-15,Store_A,Rice_5kg,Staples,60.0,60.0,0,127
2024-09-16,Store_A,Rice_5kg,Staples,60.0,60.0,0,96
2024-09-17,Store_A,Rice_5kg,Staples,60.0,60.0,0,105
2024-09-18,Store_A,Rice_5kg,Staples,60.0,60.0,0,82
2024-09-19,Store_A,Rice_5kg,Staples,49.45,60.0,0,138
2024-09-20,Store_A,Rice_5kg,Staples,60.0,60.0,0,132
2024-09-21,Store_A,Rice_5kg,Staples,66.11,60.0,0,119
2024-09-22,Store_A,Rice_5kg,Staples,48.5,60.0,1,213
2024-09-23,Store_A,Rice_5kg,Staples,60.0,60.0,1,101
2024-09-24,Store_A,Rice_5kg,Staples,60.0,60.0,0,93
2024-09-25,Store_A,Rice_5kg,Staples,60.0,60.0,0,111
2024-09-26,Store_A,Rice_5kg,Staples,60.0,60.0,0,112
2024-09-27,Store_A,Rice_5kg,Staples,65.44,60.0,0,114
2024-09-28,Store_A,Rice_5kg,Staples,60.0,60.0,0,146
2024-09-29,Store_A,Rice_5kg,Staples,60.0,60.0,0,134
2024-09-30,Store_A,Rice_5kg,Staples,60.0,60.0,0,101
2024-10-01,Store_A,Rice_5kg,Staples,60.0,60.0,0,127
2024-10-02,Store_A,Rice_5kg,Staples,60.0,60.0,0,152
2024-10-03,Store_A,Rice_5kg,Staples,60.0,60.0,0,146
2024-10-04,Store_A,Rice_5kg,Staples,60.0,60.0,0,185
2024-10-05,Store_A,Rice_5kg,Staples,60.0,60.0,0,234
2024-10-06,Store_A,Rice_5kg,Staples,62.57,60.0,0,164
2024-10-07,Store_A,Rice_5kg,Staples,60.0,60.0,0,143
2024-10-08,Store_A,Rice_5kg,Staples,48.99,60.0,0,171
2024-10-09,Store_A,Rice_5kg,Staples,60.0,60.0,0,151
2024-10-10,Store_A,Rice_5kg,Staples,60.0,60.0,0,160
2024-10-11,Store_A,Rice_5kg,Staples,60.0,60.0,1,241
2024-10-12,Store_A,Rice_5kg,Staples,60.0,60.0,0,211
2024-10-13,Store_A,Rice_5kg,Staples,60.0,60.0,0,176
2024-10-14,Store_A,Rice_5kg,Staples,60.0,60.0,0,136
2024-10-15,Store_A,Rice_5kg,Staples,59.66,60.0,0,144
2024-10-16,Store_A,Rice_5kg,Staples,60.0,60.0,0,144
2024-10-17,Store_A,Rice_5kg,Staples,60.0,60.0,0,139
2024-10-18,Store_A,Rice_5kg,Staples,60.0,60.0,0,188
2024-10-19,Store_A,Rice_5kg,Staples,60.0,60.0,0,240
2024-10-20,Store_A,Rice_5kg,Staples,60.0,60.0,0,220
2024-10-21,Store_A,Rice_5kg,Staples,60.0,60.0,0,143
2024-10-22,Store_A,Rice_5kg,Staples,60.0,60.0,0,168
2024-10-23,Store_A,Rice_5kg,Staples,52.97,60.0,0,167
2024-10-24,Store_A,Rice_5kg,Staples,67.56,60.0,0,124
2024-10-25,Store_A,Rice_5kg,Staples,64.07,60.0,0,198
2024-10-26,Store_A,Rice_5kg,Staples,60.0,60.0,0,180
2024-10-27,Store_A,Rice_5kg,Staples,62.53,60.0,0,191
2024-10-28,Store_A,Rice_5kg,Staples,60.0,60.0,0,147
2024-10-29,Store_A,Rice_5kg,Staples,60.0,60.0,0,125
2024-10-30,Store_A,Rice_5kg,Staples,60.0,60.0,0,160
2024-10-31,Store_A,Rice_5kg,Staples,60.0,60.0,0,140
2024-11-01,Store_A,Rice_5kg,Staples,60.0,60.0,0,212
2024-11-02,Store_A,Rice_5kg,Staples,60.0,60.0,0,193
2024-11-03,Store_A,Rice_5kg,Staples,52.25,60.0,0,247
2024-11-04,Store_A,Rice_5kg,Staples,60.0,60.0,0,140
2024-11-05,Store_A,Rice_5kg,Staples,56.49,60.0,0,149
2024-11-06,Store_A,Rice_5kg,Staples,60.0,60.0,0,149
2024-11-07,Store_A,Rice_5kg,Staples,60.0,60.0,0,168
2024-11-08,Store_A,Rice_5kg,Staples,60.0,60.0,0,185
2024-11-09,Store_A,Rice_5kg,Staples,53.74,60.0,0,260
2024-11-10,Store_A,Rice_5kg,Staples,60.0,60.0,0,200
2024-11-11,Store_A,Rice_5kg,Staples,60.44,60.0,0,135
2024-11-12,Store_A,Rice_5kg,Staples,60.0,60.0,0,162
2024-11-13,Store_A,Rice_5kg,Staples,60.0,60.0,0,149
2024-11-14,Store_A,Rice_5kg,Staples,60.0,60.0,0,176
2024-11-15,Store_A,Rice_5kg,Staples,60.0,60.0,0,173
2024-11-16,Store_A,Rice_5kg,Staples,60.0,60.0,0,269
2024-11-17,Store_A,Rice_5kg,Staples,51.0,60.0,0,283
2024-11-18,Store_A,Rice_5kg,Staples,60.0,60.0,0,153
2024-11-19,Store_A,Rice_5kg,Staples,60.0,60.0,1,235
2024-11-20,Store_A,Rice_5kg,Staples,55.1,60.0,0,164
2024-11-21,Store_A,Rice_5kg,Staples,60.0,60.0,0,168
2024-11-22,Store_A,Rice_5kg,Staples,60.0,60.0,1,258
2024-11-23,Store_A,Rice_5kg,Staples,60.0,60.0,0,264
2024-11-24,Store_A,Rice_5kg,Staples,60.0,60.0,1,296
2024-11-25,Store_A,Rice_5kg,Staples,60.0,60.0,0,151
2024-11-26,Store_A,Rice_5kg,Staples,60.0,60.0,0,165
2024-11-27,Store_A,Rice_5kg,Staples,60.0,60.0,0,160
2024-11-28,Store_A,Rice_5kg,Staples,60.0,60.0,0,185
2024-11-29,Store_A,Rice_5kg,Staples,60.0,60.0,0,202
2024-11-30,Store_A,Rice_5kg,Staples,67.75,60.0,0,201
2024-12-01,Store_A,Rice_5kg,Staples,60.0,60.0,0,191
2024-12-02,Store_A,Rice_5kg,Staples,60.0,60.0,1,184
2024-12-03,Store_A,Rice_5kg,Staples,50.03,60.0,0,151
2024-12-04,Store_A,Rice_5kg,Staples,60.0,60.0,0,142
2024-12-05,Store_A,Rice_5kg,Staples,60.0,60.0,0,143
2024-12-06,Store_A,Rice_5kg,Staples,60.0,60.0,0,178
2024-12-07,Store_A,Rice_5kg,Staples,60.0,60.0,0,228
2024-12-08,Store_A,Rice_5kg,Staples,60.0,60.0,0,186
2024-12-09,Store_A,Rice_5kg,Staples,67.18,60.0,1,179
2024-12-10,Store_A,Rice_5kg,Staples,60.0,60.0,0,138
2024-12-11,Store_A,Rice_5kg,Staples,60.0,60.0,0,148
2024-12-12,Store_A,Rice_5kg,Staples,60.0,60.0,0,151
2024-12-13,Store_A,Rice_5kg,Staples,60.0,60.0,0,174
2024-12-14,Store_A,Rice_5kg,Staples,60.0,60.0,0,220
2024-12-15,Store_A,Rice_5kg,Staples,58.7,60.0,0,203
2024-12-16,Store_A,Rice_5kg,Staples,60.0,60.0,0,164
2024-12-17,Store_A,Rice_5kg,Staples,60.0,60.0,0,142
2024-12-18,Store_A,Rice_5kg,Staples,60.0,60.0,0,158
2024-12-19,Store_A,Rice_5kg,Staples,54.71,60.0,0,164
2024-12-20,Store_A,Rice_5kg,Staples,60.0,60.0,0,224
2024-12-21,Store_A,Rice_5kg,Staples,60.0,60.0,0,184
2024-12-22,Store_A,Rice_5kg,Staples,60.0,60.0,0,219
2024-12-23,Store_A,Rice_5kg,Staples,53.51,60.0,0,185
2024-12-24,Store_A,Rice_5kg,Staples,60.97,60.0,1,201
2024-12-25,Store_A,Rice_5kg,Staples,60.0,60.0,0,154
2024-12-26,Store_A,Rice_5kg,Staples,60.0,60.0,0,155
2024-12-27,Store_A,Rice_5kg,Staples,50.1,60.0,0,243
2024-12-28,Store_A,Rice_5kg,Staples,60.0,60.0,0,228
2024-12-29,Store_A,Rice_5kg,Staples,60.0,60.0,0,202
2024-12-30,Store_A,Rice_5kg,Staples,60.0,60.0,0,158
2024-12-31,Store_A,Rice_5kg,Staples,60.0,60.0,0,141
2025-01-01,Store_A,Rice_5kg,Staples,60.0,60.0,0,124
2025-01-02,Store_A,Rice_5kg,Staples,60.0,60.0,0,154
2025-01-03,Store_A,Rice_5kg,Staples,48.08,60.0,0,205
2025-01-04,Store_A,Rice_5kg,Staples,60.0,60.0,0,182
2025-01-05,Store_A,Rice_5kg,Staples,60.0,60.0,0,177
2025-01-06,Store_A,Rice_5kg,Staples,60.0,60.0,0,129
2025-01-07,Store_A,Rice_5kg,Staples,60.0,60.0,0,130
2025-01-08,Store_A,Rice_5kg,Staples,60.0,60.0,0,111
2025-01-09,Store_A,Rice_5kg,Staples,60.0,60.0,0,142
2025-01-10,Store_A,Rice_5kg,Staples,60.0,60.0,0,169
2025-01-11,Store_A,Rice_5kg,Staples,60.0,60.0,0,204
2025-01-12,Store_A,Rice_5kg,Staples,60.0,60.0,0,164
2025-01-13,Store_A,Rice_5kg,Staples,60.9,60.0,0,109
2025-01-14,Store_A,Rice_5kg,Staples,60.0,60.0,0,105
2025-01-15,Store_A,Rice_5kg,Staples,60.0,60.0,0,124
2025-01-16,Store_A,Rice_5kg,Staples,60.0,60.0,0,140
2025-01-17,Store_A,Rice_5kg,Staples,60.0,60.0,0,137
2025-01-18,Store_A,Rice_5kg,Staples,66.08,60.0,0,193
2025-01-19,Store_A,Rice_5kg,Staples,60.0,60.0,0,173
2025-01-20,Store_A,Rice_5kg,Staples,60.0,60.0,0,146
2025-01-21,Store_A,Rice_5kg,Staples,60.0,60.0,0,113
2025-01-22,Store_A,Rice_5kg,Staples,60.0,60.0,0,134
2025-01-23,Store_A,Rice_5kg,Staples,60.0,60.0,0,142
2025-01-24,Store_A,Rice_5kg,Staples,60.0,60.0,0,174
2025-01-25,Store_A,Rice_5kg,Staples,60.0,60.0,0,197
2025-01-26,Store_A,Rice_5kg,Staples,60.0,60.0,0,178
2025-01-27,Store_A,Rice_5kg,Staples,60.0,60.0,0,120
2025-01-28,Store_A,Rice_5kg,Staples,60.0,60.0,0,136
2025-01-29,Store_A,Rice_5kg,Staples,63.05,60.0,0,121
2025-01-30,Store_A,Rice_5kg,Staples,60.0,60.0,0,142
2025-01-31,Store_A,Rice_5kg,Staples,60.0,60.0,0,167
2025-02-01,Store_A,Rice_5kg,Staples,60.0,60.0,0,200
2025-02-02,Store_A,Rice_5kg,Staples,60.0,60.0,0,162
2025-02-03,Store_A,Rice_5kg,Staples,60.0,60.0,0,135
2025-02-04,Store_A,Rice_5kg,Staples,60.0,60.0,0,107
2025-02-05,Store_A,Rice_5kg,Staples,60.0,60.0,0,143
2025-02-06,Store_A,Rice_5kg,Staples,60.0,60.0,0,116
2025-02-07,Store_A,Rice_5kg,Staples,52.74,60.0,0,216
2025-02-08,Store_A,Rice_5kg,Staples,60.0,60.0,0,198
2025-02-09,Store_A,Rice_5kg,Staples,60.0,60.0,0,161
2025-02-10,Store_A,Rice_5kg,Staples,60.0,60.0,1,173
2025-02-11,Store_A,Rice_5kg,Staples,60.07,60.0,0,106
2025-02-12,Store_A,Rice_5kg,Staples,60.0,60.0,0,124
2025-02-13,Store_A,Rice_5kg,Staples,60.0,60.0,0,117
2025-02-14,Store_A,Rice_5kg,Staples,60.0,60.0,1,224
2025-02-15,Store_A,Rice_5kg,Staples,60.0,60.0,0,183
2025-02-16,Store_A,Rice_5kg,Staples,60.0,60.0,0,164
2025-02-17,Store_A,Rice_5kg,Staples,60.0,60.0,0,146
2025-02-18,Store_A,Rice_5kg,Staples,60.24,60.0,0,121
2025-02-19,Store_A,Rice_5kg,Staples,60.0,60.0,0,145
2025-02-20,Store_A,Rice_5kg,Staples,60.0,60.0,0,136
2025-02-21,Store_A,Rice_5kg,Staples,60.0,60.0,0,153
2025-02-22,Store_A,Rice_5kg,Staples,60.0,60.0,1,263
2025-02-23,Store_A,Rice_5kg,Staples,60.0,60.0,0,189
2025-02-24,Store_A,Rice_5kg,Staples,56.26,60.0,0,147
2025-02-25,Store_A,Rice_5kg,Staples,60.0,60.0,0,128
2025-02-26,Store_A,Rice_5kg,Staples,60.0,60.0,0,119
2025-02-27,Store_A,Rice_5kg,Staples,60.0,60.0,0,152
2025-02-28,Store_A,Rice_5kg,Staples,60.0,60.0,1,252
2025-03-01,Store_A,Rice_5kg,Staples,61.5,60.0,1,302
2025-03-02,Store_A,Rice_5kg,Staples,60.0,60.0,0,146
2025-03-03,Store_A,Rice_5kg,Staples,60.0,60.0,0,120
2025-03-04,Store_A,Rice_5kg,Staples,60.0,60.0,0,116
2025-03-05,Store_A,Rice_5kg,Staples,59.69,60.0,1,172
2025-03-06,Store_A,Rice_5kg,Staples,60.0,60.0,0,125
2025-03-07,Store_A,Rice_5kg,Staples,60.0,60.0,0,160
2025-03-08,Store_A,Rice_5kg,Staples,60.0,60.0,0,186
2025-03-09,Store_A,Rice_5kg,Staples,56.26,60.0,0,181
2025-03-10,Store_A,Rice_5kg,Staples,54.27,60.0,1,206
2025-03-11,Store_A,Rice_5kg,Staples,60.0,60.0,0,116
2025-03-12,Store_A,Rice_5kg,Staples,60.0,60.0,0,125
2025-03-13,Store_A,Rice_5kg,Staples,60.0,60.0,1,205
2025-03-14,Store_A,Rice_5kg,Staples,60.0,60.0,0,140
2025-03-15,Store_A,Rice_5kg,Staples,60.0,60.0,0,210
2025-03-16,Store_A,Rice_5kg,Staples,60.0,60.0,0,183
2025-03-17,Store_A,Rice_5kg,Staples,60.0,60.0,0,112
2025-03-18,Store_A,Rice_5kg,Staples,58.44,60.0,0,121
2025-03-19,Store_A,Rice_5kg,Staples,60.0,60.0,0,107
2025-03-20,Store_A,Rice_5kg,Staples,60.0,60.0,0,123
2025-03-21,Store_A,Rice_5kg,Staples,60.0,60.0,0,157
2025-03-22,Store_A,Rice_5kg,Staples,60.0,60.0,0,204
2025-03-23,Store_A,Rice_5kg,Staples,60.0,60.0,0,170
2025-03-24,Store_A,Rice_5kg,Staples,60.0,60.0,0,117
2025-03-25,Store_A,Rice_5kg,Staples,54.63,60.0,1,191
2025-03-26,Store_A,Rice_5kg,Staples,60.0,60.0,0,128
2025-03-27,Store_A,Rice_5kg,Staples,60.0,60.0,0,136
2025-03-28,Store_A,Rice_5kg,Staples,60.0,60.0,0,164
2025-03-29,Store_A,Rice_5kg,Staples,60.0,60.0,0,187
2025-03-30,Store_A,Rice_5kg,Staples,63.84,60.0,0,140
2025-03-31,Store_A,Rice_5kg,Staples,60.0,60.0,0,125
2025-04-01,Store_A,Rice_5kg,Staples,60.0,60.0,0,119
2025-04-02,Store_A,Rice_5kg,Staples,50.17,60.0,0,156
2025-04-03,Store_A,Rice_5kg,Staples,60.0,60.0,0,113
2025-04-04,Store_A,Rice_5kg,Staples,60.0,60.0,0,151
2025-04-05,Store_A,Rice_5kg,Staples,60.0,60.0,0,172
2025-04-06,Store_A,Rice_5kg,Staples,60.0,60.0,0,189
2025-04-07,Store_A,Rice_5kg,Staples,63.54,60.0,0,103
2025-04-08,Store_A,Rice_5kg,Staples,60.0,60.0,0,112
2025-04-09,Store_A,Rice_5kg,Staples,60.0,60.0,0,119
2025-04-10,Store_A,Rice_5kg,Staples,60.0,60.0,0,127
2025-04-11,Store_A,Rice_5kg,Staples,60.0,60.0,0,174
2025-04-12,Store_A,Rice_5kg,Staples,60.51,60.0,0,169
2025-04-13,Store_A,Rice_5kg,Staples,60.0,60.0,1,237
2025-04-14,Store_A,Rice_5kg,Staples,60.0,60.0,0,132
2025-04-15,Store_A,Rice_5kg,Staples,48.94,60.0,0,155
2025-04-16,Store_A,Rice_5kg,Staples,48.59,60.0,0,136
2025-04-17,Store_A,Rice_5kg,Staples,60.0,60.0,0,139
2025-04-18,Store_A,Rice_5kg,Staples,60.0,60.0,0,162
2025-04-19,Store_A,Rice_5kg,Staples,60.0,60.0,0,191
2025-04-20,Store_A,Rice_5kg,Staples,68.07,60.0,0,120
2025-04-21,Store_A,Rice_5kg,Staples,60.0,60.0,0,129
2025-04-22,Store_A,Rice_5kg,Staples,60.0,60.0,0,107
2025-04-23,Store_A,Rice_5kg,Staples,60.0,60.0,0,136
2025-04-24,Store_A,Rice_5kg,Staples,60.0,60.0,0,134
2025-04-25,Store_A,Rice_5kg,Staples,60.0,60.0,0,159
2025-04-26,Store_A,Rice_5kg,Staples,60.0,60.0,0,176
2025-04-27,Store_A,Rice_5kg,Staples,60.0,60.0,0,191
2025-04-28,Store_A,Rice_5kg,Staples,64.53,60.0,0,113
2025-04-29,Store_A,Rice_5kg,Staples,60.0,60.0,0,125
2025-04-30,Store_A,Rice_5kg,Staples,60.0,60.0,0,123
2025-05-01,Store_A,Rice_5kg,Staples,60.0,60.0,0,128
2025-05-02,Store_A,Rice_5kg,Staples,60.0,60.0,0,150
2025-05-03,Store_A,Rice_5kg,Staples,60.0,60.0,0,168
2025-05-04,Store_A,Rice_5kg,Staples,60.0,60.0,0,174
2025-05-05,Store_A,Rice_5kg,Staples,60.0,60.0,0,109
2025-05-06,Store_A,Rice_5kg,Staples,60.0,60.0,0,120
2025-05-07,Store_A,Rice_5kg,Staples,60.0,60.0,0,111
2025-05-08,Store_A,Rice_5kg,Staples,60.0,60.0,0,120
2025-05-09,Store_A,Rice_5kg,Staples,60.0,60.0,0,140
2025-05-10,Store_A,Rice_5kg,Staples,60.0,60.0,0,187
2025-05-11,Store_A,Rice_5kg,Staples,60.0,60.0,0,142
2025-05-12,Store_A,Rice_5kg,Staples,60.0,60.0,0,116
2025-05-13,Store_A,Rice_5kg,Staples,60.0,60.0,0,92
2025-05-14,Store_A,Rice_5kg,Staples,53.24,60.0,0,126
2025-05-15,Store_A,Rice_5kg,Staples,60.0,60.0,0,117
2025-05-16,Store_A,Rice_5kg,Staples,60.0,60.0,0,140
2025-05-17,Store_A,Rice_5kg,Staples,51.4,60.0,0,182
2025-05-18,Store_A,Rice_5kg,Staples,60.0,60.0,0,161
2025-05-19,Store_A,Rice_5kg,Staples,60.0,60.0,0,100
2025-05-20,Store_A,Rice_5kg,Staples,67.77,60.0,0,85
2025-05-21,Store_A,Rice_5kg,Staples,51.08,60.0,0,158
2025-05-22,Store_A,Rice_5kg,Staples,60.0,60.0,0,103
2025-05-23,Store_A,Rice_5kg,Staples,60.0,60.0,0,134
2025-05-24,Store_A,Rice_5kg,Staples,60.0,60.0,0,182
2025-05-25,Store_A,Rice_5kg,Staples,60.0,60.0,0,156
2025-05-26,Store_A,Rice_5kg,Staples,60.0,60.0,1,158
2025-05-27,Store_A,Rice_5kg,Staples,68.94,60.0,0,90
2025-05-28,Store_A,Rice_5kg,Staples,60.0,60.0,0,122
2025-05-29,Store_A,Rice_5kg,Staples,67.38,60.0,0,97
2025-05-30,Store_A,Rice_5kg,Staples,60.0,60.0,0,136
2025-05-31,Store_A,Rice_5kg,Staples,60.0,60.0,0,178
2025-06-01,Store_A,Rice_5kg,Staples,60.0,60.0,0,146
2025-06-02,Store_A,Rice_5kg,Staples,60.0,60.0,0,123
2025-06-03,Store_A,Rice_5kg,Staples,62.89,60.0,0,111
2025-06-04,Store_A,Rice_5kg,Staples,51.38,60.0,0,130
2025-06-05,Store_A,Rice_5kg,Staples,60.39,60.0,0,122
2025-06-06,Store_A,Rice_5kg,Staples,60.0,60.0,0,175
2025-06-07,Store_A,Rice_5kg,Staples,60.0,60.0,0,149
2025-06-08,Store_A,Rice_5kg,Staples,60.0,60.0,0,165
2025-06-09,Store_A,Rice_5kg,Staples,60.0,60.0,0,115
2025-06-10,Store_A,Rice_5kg,Staples,60.0,60.0,0,98
2025-06-11,Store_A,Rice_5kg,Staples,53.14,60.0,0,128
2025-06-12,Store_A,Rice_5kg,Staples,60.0,60.0,0,103
2025-06-13,Store_A,Rice_5kg,Staples,60.0,60.0,0,130
2025-06-14,Store_A,Rice_5kg,Staples,60.0,60.0,0,168
2025-06-15,Store_A,Rice_5kg,Staples,60.0,60.0,0,154
2025-06-16,Store_A,Rice_5kg,Staples,60.0,60.0,0,109
2025-06-17,Store_A,Rice_5kg,Staples,64.31,60.0,0,96
2025-06-18,Store_A,Rice_5kg,Staples,60.0,60.0,0,106
2025-06-19,Store_A,Rice_5kg,Staples,60.0,60.0,0,118
2025-06-20,Store_A,Rice_5kg,Staples,53.21,60.0,0,152
2025-06-21,Store_A,Rice_5kg,Staples,60.0,60.0,0,154
2025-06-22,Store_A,Rice_5kg,Staples,60.44,60.0,0,144
2025-06-23,Store_A,Rice_5kg,Staples,60.0,60.0,0,115
2025-06-24,Store_A,Rice_5kg,Staples,60.0,60.0,0,91
2025-06-25,Store_A,Rice_5kg,Staples,57.85,60.0,0,109
2025-06-26,Store_A,Rice_5kg,Staples,67.54,60.0,1,134
2025-06-27,Store_A,Rice_5kg,Staples,60.0,60.0,0,144
2025-06-28,Store_A,Rice_5kg,Staples,60.0,60.0,0,186
2025-06-29,Store_A,Rice_5kg,Staples,60.0,60.0,0,118
2025-06-30,Store_A,Rice_5kg,Staples,60.0,60.0,0,124
2025-07-01,Store_A,Rice_5kg,Staples,60.0,60.0,1,157
2025-07-02,Store_A,Rice_5kg,Staples,60.0,60.0,1,156
2025-07-03,Store_A,Rice_5kg,Staples,60.0,60.0,0,116
2025-07-04,Store_A,Rice_5kg,Staples,60.0,60.0,0,130
2025-07-05,Store_A,Rice_5kg,Staples,60.0,60.0,0,173
2025-07-06,Store_A,Rice_5kg,Staples,60.0,60.0,0,146
2025-07-07,Store_A,Rice_5kg,Staples,60.0,60.0,0,105
2025-07-08,Store_A,Rice_5kg,Staples,60.0,60.0,0,108
2025-07-09,Store_A,Rice_5kg,Staples,65.41,60.0,0,91
2025-07-10,Store_A,Rice_5kg,Staples,60.0,60.0,0,97
2025-07-11,Store_A,Rice_5kg,Staples,64.26,60.0,0,119
2025-07-12,Store_A,Rice_5kg,Staples,49.67,60.0,0,202
2025-07-13,Store_A,Rice_5kg,Staples,60.0,60.0,0,142
2025-07-14,Store_A,Rice_5kg,Staples,60.0,60.0,0,121
2025-07-15,Store_A,Rice_5kg,Staples,60.0,60.0,0,107
2025-07-16,Store_A,Rice_5kg,Staples,60.0,60.0,0,97
2025-07-17,Store_A,Rice_5kg,Staples,60.0,60.0,0,111
2025-07-18,Store_A,Rice_5kg,Staples,60.0,60.0,0,114
2025-07-19,Store_A,Rice_5kg,Staples,60.0,60.0,0,168
2025-07-20,Store_A,Rice_5kg,Staples,53.61,60.0,0,190
2025-07-21,Store_A,Rice_5kg,Staples,60.0,60.0,0,107
2025-07-22,Store_A,Rice_5kg,Staples,60.0,60.0,0,96
2025-07-23,Store_A,Rice_5kg,Staples,60.0,60.0,0,94
2025-07-24,Store_A,Rice_5kg,Staples,60.0,60.0,0,108
2025-07-25,Store_A,Rice_5kg,Staples,60.0,60.0,0,137
2025-07-26,Store_A,Rice_5kg,Staples,61.35,60.0,0,157
2025-07-27,Store_A,Rice_5kg,Staples,60.0,60.0,0,145
2025-07-28,Store_A,Rice_5kg,Staples,60.0,60.0,0,101
2025-07-29,Store_A,Rice_5kg,Staples,60.0,60.0,0,97
2025-07-30,Store_A,Rice_5kg,Staples,60.0,60.0,0,108
2025-07-31,Store_A,Rice_5kg,Staples,61.62,60.0,0,113
2025-08-01,Store_A,Rice_5kg,Staples,60.0,60.0,0,134
2025-08-02,Store_A,Rice_5kg,Staples,52.53,60.0,0,195
2025-08-03,Store_A,Rice_5kg,Staples,60.0,60.0,0,153
2025-08-04,Store_A,Rice_5kg,Staples,60.0,60.0,0,108
2025-08-05,Store_A,Rice_5kg,Staples,60.0,60.0,0,99
2025-08-06,Store_A,Rice_5kg,Staples,60.0,60.0,0,99
2025-08-07,Store_A,Rice_5kg,Staples,60.0,60.0,0,123
2025-08-08,Store_A,Rice_5kg,Staples,68.24,60.0,0,127
2025-08-09,Store_A,Rice_5kg,Staples,60.0,60.0,0,144
2025-08-10,Store_A,Rice_5kg,Staples,60.0,60.0,0,141
2025-08-11,Store_A,Rice_5kg,Staples,60.0,60.0,0,119
2025-08-12,Store_A,Rice_5kg,Staples,60.0,60.0,0,110
2025-08-13,Store_A,Rice_5kg,Staples,61.85,60.0,0,103
2025-08-14,Store_A,Rice_5kg,Staples,60.0,60.0,1,170
2025-08-15,Store_A,Rice_5kg,Staples,60.0,60.0,0,134
2025-08-16,Store_A,Rice_5kg,Staples,60.0,60.0,0,171
2025-08-17,Store_A,Rice_5kg,Staples,60.0,60.0,0,142
2025-08-18,Store_A,Rice_5kg,Staples,60.0,60.0,1,136
2025-08-19,Store_A,Rice_5kg,Staples,60.0,60.0,0,109
2025-08-20,Store_A,Rice_5kg,Staples,56.2,60.0,0,121
2025-08-21,Store_A,Rice_5kg,Staples,60.0,60.0,0,105
2025-08-22,Store_A,Rice_5kg,Staples,60.0,60.0,0,147
2025-08-23,Store_A,Rice_5kg,Staples,60.0,60.0,0,176
2025-08-24,Store_A,Rice_5kg,Staples,60.0,60.0,0,155
2025-08-25,Store_A,Rice_5kg,Staples,67.69,60.0,0,99
2025-08-26,Store_A,Rice_5kg,Staples,60.0,60.0,0,100
2025-08-27,Store_A,Rice_5kg,Staples,60.0,60.0,1,169
2025-08-28,Store_A,Rice_5kg,Staples,60.0,60.0,0,112
2025-08-29,Store_A,Rice_5kg,Staples,60.0,60.0,0,148
2025-08-30,Store_A,Rice_5kg,Staples,60.0,60.0,0,178
2025-08-31,Store_A,Rice_5kg,Staples,60.0,60.0,0,164
2025-09-01,Store_A,Rice_5kg,Staples,60.0,60.0,0,124
2025-09-02,Store_A,Rice_5kg,Staples,59.38,60.0,0,109
2025-09-03,Store_A,Rice_5kg,Staples,60.0,60.0,0,105
2025-09-04,Store_A,Rice_5kg,Staples,60.0,60.0,0,118
2025-09-05,Store_A,Rice_5kg,Staples,48.9,60.0,0,207
2025-09-06,Store_A,Rice_5kg,Staples,60.0,60.0,0,209
2025-09-07,Store_A,Rice_5kg,Staples,64.32,60.0,0,143
2025-09-08,Store_A,Rice_5kg,Staples,60.0,60.0,0,121
2025-09-09,Store_A,Rice_5kg,Staples,60.0,60.0,0,103
2025-09-10,Store_A,Rice_5kg,Staples,60.0,60.0,0,120
2025-09-11,Store_A,Rice_5kg,Staples,60.0,60.0,1,178
2025-09-12,Store_A,Rice_5kg,Staples,60.0,60.0,0,141
2025-09-13,Store_A,Rice_5kg,Staples,60.57,60.0,0,158
2025-09-14,Store_A,Rice_5kg,Staples,51.91,60.0,0,172
2025-09-15,Store_A,Rice_5kg,Staples,49.2,60.0,0,146
2025-09-16,Store_A,Rice_5kg,Staples,60.0,60.0,0,102
2025-09-17,Store_A,Rice_5kg,Staples,60.0,60.0,0,121
2025-09-18,Store_A,Rice_5kg,Staples,60.0,60.0,0,140
2025-09-19,Store_A,Rice_5kg,Staples,60.0,60.0,0,166
2025-09-20,Store_A,Rice_5kg,Staples,49.61,60.0,0,207
2025-09-21,Store_A,Rice_5kg,Staples,60.0,60.0,0,153
2025-09-22,Store_A,Rice_5kg,Staples,60.0,60.0,1,172
2025-09-23,Store_A,Rice_5kg,Staples,60.0,60.0,0,110
2025-09-24,Store_A,Rice_5kg,Staples,60.0,60.0,0,133
2025-09-25,Store_A,Rice_5kg,Staples,58.65,60.0,0,141
2025-09-26,Store_A,Rice_5kg,Staples,60.0,60.0,0,141
2025-09-27,Store_A,Rice_5kg,Staples,49.21,60.0,0,258
2025-09-28,Store_A,Rice_5kg,Staples,60.0,60.0,0,176
2025-09-29,Store_A,Rice_5kg,Staples,54.05,60.0,0,133
2025-09-30,Store_A,Rice_5kg,Staples,59.62,60.0,0,107
2025-10-01,Store_A,Rice_5kg,Staples,60.0,60.0,0,178
2025-10-02,Store_A,Rice_5kg,Staples,60.0,60.0,0,194
2025-10-03,Store_A,Rice_5kg,Staples,67.57,60.0,0,195
2025-10-04,Store_A,Rice_5kg,Staples,60.0,60.0,0,250
2025-10-05,Store_A,Rice_5kg,Staples,60.0,60.0,0,249
2025-10-06,Store_A,Rice_5kg,Staples,60.0,60.0,0,179
2025-10-07,Store_A,Rice_5kg,Staples,50.3,60.0,0,190
2025-10-08,Store_A,Rice_5kg,Staples,60.0,60.0,0,194
2025-10-09,Store_A,Rice_5kg,Staples,60.0,60.0,0,220
2025-10-10,Store_A,Rice_5kg,Staples,63.71,60.0,0,201
2025-10-11,Store_A,Rice_5kg,Staples,53.89,60.0,0,299
2025-10-12,Store_A,Rice_5kg,Staples,60.0,60.0,0,258
2025-10-13,Store_A,Rice_5kg,Staples,60.0,60.0,0,208
2025-10-14,Store_A,Rice_5kg,Staples,64.96,60.0,0,145
2025-10-15,Store_A,Rice_5kg,Staples,61.61,60.0,0,169
2025-10-16,Store_A,Rice_5kg,Staples,60.0,60.0,0,235
2025-10-17,Store_A,Rice_5kg,Staples,60.0,60.0,0,208
2025-10-18,Store_A,Rice_5kg,Staples,50.78,60.0,0,354
2025-10-19,Store_A,Rice_5kg,Staples,60.0,60.0,0,261
2025-10-20,Store_A,Rice_5kg,Staples,60.0,60.0,0,191
2025-10-21,Store_A,Rice_5kg,Staples,60.0,60.0,1,226
2025-10-22,Store_A,Rice_5kg,Staples,60.0,60.0,0,170
2025-10-23,Store_A,Rice_5kg,Staples,60.0,60.0,0,209
2025-10-24,Store_A,Rice_5kg,Staples,60.0,60.0,0,242
2025-10-25,Store_A,Rice_5kg,Staples,60.0,60.0,0,244
2025-10-26,Store_A,Rice_5kg,Staples,60.0,60.0,0,257
2025-10-27,Store_A,Rice_5kg,Staples,60.0,60.0,1,265
2025-10-28,Store_A,Rice_5kg,Staples,60.0,60.0,1,214
2025-10-29,Store_A,Rice_5kg,Staples,60.0,60.0,0,200
2025-10-30,Store_A,Rice_5kg,Staples,49.67,60.0,0,234
2025-10-31,Store_A,Rice_5kg,Staples,58.02,60.0,0,228
2025-11-01,Store_A,Rice_5kg,Staples,60.0,60.0,0,271
2025-11-02,Store_A,Rice_5kg,Staples,60.0,60.0,0,234
2025-11-03,Store_A,Rice_5kg,Staples,68.15,60.0,0,150
2025-11-04,Store_A,Rice_5kg,Staples,60.0,60.0,0,199
2025-11-05,Store_A,Rice_5kg,Staples,60.0,60.0,0,187
2025-11-06,Store_A,Rice_5kg,Staples,60.0,60.0,1,273
2025-11-07,Store_A,Rice_5kg,Staples,60.0,60.0,1,351
2025-11-08,Store_A,Rice_5kg,Staples,60.0,60.0,0,308
2025-11-09,Store_A,Rice_5kg,Staples,60.0,60.0,0,286
2025-11-10,Store_A,Rice_5kg,Staples,61.41,60.0,0,192
2025-11-11,Store_A,Rice_5kg,Staples,60.0,60.0,0,173
2025-11-12,Store_A,Rice_5kg,Staples,60.0,60.0,0,207
2025-11-13,Store_A,Rice_5kg,Staples,60.0,60.0,0,232
2025-11-14,Store_A,Rice_5kg,Staples,60.0,60.0,0,277
2025-11-15,Store_A,Rice_5kg,Staples,60.0,60.0,0,304
2025-11-16,Store_A,Rice_5kg,Staples,60.0,60.0,1,310
2025-11-17,Store_A,Rice_5kg,Staples,67.79,60.0,0,162
2025-11-18,Store_A,Rice_5kg,Staples,60.0,60.0,0,201
2025-11-19,Store_A,Rice_5kg,Staples,48.54,60.0,0,294
2025-11-20,Store_A,Rice_5kg,Staples,67.6,60.0,0,180
2025-11-21,Store_A,Rice_5kg,Staples,60.0,60.0,0,285
2025-11-22,Store_A,Rice_5kg,Staples,60.0,60.0,0,330
2025-11-23,Store_A,Rice_5kg,Staples,60.0,60.0,0,299
2025-11-24,Store_A,Rice_5kg,Staples,54.54,60.0,0,236
2025-11-25,Store_A,Rice_5kg,Staples,60.0,60.0,0,201
2025-11-26,Store_A,Rice_5kg,Staples,60.0,60.0,0,185
2025-11-27,Store_A,Rice_5kg,Staples,60.0,60.0,0,223
2025-11-28,Store_A,Rice_5kg,Staples,60.0,60.0,0,266
2025-11-29,Store_A,Rice_5kg,Staples,60.0,60.0,0,338
2025-11-30,Store_A,Rice_5kg,Staples,60.0,60.0,0,287
2025-12-01,Store_A,Rice_5kg,Staples,60.0,60.0,1,275
2025-12-02,Store_A,Rice_5kg,Staples,60.0,60.0,1,224
2025-12-03,Store_A,Rice_5kg,Staples,60.0,60.0,0,165
2025-12-04,Store_A,Rice_5kg,Staples,60.0,60.0,0,216
2025-12-05,Store_A,Rice_5kg,Staples,60.0,60.0,0,240
2025-12-06,Store_A,Rice_5kg,Staples,58.56,60.0,0,274
2025-12-07,Store_A,Rice_5kg,Staples,60.0,60.0,0,265
2025-12-08,Store_A,Rice_5kg,Staples,60.0,60.0,0,180
2025-12-09,Store_A,Rice_5kg,Staples,50.44,60.0,0,194
2025-12-10,Store_A,Rice_5kg,Staples,60.0,60.0,0,153
2025-12-11,Store_A,Rice_5kg,Staples,60.0,60.0,0,188
2025-12-12,Store_A,Rice_5kg,Staples,60.0,60.0,0,250
2025-12-13,Store_A,Rice_5kg,Staples,60.0,60.0,0,306
2025-12-14,Store_A,Rice_5kg,Staples,60.0,60.0,0,267
2025-12-15,Store_A,Rice_5kg,Staples,60.0,60.0,0,202
2025-12-16,Store_A,Rice_5kg,Staples,60.0,60.0,0,161
2025-12-17,Store_A,Rice_5kg,Staples,60.0,60.0,0,191
2025-12-18,Store_A,Rice_5kg,Staples,60.0,60.0,0,206
2025-12-19,Store_A,Rice_5kg,Staples,65.96,60.0,0,221
2025-12-20,Store_A,Rice_5kg,Staples,60.0,60.0,0,271
2025-12-21,Store_A,Rice_5kg,Staples,67.22,60.0,0,254
2025-12-22,Store_A,Rice_5kg,Staples,60.0,60.0,0,203
2025-12-23,Store_A,Rice_5kg,Staples,60.0,60.0,1,250
2025-12-24,Store_A,Rice_5kg,Staples,60.0,60.0,0,199
2025-12-25,Store_A,Rice_5kg,Staples,60.0,60.0,0,192
2025-12-26,Store_A,Rice_5kg,Staples,60.0,60.0,0,254
2025-12-27,Store_A,Rice_5kg,Staples,60.0,60.0,0,288
2025-12-28,Store_A,Rice_5kg,Staples,60.0,60.0,0,271
2025-12-29,Store_A,Rice_5kg,Staples,63.55,60.0,0,194
2025-12-30,Store_A,Rice_5kg,Staples,50.31,60.0,1,292
2024-01-01,Store_A,Bread_400g,Bakery,37.7,35.0,0,206
2024-01-02,Store_A,Bread_400g,Bakery,35.0,35.0,0,188
2024-01-03,Store_A,Bread_400g,Bakery,35.0,35.0,0,200
2024-01-04,Store_A,Bread_400g,Bakery,35.0,35.0,0,186
2024-01-05,Store_A,Bread_400g,Bakery,35.0,35.0,0,235
2024-01-06,Store_A,Bread_400g,Bakery,35.0,35.0,0,283
2024-01-07,Store_A,Bread_400g,Bakery,35.0,35.0,0,282
2024-01-08,Store_A,Bread_400g,Bakery,35.0,35.0,0,188
2024-01-09,Store_A,Bread_400g,Bakery,35.0,35.0,0,163
2024-01-10,Store_A,Bread_400g,Bakery,35.0,35.0,0,209
2024-01-11,Store_A,Bread_400g,Bakery,35.0,35.0,0,202
2024-01-12,Store_A,Bread_400g,Bakery,35.0,35.0,0,228
2024-01-13,Store_A,Bread_400g,Bakery,35.0,35.0,0,323
2024-01-14,Store_A,Bread_400g,Bakery,35.0,35.0,0,264
2024-01-15,Store_A,Bread_400g,Bakery,35.0,35.0,0,212
2024-01-16,Store_A,Bread_400g,Bakery,35.0,35.0,0,169
2024-01-17,Store_A,Bread_400g,Bakery,38.49,35.0,0,149
2024-01-18,Store_A,Bread_400g,Bakery,38.0,35.0,0,174
2024-01-19,Store_A,Bread_400g,Bakery,35.0,35.0,0,264
2024-01-20,Store_A,Bread_400g,Bakery,35.0,35.0,0,311
2024-01-21,Store_A,Bread_400g,Bakery,35.0,35.0,0,274
2024-01-22,Store_A,Bread_400g,Bakery,35.0,35.0,0,223
2024-01-23,Store_A,Bread_400g,Bakery,35.0,35.0,0,238
2024-01-24,Store_A,Bread_400g,Bakery,35.0,35.0,0,212
2024-01-25,Store_A,Bread_400g,Bakery,35.0,35.0,0,250
2024-01-26,Store_A,Bread_400g,Bakery,35.0,35.0,0,230
2024-01-27,Store_A,Bread_400g,Bakery,35.0,35.0,0,301
2024-01-28,Store_A,Bread_400g,Bakery,35.0,35.0,0,247
2024-01-29,Store_A,Bread_400g,Bakery,34.66,35.0,0,211
2024-01-30,Store_A,Bread_400g,Bakery,35.0,35.0,0,225
2024-01-31,Store_A,Bread_400g,Bakery,32.67,35.0,0,230
2024-02-01,Store_A,Bread_400g,Bakery,35.0,35.0,0,238
2024-02-02,Store_A,Bread_400g,Bakery,38.26,35.0,0,249
2024-02-03,Store_A,Bread_400g,Bakery,28.2,35.0,1,506
2024-02-04,Store_A,Bread_400g,Bakery,36.64,35.0,0,273
2024-02-05,Store_A,Bread_400g,Bakery,35.0,35.0,0,193
2024-02-06,Store_A,Bread_400g,Bakery,31.72,35.0,0,223
2024-02-07,Store_A,Bread_400g,Bakery,35.0,35.0,0,209
2024-02-08,Store_A,Bread_400g,Bakery,35.0,35.0,1,264
2024-02-09,Store_A,Bread_400g,Bakery,35.0,35.0,0,275
2024-02-10,Store_A,Bread_400g,Bakery,35.0,35.0,1,466
2024-02-11,Store_A,Bread_400g,Bakery,35.0,35.0,0,308
2024-02-12,Store_A,Bread_400g,Bakery,35.0,35.0,0,182
2024-02-13,Store_A,Bread_400g,Bakery,35.0,35.0,0,213
2024-02-14,Store_A,Bread_400g,Bakery,35.0,35.0,0,186
2024-02-15,Store_A,Bread_400g,Bakery,35.0,35.0,1,245
2024-02-16,Store_A,Bread_400g,Bakery,35.0,35.0,1,390
2024-02-17,Store_A,Bread_400g,Bakery,35.0,35.0,0,298
2024-02-18,Store_A,Bread_400g,Bakery,39.92,35.0,0,251
2024-02-19,Store_A,Bread_400g,Bakery,35.0,35.0,0,225
2024-02-20,Store_A,Bread_400g,Bakery,35.0,35.0,0,200
2024-02-21,Store_A,Bread_400g,Bakery,35.0,35.0,0,203
2024-02-22,Store_A,Bread_400g,Bakery,35.0,35.0,0,202
2024-02-23,Store_A,Bread_400g,Bakery,35.0,35.0,0,269
2024-02-24,Store_A,Bread_400g,Bakery,35.0,35.0,0,309
2024-02-25,Store_A,Bread_400g,Bakery,35.0,35.0,0,299
2024-02-26,Store_A,Bread_400g,Bakery,35.0,35.0,0,216
2024-02-27,Store_A,Bread_400g,Bakery,35.0,35.0,0,216
2024-02-28,Store_A,Bread_400g,Bakery,35.0,35.0,0,187
2024-02-29,Store_A,Bread_400g,Bakery,35.0,35.0,0,246
2024-03-01,Store_A,Bread_400g,Bakery,35.0,35.0,0,273
2024-03-02,Store_A,Bread_400g,Bakery,35.0,35.0,0,283
2024-03-03,Store_A,Bread_400g,Bakery,35.0,35.0,1,329
2024-03-04,Store_A,Bread_400g,Bakery,40.22,35.0,0,172
2024-03-05,Store_A,Bread_400g,Bakery,35.0,35.0,0,201
2024-03-06,Store_A,Bread_400g,Bakery,34.14,35.0,0,224
2024-03-07,Store_A,Bread_400g,Bakery,35.0,35.0,0,217
2024-03-08,Store_A,Bread_400g,Bakery,31.02,35.0,0,291
2024-03-09,Store_A,Bread_400g,Bakery,35.0,35.0,0,317
2024-03-10,Store_A,Bread_400g,Bakery,35.0,35.0,1,323
2024-03-11,Store_A,Bread_400g,Bakery,35.0,35.0,0,230
2024-03-12,Store_A,Bread_400g,Bakery,35.0,35.0,0,213
2024-03-13,Store_A,Bread_400g,Bakery,31.93,35.0,0,209
2024-03-14,Store_A,Bread_400g,Bakery,35.0,35.0,0,209
2024-03-15,Store_A,Bread_400g,Bakery,35.0,35.0,0,243
2024-03-16,Store_A,Bread_400g,Bakery,35.0,35.0,0,314
2024-03-17,Store_A,Bread_400g,Bakery,35.0,35.0,0,280
2024-03-18,Store_A,Bread_400g,Bakery,35.0,35.0,0,192
2024-03-19,Store_A,Bread_400g,Bakery,39.82,35.0,1,200
2024-03-20,Store_A,Bread_400g,Bakery,35.0,35.0,0,190
2024-03-21,Store_A,Bread_400g,Bakery,38.07,35.0,0,163
2024-03-22,Store_A,Bread_400g,Bakery,35.0,35.0,0,253
2024-03-23,Store_A,Bread_400g,Bakery,35.0,35.0,0,313
2024-03-24,Store_A,Bread_400g,Bakery,35.0,35.0,0,251
2024-03-25,Store_A,Bread_400g,Bakery,37.26,35.0,0,165
2024-03-26,Store_A,Bread_400g,Bakery,35.0,35.0,0,211
2024-03-27,Store_A,Bread_400g,Bakery,35.0,35.0,0,212
2024-03-28,Store_A,Bread_400g,Bakery,35.0,35.0,0,220
2024-03-29,Store_A,Bread_400g,Bakery,35.0,35.0,0,271
2024-03-30,Store_A,Bread_400g,Bakery,29.94,35.0,0,377
2024-03-31,Store_A,Bread_400g,Bakery,30.61,35.0,0,334
2024-04-01,Store_A,Bread_400g,Bakery,35.0,35.0,0,208
2024-04-02,Store_A,Bread_400g,Bakery,35.0,35.0,0,198
2024-04-03,Store_A,Bread_400g,Bakery,35.0,35.0,1,270
2024-04-04,Store_A,Bread_400g,Bakery,35.0,35.0,0,215
2024-04-05,Store_A,Bread_400g,Bakery,35.0,35.0,0,232
2024-04-06,Store_A,Bread_400g,Bakery,35.0,35.0,0,278
2024-04-07,Store_A,Bread_400g,Bakery,35.0,35.0,0,262
2024-04-08,Store_A,Bread_400g,Bakery,35.0,35.0,0,225
2024-04-09,Store_A,Bread_400g,Bakery,35.0,35.0,0,180
2024-04-10,Store_A,Bread_400g,Bakery,35.0,35.0,0,190
2024-04-11,Store_A,Bread_400g,Bakery,35.0,35.0,0,178
2024-04-12,Store_A,Bread_400g,Bakery,29.16,35.0,0,393
2024-04-13,Store_A,Bread_400g,Bakery,35.0,35.0,0,327
2024-04-14,Store_A,Bread_400g,Bakery,35.0,35.0,0,277
2024-04-15,Store_A,Bread_400g,Bakery,35.0,35.0,0,218
2024-04-16,Store_A,Bread_400g,Bakery,35.0,35.0,0,183
2024-04-17,Store_A,Bread_400g,Bakery,35.0,35.0,0,182
2024-04-18,Store_A,Bread_400g,Bakery,28.3,35.0,0,240
2024-04-19,Store_A,Bread_400g,Bakery,35.0,35.0,0,271
2024-04-20,Store_A,Bread_400g,Bakery,29.88,35.0,0,359
2024-04-21,Store_A,Bread_400g,Bakery,35.0,35.0,1,329
2024-04-22,Store_A,Bread_400g,Bakery,35.0,35.0,0,209
2024-04-23,Store_A,Bread_400g,Bakery,35.0,35.0,0,211
2024-04-24,Store_A,Bread_400g,Bakery,35.0,35.0,0,177
2024-04-25,Store_A,Bread_400g,Bakery,35.0,35.0,0,212
2024-04-26,Store_A,Bread_400g,Bakery,35.0,35.0,0,267
2024-04-27,Store_A,Bread_400g,Bakery,35.0,35.0,0,283
2024-04-28,Store_A,Bread_400g,Bakery,35.0,35.0,0,228
2024-04-29,Store_A,Bread_400g,Bakery,35.0,35.0,0,210
2024-04-30,Store_A,Bread_400g,Bakery,35.0,35.0,0,160
2024-05-01,Store_A,Bread_400g,Bakery,35.0,35.0,0,214
2024-05-02,Store_A,Bread_400g,Bakery,35.0,35.0,0,189
2024-05-03,Store_A,Bread_400g,Bakery,35.0,35.0,0,212
2024-05-04,Store_A,Bread_400g,Bakery,35.0,35.0,0,273
2024-05-05,Store_A,Bread_400g,Bakery,35.0,35.0,0,252
2024-05-06,Store_A,Bread_400g,Bakery,35.0,35.0,0,191
2024-05-07,Store_A,Bread_400g,Bakery,35.0,35.0,0,187
2024-05-08,Store_A,Bread_400g,Bakery,38.49,35.0,0,159
2024-05-09,Store_A,Bread_400g,Bakery,36.78,35.0,0,183
2024-05-10,Store_A,Bread_400g,Bakery,35.0,35.0,0,246
2024-05-11,Store_A,Bread_400g,Bakery,35.0,35.0,0,286
2024-05-12,Store_A,Bread_400g,Bakery,35.0,35.0,0,216
2024-05-13,Store_A,Bread_400g,Bakery,35.0,35.0,0,169
2024-05-14,Store_A,Bread_400g,Bakery,35.0,35.0,0,177
2024-05-15,Store_A,Bread_400g,Bakery,35.0,35.0,0,192
2024-05-16,Store_A,Bread_400g,Bakery,40.11,35.0,0,141
2024-05-17,Store_A,Bread_400g,Bakery,31.05,35.0,0,295
2024-05-18,Store_A,Bread_400g,Bakery,35.0,35.0,0,277
2024-05-19,Store_A,Bread_400g,Bakery,35.0,35.0,0,255
2024-05-20,Store_A,Bread_400g,Bakery,35.0,35.0,0,176
2024-05-21,Store_A,Bread_400g,Bakery,35.0,35.0,0,176
2024-05-22,Store_A,Bread_400g,Bakery,35.0,35.0,0,189
2024-05-23,Store_A,Bread_400g,Bakery,35.0,35.0,0,213
2024-05-24,Store_A,Bread_400g,Bakery,37.29,35.0,0,178
2024-05-25,Store_A,Bread_400g,Bakery,38.24,35.0,0,223
2024-05-26,Store_A,Bread_400g,Bakery,35.0,35.0,0,238
2024-05-27,Store_A,Bread_400g,Bakery,35.0,35.0,0,163
2024-05-28,Store_A,Bread_400g,Bakery,32.28,35.0,0,181
2024-05-29,Store_A,Bread_400g,Bakery,35.0,35.0,0,188
2024-05-30,Store_A,Bread_400g,Bakery,29.88,35.0,0,252
2024-05-31,Store_A,Bread_400g,Bakery,35.0,35.0,0,225
2024-06-01,Store_A,Bread_400g,Bakery,35.0,35.0,0,284
2024-06-02,Store_A,Bread_400g,Bakery,35.0,35.0,0,241
2024-06-03,Store_A,Bread_400g,Bakery,35.0,35.0,0,167
2024-06-04,Store_A,Bread_400g,Bakery,28.25,35.0,0,241
2024-06-05,Store_A,Bread_400g,Bakery,35.0,35.0,0,179
2024-06-06,Store_A,Bread_400g,Bakery,35.0,35.0,0,202
2024-06-07,Store_A,Bread_400g,Bakery,35.0,35.0,0,226
2024-06-08,Store_A,Bread_400g,Bakery,35.0,35.0,0,272
2024-06-09,Store_A,Bread_400g,Bakery,35.0,35.0,0,242
2024-06-10,Store_A,Bread_400g,Bakery,35.0,35.0,0,167
2024-06-11,Store_A,Bread_400g,Bakery,35.0,35.0,0,205
2024-06-12,Store_A,Bread_400g,Bakery,35.0,35.0,1,240
2024-06-13,Store_A,Bread_400g,Bakery,35.0,35.0,0,179
2024-06-14,Store_A,Bread_400g,Bakery,35.0,35.0,0,214
2024-06-15,Store_A,Bread_400g,Bakery,35.0,35.0,0,231
2024-06-16,Store_A,Bread_400g,Bakery,35.0,35.0,0,203
2024-06-17,Store_A,Bread_400g,Bakery,35.0,35.0,0,216
2024-06-18,Store_A,Bread_400g,Bakery,35.0,35.0,0,144
2024-06-19,Store_A,Bread_400g,Bakery,35.0,35.0,0,166
2024-06-20,Store_A,Bread_400g,Bakery,35.0,35.0,0,181
2024-06-21,Store_A,Bread_400g,Bakery,35.0,35.0,0,221
2024-06-22,Store_A,Bread_400g,Bakery,35.0,35.0,1,349
2024-06-23,Store_A,Bread_400g,Bakery,35.0,35.0,0,230
2024-06-24,Store_A,Bread_400g,Bakery,35.0,35.0,0,181
2024-06-25,Store_A,Bread_400g,Bakery,35.0,35.0,0,159
2024-06-26,Store_A,Bread_400g,Bakery,35.0,35.0,0,179
2024-06-27,Store_A,Bread_400g,Bakery,35.0,35.0,0,184
2024-06-28,Store_A,Bread_400g,Bakery,35.0,35.0,0,240
2024-06-29,Store_A,Bread_400g,Bakery,35.0,35.0,0,282
2024-06-30,Store_A,Bread_400g,Bakery,35.0,35.0,0,225
2024-07-01,Store_A,Bread_400g,Bakery,35.0,35.0,0,180
2024-07-02,Store_A,Bread_400g,Bakery,35.0,35.0,0,179
2024-07-03,Store_A,Bread_400g,Bakery,35.0,35.0,0,162
2024-07-04,Store_A,Bread_400g,Bakery,35.0,35.0,0,183
2024-07-05,Store_A,Bread_400g,Bakery,35.0,35.0,0,230
2024-07-06,Store_A,Bread_400g,Bakery,35.0,35.0,0,242
2024-07-07,Store_A,Bread_400g,Bakery,29.47,35.0,0,272
2024-07-08,Store_A,Bread_400g,Bakery,35.0,35.0,0,175
2024-07-09,Store_A,Bread_400g,Bakery,35.0,35.0,0,158
2024-07-10,Store_A,Bread_400g,Bakery,35.0,35.0,0,196
2024-07-11,Store_A,Bread_400g,Bakery,35.0,35.0,0,195
2024-07-12,Store_A,Bread_400g,Bakery,35.0,35.0,0,220
2024-07-13,Store_A,Bread_400g,Bakery,35.0,35.0,0,240
2024-07-14,Store_A,Bread_400g,Bakery,35.0,35.0,0,232
2024-07-15,Store_A,Bread_400g,Bakery,36.13,35.0,1,221
2024-07-16,Store_A,Bread_400g,Bakery,35.0,35.0,0,178
2024-07-17,Store_A,Bread_400g,Bakery,35.0,35.0,0,163
2024-07-18,Store_A,Bread_400g,Bakery,35.0,35.0,0,183
2024-07-19,Store_A,Bread_400g,Bakery,29.76,35.0,0,278
2024-07-20,Store_A,Bread_400g,Bakery,35.0,35.0,0,257
2024-07-21,Store_A,Bread_400g,Bakery,35.0,35.0,1,305
2024-07-22,Store_A,Bread_400g,Bakery,35.0,35.0,0,174
2024-07-23,Store_A,Bread_400g,Bakery,35.0,35.0,0,186
2024-07-24,Store_A,Bread_400g,Bakery,35.0,35.0,0,189
2024-07-25,Store_A,Bread_400g,Bakery,35.0,35.0,0,185
2024-07-26,Store_A,Bread_400g,Bakery,35.0,35.0,0,219
2024-07-27,Store_A,Bread_400g,Bakery,35.0,35.0,0,282
2024-07-28,Store_A,Bread_400g,Bakery,35.0,35.0,0,239
2024-07-29,Store_A,Bread_400g,Bakery,35.0,35.0,1,220
2024-07-30,Store_A,Bread_400g,Bakery,35.0,35.0,0,164
2024-07-31,Store_A,Bread_400g,Bakery,35.0,35.0,0,197
2024-08-01,Store_A,Bread_400g,Bakery,35.0,35.0,0,196
2024-08-02,Store_A,Bread_400g,Bakery,39.15,35.0,0,189
2024-08-03,Store_A,Bread_400g,Bakery,35.0,35.0,0,264
2024-08-04,Store_A,Bread_400g,Bakery,34.09,35.0,0,248
2024-08-05,Store_A,Bread_400g,Bakery,35.0,35.0,0,177
2024-08-06,Store_A,Bread_400g,Bakery,35.0,35.0,0,180
2024-08-07,Store_A,Bread_400g,Bakery,30.27,35.0,0,209
2024-08-08,Store_A,Bread_400g,Bakery,35.0,35.0,0,184
2024-08-09,Store_A,Bread_400g,Bakery,35.0,35.0,0,195
2024-08-10,Store_A,Bread_400g,Bakery,38.73,35.0,0,224
2024-08-11,Store_A,Bread_400g,Bakery,35.0,35.0,0,216
2024-08-12,Store_A,Bread_400g,Bakery,35.0,35.0,0,163
2024-08-13,Store_A,Bread_400g,Bakery,35.27,35.0,0,154
2024-08-14,Store_A,Bread_400g,Bakery,35.0,35.0,0,205
2024-08-15,Store_A,Bread_400g,Bakery,35.0,35.0,0,200
2024-08-16,Store_A,Bread_400g,Bakery,36.51,35.0,0,209
2024-08-17,Store_A,Bread_400g,Bakery,35.0,35.0,0,245
2024-08-18,Store_A,Bread_400g,Bakery,35.0,35.0,0,235
2024-08-19,Store_A,Bread_400g,Bakery,35.0,35.0,0,187
2024-08-20,Store_A,Bread_400g,Bakery,35.0,35.0,0,177
2024-08-21,Store_A,Bread_400g,Bakery,35.0,35.0,0,204
2024-08-22,Store_A,Bread_400g,Bakery,30.48,35.0,0,224
2024-08-23,Store_A,Bread_400g,Bakery,34.05,35.0,0,237
2024-08-24,Store_A,Bread_400g,Bakery,33.4,35.0,0,268
2024-08-25,Store_A,Bread_400g,Bakery,35.0,35.0,0,200
2024-08-26,Store_A,Bread_400g,Bakery,30.7,35.0,0,197
2024-08-27,Store_A,Bread_400g,Bakery,35.0,35.0,0,201
2024-08-28,Store_A,Bread_400g,Bakery,35.0,35.0,0,191
2024-08-29,Store_A,Bread_400g,Bakery,31.96,35.0,0,198
2024-08-30,Store_A,Bread_400g,Bakery,29.17,35.0,0,376
2024-08-31,Store_A,Bread_400g,Bakery,35.0,35.0,0,258
2024-09-01,Store_A,Bread_400g,Bakery,35.0,35.0,0,221
2024-09-02,Store_A,Bread_400g,Bakery,35.0,35.0,1,304
2024-09-03,Store_A,Bread_400g,Bakery,35.0,35.0,0,160
2024-09-04,Store_A,Bread_400g,Bakery,35.0,35.0,0,186
2024-09-05,Store_A,Bread_400g,Bakery,35.5,35.0,0,200
2024-09-06,Store_A,Bread_400g,Bakery,39.39,35.0,1,269
2024-09-07,Store_A,Bread_400g,Bakery,35.0,35.0,0,302
2024-09-08,Store_A,Bread_400g,Bakery,35.0,35.0,0,274
2024-09-09,Store_A,Bread_400g,Bakery,36.84,35.0,0,158
2024-09-10,Store_A,Bread_400g,Bakery,31.86,35.0,1,300
2024-09-11,Store_A,Bread_400g,Bakery,35.0,35.0,0,211
2024-09-12,Store_A,Bread_400g,Bakery,35.0,35.0,1,281
2024-09-13,Store_A,Bread_400g,Bakery,35.0,35.0,0,258
2024-09-14,Store_A,Bread_400g,Bakery,35.0,35.0,0,327
2024-09-15,Store_A,Bread_400g,Bakery,35.0,35.0,0,255
2024-09-16,Store_A,Bread_400g,Bakery,32.81,35.0,0,229
2024-09-17,Store_A,Bread_400g,Bakery,35.0,35.0,0,185
2024-09-18,Store_A,Bread_400g,Bakery,35.0,35.0,0,166
2024-09-19,Store_A,Bread_400g,Bakery,35.0,35.0,0,209
2024-09-20,Store_A,Bread_400g,Bakery,35.0,35.0,0,302
2024-09-21,Store_A,Bread_400g,Bakery,35.0,35.0,0,289
2024-09-22,Store_A,Bread_400g,Bakery,35.0,35.0,0,288
2024-09-23,Store_A,Bread_400g,Bakery,35.0,35.0,0,188
2024-09-24,Store_A,Bread_400g,Bakery,35.0,35.0,0,181
2024-09-25,Store_A,Bread_400g,Bakery,35.0,35.0,0,223
2024-09-26,Store_A,Bread_400g,Bakery,35.0,35.0,0,223
2024-09-27,Store_A,Bread_400g,Bakery,35.0,35.0,0,255
2024-09-28,Store_A,Bread_400g,Bakery,35.0,35.0,0,282
2024-09-29,Store_A,Bread_400g,Bakery,35.0,35.0,0,259
2024-09-30,Store_A,Bread_400g,Bakery,35.0,35.0,0,180
2024-10-01,Store_A,Bread_400g,Bakery,35.0,35.0,0,277
2024-10-02,Store_A,Bread_400g,Bakery,35.0,35.0,0,274
2024-10-03,Store_A,Bread_400g,Bakery,32.81,35.0,0,331
2024-10-04,Store_A,Bread_400g,Bakery,35.0,35.0,0,395
2024-10-05,Store_A,Bread_400g,Bakery,32.98,35.0,0,465
2024-10-06,Store_A,Bread_400g,Bakery,35.0,35.0,0,366
2024-10-07,Store_A,Bread_400g,Bakery,35.0,35.0,0,268
2024-10-08,Store_A,Bread_400g,Bakery,35.0,35.0,0,305
2024-10-09,Store_A,Bread_400g,Bakery,35.0,35.0,1,409
2024-10-10,Store_A,Bread_400g,Bakery,35.0,35.0,0,306
2024-10-11,Store_A,Bread_400g,Bakery,35.0,35.0,0,399
2024-10-12,Store_A,Bread_400g,Bakery,29.24,35.0,0,576
2024-10-13,Store_A,Bread_400g,Bakery,35.0,35.0,0,360
2024-10-14,Store_A,Bread_400g,Bakery,35.0,35.0,0,322
2024-10-15,Store_A,Bread_400g,Bakery,35.0,35.0,0,336
2024-10-16,Store_A,Bread_400g,Bakery,35.0,35.0,1,399
2024-10-17,Store_A,Bread_400g,Bakery,35.0,35.0,0,333
2024-10-18,Store_A,Bread_400g,Bakery,35.0,35.0,0,426
2024-10-19,Store_A,Bread_400g,Bakery,35.0,35.0,0,468
2024-10-20,Store_A,Bread_400g,Bakery,35.0,35.0,0,466
2024-10-21,Store_A,Bread_400g,Bakery,35.0,35.0,0,305
2024-10-22,Store_A,Bread_400g,Bakery,35.0,35.0,0,314
2024-10-23,Store_A,Bread_400g,Bakery,35.0,35.0,0,310
2024-10-24,Store_A,Bread_400g,Bakery,35.0,35.0,0,338
2024-10-25,Store_A,Bread_400g,Bakery,35.0,35.0,1,472
2024-10-26,Store_A,Bread_400g,Bakery,35.0,35.0,0,433
2024-10-27,Store_A,Bread_400g,Bakery,35.0,35.0,0,440
2024-10-28,Store_A,Bread_400g,Bakery,35.0,35.0,0,320
2024-10-29,Store_A,Bread_400g,Bakery,35.0,35.0,0,287
2024-10-30,Store_A,Bread_400g,Bakery,35.0,35.0,0,332
2024-10-31,Store_A,Bread_400g,Bakery,35.0,35.0,0,340
2024-11-01,Store_A,Bread_400g,Bakery,35.0,35.0,0,407
2024-11-02,Store_A,Bread_400g,Bakery,35.0,35.0,1,639
2024-11-03,Store_A,Bread_400g,Bakery,35.0,35.0,0,423
2024-11-04,Store_A,Bread_400g,Bakery,35.0,35.0,0,285
2024-11-05,Store_A,Bread_400g,Bakery,35.0,35.0,0,301
2024-11-06,Store_A,Bread_400g,Bakery,35.0,35.0,0,309
2024-11-07,Store_A,Bread_400g,Bakery,32.69,35.0,0,407
2024-11-08,Store_A,Bread_400g,Bakery,35.0,35.0,0,430
2024-11-09,Store_A,Bread_400g,Bakery,35.0,35.0,0,513
2024-11-10,Store_A,Bread_400g,Bakery,35.0,35.0,0,468
2024-11-11,Store_A,Bread_400g,Bakery,35.0,35.0,0,344
2024-11-12,Store_A,Bread_400g,Bakery,39.12,35.0,0,286
2024-11-13,Store_A,Bread_400g,Bakery,35.0,35.0,0,314
2024-11-14,Store_A,Bread_400g,Bakery,35.0,35.0,0,362
2024-11-15,Store_A,Bread_400g,Bakery,35.0,35.0,0,423
2024-11-16,Store_A,Bread_400g,Bakery,35.0,35.0,0,412
2024-11-17,Store_A,Bread_400g,Bakery,32.95,35.0,0,482
2024-11-18,Store_A,Bread_400g,Bakery,35.0,35.0,0,303
2024-11-19,Store_A,Bread_400g,Bakery,35.0,35.0,0,251
2024-11-20,Store_A,Bread_400g,Bakery,35.0,35.0,0,327
2024-11-21,Store_A,Bread_400g,Bakery,35.0,35.0,0,389
2024-11-22,Store_A,Bread_400g,Bakery,35.0,35.0,0,436
2024-11-23,Store_A,Bread_400g,Bakery,35.0,35.0,0,552
2024-11-24,Store_A,Bread_400g,Bakery,36.57,35.0,0,368
2024-11-25,Store_A,Bread_400g,Bakery,35.0,35.0,0,363
2024-11-26,Store_A,Bread_400g,Bakery,29.64,35.0,0,390
2024-11-27,Store_A,Bread_400g,Bakery,35.0,35.0,1,485
2024-11-28,Store_A,Bread_400g,Bakery,35.0,35.0,0,380
2024-11-29,Store_A,Bread_400g,Bakery,35.0,35.0,0,457
2024-11-30,Store_A,Bread_400g,Bakery,35.0,35.0,0,543
2024-12-01,Store_A,Bread_400g,Bakery,35.0,35.0,0,372
2024-12-02,Store_A,Bread_400g,Bakery,30.51,35.0,0,390
2024-12-03,Store_A,Bread_400g,Bakery,35.53,35.0,0,309
2024-12-04,Store_A,Bread_400g,Bakery,35.0,35.0,1,423
2024-12-05,Store_A,Bread_400g,Bakery,33.5,35.0,0,354
2024-12-06,Store_A,Bread_400g,Bakery,35.0,35.0,0,366
2024-12-07,Store_A,Bread_400g,Bakery,35.0,35.0,0,488
2024-12-08,Store_A,Bread_400g,Bakery,35.0,35.0,0,380
2024-12-09,Store_A,Bread_400g,Bakery,35.0,35.0,0,321
2024-12-10,Store_A,Bread_400g,Bakery,35.0,35.0,0,295
2024-12-11,Store_A,Bread_400g,Bakery,28.17,35.0,0,456
2024-12-12,Store_A,Bread_400g,Bakery,30.68,35.0,0,362
2024-12-13,Store_A,Bread_400g,Bakery,35.0,35.0,0,367
2024-12-14,Store_A,Bread_400g,Bakery,35.0,35.0,0,457
2024-12-15,Store_A,Bread_400g,Bakery,35.0,35.0,1,526
2024-12-16,Store_A,Bread_400g,Bakery,35.0,35.0,0,313
2024-12-17,Store_A,Bread_400g,Bakery,30.11,35.0,0,361
2024-12-18,Store_A,Bread_400g,Bakery,35.0,35.0,0,304
2024-12-19,Store_A,Bread_400g,Bakery,35.0,35.0,1,428
2024-12-20,Store_A,Bread_400g,Bakery,35.0,35.0,1,456
2024-12-21,Store_A,Bread_400g,Bakery,35.0,35.0,0,541
2024-12-22,Store_A,Bread_400g,Bakery,35.0,35.0,1,483
2024-12-23,Store_A,Bread_400g,Bakery,30.4,35.0,0,397
2024-12-24,Store_A,Bread_400g,Bakery,35.0,35.0,0,279
2024-12-25,Store_A,Bread_400g,Bakery,34.5,35.0,0,354
2024-12-26,Store_A,Bread_400g,Bakery,28.37,35.0,0,405
2024-12-27,Store_A,Bread_400g,Bakery,35.0,35.0,0,418
2024-12-28,Store_A,Bread_400g,Bakery,35.0,35.0,0,463
2024-12-29,Store_A,Bread_400g,Bakery,35.0,35.0,0,382
2024-12-30,Store_A,Bread_400g,Bakery,35.0,35.0,0,313
2024-12-31,Store_A,Bread_400g,Bakery,35.0,35.0,0,324
2025-01-01,Store_A,Bread_400g,Bakery,35.0,35.0,0,265
2025-01-02,Store_A,Bread_400g,Bakery,35.0,35.0,0,259
2025-01-03,Store_A,Bread_400g,Bakery,35.0,35.0,0,309
2025-01-04,Store_A,Bread_400g,Bakery,35.0,35.0,0,410
2025-01-05,Store_A,Bread_400g,Bakery,35.0,35.0,0,294
2025-01-06,Store_A,Bread_400g,Bakery,35.0,35.0,0,291
2025-01-07,Store_A,Bread_400g,Bakery,32.35,35.0,0,335
2025-01-08,Store_A,Bread_400g,Bakery,38.98,35.0,0,233
2025-01-09,Store_A,Bread_400g,Bakery,35.0,35.0,0,265
2025-01-10,Store_A,Bread_400g,Bakery,35.0,35.0,0,368
2025-01-11,Store_A,Bread_400g,Bakery,28.8,35.0,1,666
2025-01-12,Store_A,Bread_400g,Bakery,35.0,35.0,0,332
2025-01-13,Store_A,Bread_400g,Bakery,35.0,35.0,0,232
2025-01-14,Store_A,Bread_400g,Bakery,35.0,35.0,0,259
2025-01-15,Store_A,Bread_400g,Bakery,35.0,35.0,0,225
2025-01-16,Store_A,Bread_400g,Bakery,35.0,35.0,0,331
2025-01-17,Store_A,Bread_400g,Bakery,35.0,35.0,1,453
2025-01-18,Store_A,Bread_400g,Bakery,34.78,35.0,0,443
2025-01-19,Store_A,Bread_400g,Bakery,35.0,35.0,0,359
2025-01-20,Store_A,Bread_400g,Bakery,35.0,35.0,0,281
2025-01-21,Store_A,Bread_400g,Bakery,35.0,35.0,0,252
2025-01-22,Store_A,Bread_400g,Bakery,35.0,35.0,0,295
2025-01-23,Store_A,Bread_400g,Bakery,35.0,35.0,0,324
2025-01-24,Store_A,Bread_400g,Bakery,35.0,35.0,0,389
2025-01-25,Store_A,Bread_400g,Bakery,35.0,35.0,0,511
2025-01-26,Store_A,Bread_400g,Bakery,30.47,35.0,0,458
2025-01-27,Store_A,Bread_400g,Bakery,37.08,35.0,0,234
2025-01-28,Store_A,Bread_400g,Bakery,35.0,35.0,0,279
2025-01-29,Store_A,Bread_400g,Bakery,35.0,35.0,0,249
2025-01-30,Store_A,Bread_400g,Bakery,35.0,35.0,0,313
2025-01-31,Store_A,Bread_400g,Bakery,28.22,35.0,0,486
2025-02-01,Store_A,Bread_400g,Bakery,35.0,35.0,0,427
2025-02-02,Store_A,Bread_400g,Bakery,29.53,35.0,0,424
2025-02-03,Store_A,Bread_400g,Bakery,35.0,35.0,0,248
2025-02-04,Store_A,Bread_400g,Bakery,35.0,35.0,0,260
2025-02-05,Store_A,Bread_400g,Bakery,35.0,35.0,0,275
2025-02-06,Store_A,Bread_400g,Bakery,35.0,35.0,0,271
2025-02-07,Store_A,Bread_400g,Bakery,36.04,35.0,0,320
2025-02-08,Store_A,Bread_400g,Bakery,35.0,35.0,0,346
2025-02-09,Store_A,Bread_400g,Bakery,35.0,35.0,0,389
2025-02-10,Store_A,Bread_400g,Bakery,35.0,35.0,0,295
2025-02-11,Store_A,Bread_400g,Bakery,35.0,35.0,0,248
2025-02-12,Store_A,Bread_400g,Bakery,35.0,35.0,0,295
2025-02-13,Store_A,Bread_400g,Bakery,35.0,35.0,0,265
2025-02-14,Store_A,Bread_400g,Bakery,35.0,35.0,0,327
2025-02-15,Store_A,Bread_400g,Bakery,33.29,35.0,0,449
2025-02-16,Store_A,Bread_400g,Bakery,34.27,35.0,0,334
2025-02-17,Store_A,Bread_400g,Bakery,35.0,35.0,0,279
2025-02-18,Store_A,Bread_400g,Bakery,35.0,35.0,0,263
2025-02-19,Store_A,Bread_400g,Bakery,35.0,35.0,0,287
2025-02-20,Store_A,Bread_400g,Bakery,35.0,35.0,0,276
2025-02-21,Store_A,Bread_400g,Bakery,35.0,35.0,0,383
2025-02-22,Store_A,Bread_400g,Bakery,35.0,35.0,0,430
2025-02-23,Store_A,Bread_400g,Bakery,35.0,35.0,0,347
2025-02-24,Store_A,Bread_400g,Bakery,35.0,35.0,0,254
2025-02-25,Store_A,Bread_400g,Bakery,35.0,35.0,0,251
2025-02-26,Store_A,Bread_400g,Bakery,35.0,35.0,0,259
2025-02-27,Store_A,Bread_400g,Bakery,35.0,35.0,0,264
2025-02-28,Store_A,Bread_400g,Bakery,37.27,35.0,0,324
2025-03-01,Store_A,Bread_400g,Bakery,35.0,35.0,0,381
2025-03-02,Store_A,Bread_400g,Bakery,35.0,35.0,0,352
2025-03-03,Store_A,Bread_400g,Bakery,35.0,35.0,0,291
2025-03-04,Store_A,Bread_400g,Bakery,35.0,35.0,0,241
2025-03-05,Store_A,Bread_400g,Bakery,35.0,35.0,0,267
2025-03-06,Store_A,Bread_400g,Bakery,32.55,35.0,0,323
2025-03-07,Store_A,Bread_400g,Bakery,35.0,35.0,0,350
2025-03-08,Store_A,Bread_400g,Bakery,35.0,35.0,0,401
2025-03-09,Store_A,Bread_400g,Bakery,28.03,35.0,1,666
2025-03-10,Store_A,Bread_400g,Bakery,35.0,35.0,0,255
2025-03-11,Store_A,Bread_400g,Bakery,35.0,35.0,0,312
2025-03-12,Store_A,Bread_400g,Bakery,35.0,35.0,0,268
2025-03-13,Store_A,Bread_400g,Bakery,29.69,35.0,1,448
2025-03-14,Store_A,Bread_400g,Bakery,31.77,35.0,0,406
2025-03-15,Store_A,Bread_400g,Bakery,35.0,35.0,0,341
2025-03-16,Store_A,Bread_400g,Bakery,35.0,35.0,0,319
2025-03-17,Store_A,Bread_400g,Bakery,35.0,35.0,0,285
2025-03-18,Store_A,Bread_400g,Bakery,35.0,35.0,0,232
2025-03-19,Store_A,Bread_400g,Bakery,31.85,35.0,0,304
2025-03-20,Store_A,Bread_400g,Bakery,35.0,35.0,0,232
2025-03-21,Store_A,Bread_400g,Bakery,35.0,35.0,0,333
2025-03-22,Store_A,Bread_400g,Bakery,35.0,35.0,0,376
2025-03-23,Store_A,Bread_400g,Bakery,38.32,35.0,0,250
2025-03-24,Store_A,Bread_400g,Bakery,35.0,35.0,0,272
2025-03-25,Store_A,Bread_400g,Bakery,35.0,35.0,0,224
2025-03-26,Store_A,Bread_400g,Bakery,35.15,35.0,0,238
2025-03-27,Store_A,Bread_400g,Bakery,35.0,35.0,0,293
2025-03-28,Store_A,Bread_400g,Bakery,35.0,35.0,0,320
2025-03-29,Store_A,Bread_400g,Bakery,35.0,35.0,0,400
2025-03-30,Store_A,Bread_400g,Bakery,30.03,35.0,0,414
2025-03-31,Store_A,Bread_400g,Bakery,35.0,35.0,0,279
2025-04-01,Store_A,Bread_400g,Bakery,35.0,35.0,0,240
2025-04-02,Store_A,Bread_400g,Bakery,35.0,35.0,1,368
2025-04-03,Store_A,Bread_400g,Bakery,35.0,35.0,0,259
2025-04-04,Store_A,Bread_400g,Bakery,35.0,35.0,0,375
2025-04-05,Store_A,Bread_400g,Bakery,35.0,35.0,0,317
2025-04-06,Store_A,Bread_400g,Bakery,35.0,35.0,0,338
2025-04-07,Store_A,Bread_400g,Bakery,35.0,35.0,0,228
2025-04-08,Store_A,Bread_400g,Bakery,35.0,35.0,0,247
2025-04-09,Store_A,Bread_400g,Bakery,35.0,35.0,0,240
2025-04-10,Store_A,Bread_400g,Bakery,35.0,35.0,0,260
2025-04-11,Store_A,Bread_400g,Bakery,35.0,35.0,0,340
2025-04-12,Store_A,Bread_400g,Bakery,35.0,35.0,0,428
2025-04-13,Store_A,Bread_400g,Bakery,35.0,35.0,0,371
2025-04-14,Store_A,Bread_400g,Bakery,35.0,35.0,0,234
2025-04-15,Store_A,Bread_400g,Bakery,35.0,35.0,0,242
2025-04-16,Store_A,Bread_400g,Bakery,33.57,35.0,0,246
2025-04-17,Store_A,Bread_400g,Bakery,35.0,35.0,0,264
2025-04-18,Store_A,Bread_400g,Bakery,35.0,35.0,1,408
2025-04-19,Store_A,Bread_400g,Bakery,37.26,35.0,0,376
2025-04-20,Store_A,Bread_400g,Bakery,35.0,35.0,0,339
2025-04-21,Store_A,Bread_400g,Bakery,35.0,35.0,0,215
2025-04-22,Store_A,Bread_400g,Bakery,31.68,35.0,0,289
2025-04-23,Store_A,Bread_400g,Bakery,35.0,35.0,0,245
2025-04-24,Store_A,Bread_400g,Bakery,35.0,35.0,0,287
2025-04-25,Store_A,Bread_400g,Bakery,35.0,35.0,0,325
2025-04-26,Store_A,Bread_400g,Bakery,35.0,35.0,0,404
2025-04-27,Store_A,Bread_400g,Bakery,35.0,35.0,0,291
2025-04-28,Store_A,Bread_400g,Bakery,35.0,35.0,0,226
2025-04-29,Store_A,Bread_400g,Bakery,35.0,35.0,0,234
2025-04-30,Store_A,Bread_400g,Bakery,35.0,35.0,0,241
2025-05-01,Store_A,Bread_400g,Bakery,35.0,35.0,0,256
2025-05-02,Store_A,Bread_400g,Bakery,36.16,35.0,0,305
2025-05-03,Store_A,Bread_400g,Bakery,35.0,35.0,0,389
2025-05-04,Store_A,Bread_400g,Bakery,40.12,35.0,0,234
2025-05-05,Store_A,Bread_400g,Bakery,35.0,35.0,0,248
2025-05-06,Store_A,Bread_400g,Bakery,35.0,35.0,1,307
2025-05-07,Store_A,Bread_400g,Bakery,35.0,35.0,0,243
2025-05-08,Store_A,Bread_400g,Bakery,36.37,35.0,0,240
2025-05-09,Store_A,Bread_400g,Bakery,35.0,35.0,0,307
2025-05-10,Store_A,Bread_400g,Bakery,35.0,35.0,0,352
2025-05-11,Store_A,Bread_400g,Bakery,35.0,35.0,0,329
2025-05-12,Store_A,Bread_400g,Bakery,35.0,35.0,0,286
2025-05-13,Store_A,Bread_400g,Bakery,35.0,35.0,0,220
2025-05-14,Store_A,Bread_400g,Bakery,35.0,35.0,1,326
2025-05-15,Store_A,Bread_400g,Bakery,35.0,35.0,0,249
2025-05-16,Store_A,Bread_400g,Bakery,34.78,35.0,0,330
2025-05-17,Store_A,Bread_400g,Bakery,35.0,35.0,0,354
2025-05-18,Store_A,Bread_400g,Bakery,32.46,35.0,0,329
2025-05-19,Store_A,Bread_400g,Bakery,38.06,35.0,1,320
2025-05-20,Store_A,Bread_400g,Bakery,35.0,35.0,0,210
2025-05-21,Store_A,Bread_400g,Bakery,35.0,35.0,0,239
2025-05-22,Store_A,Bread_400g,Bakery,35.0,35.0,1,354
2025-05-23,Store_A,Bread_400g,Bakery,35.0,35.0,0,304
2025-05-24,Store_A,Bread_400g,Bakery,35.0,35.0,0,362
2025-05-25,Store_A,Bread_400g,Bakery,35.0,35.0,0,312
2025-05-26,Store_A,Bread_400g,Bakery,35.0,35.0,0,264
2025-05-27,Store_A,Bread_400g,Bakery,35.0,35.0,0,227
2025-05-28,Store_A,Bread_400g,Bakery,35.0,35.0,0,264
2025-05-29,Store_A,Bread_400g,Bakery,35.0,35.0,0,230
2025-05-30,Store_A,Bread_400g,Bakery,35.0,35.0,0,303
2025-05-31,Store_A,Bread_400g,Bakery,35.0,35.0,0,332
2025-06-01,Store_A,Bread_400g,Bakery,35.0,35.0,0,313
2025-06-02,Store_A,Bread_400g,Bakery,35.0,35.0,0,202
2025-06-03,Store_A,Bread_400g,Bakery,35.0,35.0,0,194
2025-06-04,Store_A,Bread_400g,Bakery,39.92,35.0,0,212
2025-06-05,Store_A,Bread_400g,Bakery,35.0,35.0,0,222
2025-06-06,Store_A,Bread_400g,Bakery,35.0,35.0,0,306
2025-06-07,Store_A,Bread_400g,Bakery,35.0,35.0,0,337
2025-06-08,Store_A,Bread_400g,Bakery,35.0,35.0,0,285
2025-06-09,Store_A,Bread_400g,Bakery,35.0,35.0,0,245
2025-06-10,Store_A,Bread_400g,Bakery,35.0,35.0,0,212
2025-06-11,Store_A,Bread_400g,Bakery,35.0,35.0,0,195
2025-06-12,Store_A,Bread_400g,Bakery,35.0,35.0,0,254
2025-06-13,Store_A,Bread_400g,Bakery,35.0,35.0,0,296
2025-06-14,Store_A,Bread_400g,Bakery,35.0,35.0,0,341
2025-06-15,Store_A,Bread_400g,Bakery,35.0,35.0,0,272
2025-06-16,Store_A,Bread_400g,Bakery,35.0,35.0,0,229
2025-06-17,Store_A,Bread_400g,Bakery,32.17,35.0,0,259
2025-06-18,Store_A,Bread_400g,Bakery,30.71,35.0,0,241
2025-06-19,Store_A,Bread_400g,Bakery,33.8,35.0,0,231
2025-06-20,Store_A,Bread_400g,Bakery,35.0,35.0,0,261
2025-06-21,Store_A,Bread_400g,Bakery,35.0,35.0,0,365
2025-06-22,Store_A,Bread_400g,Bakery,35.0,35.0,0,254
2025-06-23,Store_A,Bread_400g,Bakery,35.0,35.0,0,234
2025-06-24,Store_A,Bread_400g,Bakery,29.52,35.0,0,266
2025-06-25,Store_A,Bread_400g,Bakery,35.0,35.0,0,226
2025-06-26,Store_A,Bread_400g,Bakery,35.04,35.0,0,222
2025-06-27,Store_A,Bread_400g,Bakery,35.0,35.0,0,293
2025-06-28,Store_A,Bread_400g,Bakery,35.0,35.0,0,378
2025-06-29,Store_A,Bread_400g,Bakery,35.0,35.0,0,308
2025-06-30,Store_A,Bread_400g,Bakery,35.0,35.0,1,270
2025-07-01,Store_A,Bread_400g,Bakery,35.0,35.0,0,205
2025-07-02,Store_A,Bread_400g,Bakery,31.75,35.0,0,264
2025-07-03,Store_A,Bread_400g,Bakery,35.0,35.0,0,244
2025-07-04,Store_A,Bread_400g,Bakery,29.36,35.0,0,375
2025-07-05,Store_A,Bread_400g,Bakery,38.71,35.0,0,266
2025-07-06,Store_A,Bread_400g,Bakery,37.31,35.0,0,304
2025-07-07,Store_A,Bread_400g,Bakery,35.0,35.0,0,198
2025-07-08,Store_A,Bread_400g,Bakery,35.0,35.0,0,217
2025-07-09,Store_A,Bread_400g,Bakery,35.0,35.0,1,308
2025-07-10,Store_A,Bread_400g,Bakery,35.0,35.0,0,188
2025-07-11,Store_A,Bread_400g,Bakery,35.0,35.0,1,406
2025-07-12,Store_A,Bread_400g,Bakery,35.0,35.0,0,354
2025-07-13,Store_A,Bread_400g,Bakery,35.0,35.0,0,326
2025-07-14,Store_A,Bread_400g,Bakery,35.0,35.0,0,230
2025-07-15,Store_A,Bread_400g,Bakery,35.0,35.0,0,235
2025-07-16,Store_A,Bread_400g,Bakery,35.0,35.0,0,214
2025-07-17,Store_A,Bread_400g,Bakery,35.0,35.0,0,263
2025-07-18,Store_A,Bread_400g,Bakery,35.0,35.0,1,374
2025-07-19,Store_A,Bread_400g,Bakery,35.0,35.0,0,343
2025-07-20,Store_A,Bread_400g,Bakery,35.0,35.0,0,317
2025-07-21,Store_A,Bread_400g,Bakery,35.0,35.0,0,228
2025-07-22,Store_A,Bread_400g,Bakery,32.22,35.0,0,252
2025-07-23,Store_A,Bread_400g,Bakery,35.0,35.0,0,222
2025-07-24,Store_A,Bread_400g,Bakery,35.0,35.0,0,233
2025-07-25,Store_A,Bread_400g,Bakery,35.0,35.0,0,261
2025-07-26,Store_A,Bread_400g,Bakery,32.12,35.0,0,367
2025-07-27,Store_A,Bread_400g,Bakery,35.0,35.0,1,466
2025-07-28,Store_A,Bread_400g,Bakery,35.0,35.0,0,211
2025-07-29,Store_A,Bread_400g,Bakery,35.0,35.0,0,239
2025-07-30,Store_A,Bread_400g,Bakery,35.0,35.0,0,206
2025-07-31,Store_A,Bread_400g,Bakery,35.0,35.0,0,248
2025-08-01,Store_A,Bread_400g,Bakery,29.61,35.0,0,370
2025-08-02,Store_A,Bread_400g,Bakery,35.0,35.0,0,386
2025-08-03,Store_A,Bread_400g,Bakery,35.0,35.0,0,287
2025-08-04,Store_A,Bread_400g,Bakery,28.45,35.0,0,281
2025-08-05,Store_A,Bread_400g,Bakery,35.0,35.0,0,186
2025-08-06,Store_A,Bread_400g,Bakery,30.41,35.0,0,285
2025-08-07,Store_A,Bread_400g,Bakery,35.0,35.0,0,178
2025-08-08,Store_A,Bread_400g,Bakery,35.0,35.0,0,278
2025-08-09,Store_A,Bread_400g,Bakery,35.0,35.0,0,381
2025-08-10,Store_A,Bread_400g,Bakery,39.42,35.0,0,253
2025-08-11,Store_A,Bread_400g,Bakery,35.0,35.0,0,212
2025-08-12,Store_A,Bread_400g,Bakery,35.0,35.0,0,202
2025-08-13,Store_A,Bread_400g,Bakery,35.0,35.0,0,223
2025-08-14,Store_A,Bread_400g,Bakery,35.0,35.0,0,260
2025-08-15,Store_A,Bread_400g,Bakery,35.0,35.0,0,282
2025-08-16,Store_A,Bread_400g,Bakery,35.0,35.0,0,341
2025-08-17,Store_A,Bread_400g,Bakery,35.0,35.0,0,308
2025-08-18,Store_A,Bread_400g,Bakery,33.27,35.0,0,216
2025-08-19,Store_A,Bread_400g,Bakery,35.0,35.0,0,227
2025-08-20,Store_A,Bread_400g,Bakery,35.0,35.0,0,277
2025-08-21,Store_A,Bread_400g,Bakery,35.0,35.0,1,364
2025-08-22,Store_A,Bread_400g,Bakery,35.0,35.0,0,340
2025-08-23,Store_A,Bread_400g,Bakery,35.0,35.0,0,277
2025-08-24,Store_A,Bread_400g,Bakery,35.0,35.0,0,324
2025-08-25,Store_A,Bread_400g,Bakery,31.36,35.0,0,304
2025-08-26,Store_A,Bread_400g,Bakery,35.0,35.0,1,317
2025-08-27,Store_A,Bread_400g,Bakery,33.87,35.0,0,278
2025-08-28,Store_A,Bread_400g,Bakery,35.0,35.0,1,318
2025-08-29,Store_A,Bread_400g,Bakery,35.0,35.0,0,285
2025-08-30,Store_A,Bread_400g,Bakery,35.0,35.0,0,317
2025-08-31,Store_A,Bread_400g,Bakery,35.0,35.0,0,310
2025-09-01,Store_A,Bread_400g,Bakery,35.0,35.0,0,258
2025-09-02,Store_A,Bread_400g,Bakery,35.0,35.0,0,229
2025-09-03,Store_A,Bread_400g,Bakery,35.0,35.0,0,236
2025-09-04,Store_A,Bread_400g,Bakery,35.0,35.0,0,266
2025-09-05,Store_A,Bread_400g,Bakery,30.9,35.0,0,369
2025-09-06,Store_A,Bread_400g,Bakery,35.0,35.0,1,467
2025-09-07,Store_A,Bread_400g,Bakery,35.0,35.0,0,327
2025-09-08,Store_A,Bread_400g,Bakery,35.0,35.0,1,340
2025-09-09,Store_A,Bread_400g,Bakery,35.0,35.0,0,222
2025-09-10,Store_A,Bread_400g,Bakery,33.07,35.0,0,273
2025-09-11,Store_A,Bread_400g,Bakery,35.0,35.0,0,279
2025-09-12,Store_A,Bread_400g,Bakery,35.0,35.0,0,297
2025-09-13,Store_A,Bread_400g,Bakery,35.0,35.0,0,392
2025-09-14,Store_A,Bread_400g,Bakery,35.0,35.0,0,334
2025-09-15,Store_A,Bread_400g,Bakery,29.51,35.0,0,294
2025-09-16,Store_A,Bread_400g,Bakery,35.0,35.0,0,226
2025-09-17,Store_A,Bread_400g,Bakery,35.0,35.0,0,269
2025-09-18,Store_A,Bread_400g,Bakery,35.0,35.0,0,239
2025-09-19,Store_A,Bread_400g,Bakery,36.03,35.0,0,300
2025-09-20,Store_A,Bread_400g,Bakery,35.0,35.0,0,441
2025-09-21,Store_A,Bread_400g,Bakery,35.0,35.0,0,323
2025-09-22,Store_A,Bread_400g,Bakery,29.06,35.0,0,355
2025-09-23,Store_A,Bread_400g,Bakery,35.0,35.0,0,237
2025-09-24,Store_A,Bread_400g,Bakery,31.41,35.0,0,294
2025-09-25,Store_A,Bread_400g,Bakery,35.0,35.0,0,263
2025-09-26,Store_A,Bread_400g,Bakery,35.0,35.0,1,464
2025-09-27,Store_A,Bread_400g,Bakery,31.59,35.0,0,383
2025-09-28,Store_A,Bread_400g,Bakery,35.0,35.0,0,347
2025-09-29,Store_A,Bread_400g,Bakery,35.0,35.0,0,227
2025-09-30,Store_A,Bread_400g,Bakery,35.0,35.0,0,231
2025-10-01,Store_A,Bread_400g,Bakery,35.0,35.0,1,520
2025-10-02,Store_A,Bread_400g,Bakery,35.0,35.0,0,365
2025-10-03,Store_A,Bread_400g,Bakery,35.0,35.0,0,570
2025-10-04,Store_A,Bread_400g,Bakery,35.31,35.0,0,591
2025-10-05,Store_A,Bread_400g,Bakery,35.0,35.0,0,449
2025-10-06,Store_A,Bread_400g,Bakery,35.0,35.0,0,323
2025-10-07,Store_A,Bread_400g,Bakery,35.0,35.0,0,353
2025-10-08,Store_A,Bread_400g,Bakery,35.0,35.0,0,423
2025-10-09,Store_A,Bread_400g,Bakery,35.0,35.0,0,411
2025-10-10,Store_A,Bread_400g,Bakery,35.0,35.0,0,501
2025-10-11,Store_A,Bread_400g,Bakery,35.0,35.0,0,500
2025-10-12,Store_A,Bread_400g,Bakery,35.0,35.0,0,499
2025-10-13,Store_A,Bread_400g,Bakery,35.0,35.0,0,412
2025-10-14,Store_A,Bread_400g,Bakery,35.0,35.0,0,364
2025-10-15,Store_A,Bread_400g,Bakery,35.0,35.0,0,330
2025-10-16,Store_A,Bread_400g,Bakery,35.0,35.0,0,400
2025-10-17,Store_A,Bread_400g,Bakery,36.36,35.0,0,395
2025-10-18,Store_A,Bread_400g,Bakery,33.7,35.0,0,600
2025-10-19,Store_A,Bread_400g,Bakery,35.0,35.0,0,473
2025-10-20,Store_A,Bread_400g,Bakery,35.0,35.0,0,409
2025-10-21,Store_A,Bread_400g,Bakery,35.0,35.0,0,351
2025-10-22,Store_A,Bread_400g,Bakery,35.0,35.0,0,398
2025-10-23,Store_A,Bread_400g,Bakery,35.0,35.0,0,408
2025-10-24,Store_A,Bread_400g,Bakery,35.0,35.0,0,477
2025-10-25,Store_A,Bread_400g,Bakery,35.0,35.0,0,676
2025-10-26,Store_A,Bread_400g,Bakery,35.0,35.0,0,497
2025-10-27,Store_A,Bread_400g,Bakery,35.0,35.0,0,394
2025-10-28,Store_A,Bread_400g,Bakery,35.0,35.0,0,370
2025-10-29,Store_A,Bread_400g,Bakery,35.0,35.0,0,399
2025-10-30,Store_A,Bread_400g,Bakery,35.0,35.0,0,480
2025-10-31,Store_A,Bread_400g,Bakery,35.0,35.0,0,530
2025-11-01,Store_A,Bread_400g,Bakery,35.0,35.0,0,574
2025-11-02,Store_A,Bread_400g,Bakery,35.0,35.0,0,594
2025-11-03,Store_A,Bread_400g,Bakery,35.0,35.0,0,424
2025-11-04,Store_A,Bread_400g,Bakery,35.0,35.0,0,365
2025-11-05,Store_A,Bread_400g,Bakery,35.0,35.0,1,599
2025-11-06,Store_A,Bread_400g,Bakery,35.0,35.0,0,381
2025-11-07,Store_A,Bread_400g,Bakery,35.0,35.0,0,472
2025-11-08,Store_A,Bread_400g,Bakery,35.0,35.0,0,530
2025-11-09,Store_A,Bread_400g,Bakery,35.0,35.0,0,455
2025-11-10,Store_A,Bread_400g,Bakery,35.0,35.0,0,448
2025-11-11,Store_A,Bread_400g,Bakery,29.95,35.0,0,449
2025-11-12,Store_A,Bread_400g,Bakery,35.0,35.0,0,373
2025-11-13,Store_A,Bread_400g,Bakery,32.54,35.0,0,520
2025-11-14,Store_A,Bread_400g,Bakery,35.61,35.0,0,515
2025-11-15,Store_A,Bread_400g,Bakery,31.88,35.0,0,831
2025-11-16,Store_A,Bread_400g,Bakery,35.0,35.0,0,543
2025-11-17,Store_A,Bread_400g,Bakery,35.0,35.0,0,368
2025-11-18,Store_A,Bread_400g,Bakery,35.0,35.0,0,378
2025-11-19,Store_A,Bread_400g,Bakery,35.0,35.0,0,365
2025-11-20,Store_A,Bread_400g,Bakery,35.0,35.0,0,467
2025-11-21,Store_A,Bread_400g,Bakery,35.0,35.0,0,500
2025-11-22,Store_A,Bread_400g,Bakery,35.0,35.0,0,588
2025-11-23,Store_A,Bread_400g,Bakery,35.0,35.0,0,661
2025-11-24,Store_A,Bread_400g,Bakery,38.47,35.0,1,504
2025-11-25,Store_A,Bread_400g,Bakery,35.0,35.0,0,363
2025-11-26,Store_A,Bread_400g,Bakery,35.0,35.0,0,411
2025-11-27,Store_A,Bread_400g,Bakery,35.0,35.0,0,472
2025-11-28,Store_A,Bread_400g,Bakery,35.0,35.0,1,674
2025-11-29,Store_A,Bread_400g,Bakery,35.0,35.0,1,889
2025-11-30,Store_A,Bread_400g,Bakery,28.54,35.0,0,807
2025-12-01,Store_A,Bread_400g,Bakery,35.0,35.0,0,377
2025-12-02,Store_A,Bread_400g,Bakery,35.0,35.0,0,345
2025-12-03,Store_A,Bread_400g,Bakery,35.0,35.0,0,388
2025-12-04,Store_A,Bread_400g,Bakery,35.0,35.0,0,359
2025-12-05,Store_A,Bread_400g,Bakery,31.57,35.0,0,553
2025-12-06,Store_A,Bread_400g,Bakery,35.0,35.0,0,618
2025-12-07,Store_A,Bread_400g,Bakery,35.0,35.0,0,482
2025-12-08,Store_A,Bread_400g,Bakery,35.0,35.0,1,510
2025-12-09,Store_A,Bread_400g,Bakery,35.0,35.0,0,361
2025-12-10,Store_A,Bread_400g,Bakery,35.0,35.0,0,415
2025-12-11,Store_A,Bread_400g,Bakery,35.0,35.0,1,498
2025-12-12,Store_A,Bread_400g,Bakery,28.09,35.0,0,632
2025-12-13,Store_A,Bread_400g,Bakery,34.43,35.0,0,533
2025-12-14,Store_A,Bread_400g,Bakery,38.97,35.0,0,372
2025-12-15,Store_A,Bread_400g,Bakery,35.0,35.0,1,526
2025-12-16,Store_A,Bread_400g,Bakery,35.0,35.0,0,351
2025-12-17,Store_A,Bread_400g,Bakery,35.0,35.0,0,388
2025-12-18,Store_A,Bread_400g,Bakery,35.0,35.0,0,359
2025-12-19,Store_A,Bread_400g,Bakery,35.0,35.0,0,538
2025-12-20,Store_A,Bread_400g,Bakery,40.01,35.0,0,512
2025-12-21,Store_A,Bread_400g,Bakery,35.0,35.0,0,476
2025-12-22,Store_A,Bread_400g,Bakery,38.01,35.0,0,331
2025-12-23,Store_A,Bread_400g,Bakery,35.0,35.0,0,373
2025-12-24,Store_A,Bread_400g,Bakery,35.0,35.0,0,409
2025-12-25,Store_A,Bread_400g,Bakery,29.97,35.0,0,495
2025-12-26,Store_A,Bread_400g,Bakery,39.29,35.0,0,412
2025-12-27,Store_A,Bread_400g,Bakery,35.0,35.0,0,649
2025-12-28,Store_A,Bread_400g,Bakery,35.0,35.0,0,519
2025-12-29,Store_A,Bread_400g,Bakery,35.0,35.0,0,426
2025-12-30,Store_A,Bread_400g,Bakery,35.0,35.0,0,367
2024-01-01,Store_A,Eggs_12pk,Dairy,80.0,80.0,0,71
2024-01-02,Store_A,Eggs_12pk,Dairy,80.0,80.0,0,76
2024-01-03,Store_A,Eggs_12pk,Dairy,65.12,80.0,0,97
2024-01-04,Store_A,Eggs_12pk,Dairy,80.0,80.0,0,77
2024-01-05,Store_A,Eggs_12pk,Dairy,80.0,80.0,0,97
2024-01-06,Store_A,Eggs_12pk,Dairy,80.0,80.0,0,117
2024-01-07,Store_A,Eggs_12pk,Dairy,80.0,80.0,0,104
2024-01-08,Store_A,Eggs_12pk,Dairy,80.0,80.0,0,80
2024-01-09,Store_A,Eggs_12pk,Dairy,80.0,80.0,0,82
2024-01-10,Store_A,Eggs_12pk,Dairy,77.27,80.0,0,91
2024-01-11,Store_A,Eggs_12pk,Dairy,64.1,80.0,1,168
2024-01-12,Store_A,Eggs_12pk,Dairy,80.0,80.0,0,110
2024-01-13,Store_A,Eggs_12pk,Dairy,80.0,80.0,1,144
2024-01-14,Store_A,Eggs_12pk,Dairy,80.0,80.0,0,109
2024-01-15,Store_A,Eggs_12pk,Dairy,80.0,80.0,0,85
2024-01-16,Store_A,Eggs_12pk,Dairy,80.0,80.0,0,64
2024-01-17,Store_A,Eggs_12pk,Dairy,80.0,80.0,1,119
2024-01-18,Store_A,Eggs_12pk,Dairy,80.0,80.0,0,87
2024-01-19,Store_A,Eggs_12pk,Dairy,80.0,80.0,0,109
2024-01-20,Store_A,Eggs_12pk,Dairy,65.36,80.0,0,152
2024-01-21,Store_A,Eggs_12pk,Dairy,78.12,80.0,0,111
2024-01-22,Store_A,Eggs_12pk,Dairy,80.0,80.0,0,83
2024-01-23,Store_A,Eggs_12pk,Dairy,82.87,80.0,0,80
2024-01-24,Store_A,Eggs_12pk,Dairy,80.0,80.0,0,82
2024-01-25,Store_A,Eggs_12pk,Dairy,80.0,80.0,0,90
2024-01-26,Store_A,Eggs_12pk,Dairy,80.0,80.0,0,114
2024-01-27,Store_A,Eggs_12pk,Dairy,80.0,80.0,0,137
2024-01-28,Store_A,Eggs_12pk,Dairy,80.0,80.0,0,111
2024-01-29,Store_A,Eggs_12pk,Dairy,80.0,80.0,0,82
2024-01-30,Store_A,Eggs_12pk,Dairy,80.0,80.0,0,79
2024-01-31,Store_A,Eggs_12pk,Dairy,80.0,80.0,0,84
2024-02-01,Store_A,Eggs_12pk,Dairy,68.77,80.0,0,99
2024-02-02,Store_A,Eggs_12pk,Dairy,64.55,80.0,0,139
2024-02-03,Store_A,Eggs_12pk,Dairy,80.0,80.0,0,139
2024-02-04,Store_A,Eggs_12pk,Dairy,76.63,80.0,0,105
2024-02-05,Store_A,Eggs_12pk,Dairy,80.0,80.0,1,116
2024-02-06,Store_A,Eggs_12pk,Dairy,80.0,80.0,0,71
2024-02-07,Store_A,Eggs_12pk,Dairy,80.0,80.0,0,88
2024-02-08,Store_A,Eggs_12pk,Dairy,80.0,80.0,0,97
2024-02-09,Store_A,Eggs_12pk,Dairy,79.7,80.0,0,99
2024-02-10,Store_A,Eggs_12pk,Dairy,77.45,80.0,0,143
2024-02-11,Store_A,Eggs_12pk,Dairy,64.12,80.0,0,140
2024-02-12,Store_A,Eggs_12pk,Dairy,80.0,80.0,0,82
2024-02-13,Store_A,Eggs_12pk,Dairy,80.0,80.0,0,84
2024-02-14,Store_A,Eggs_12pk,Dairy,80.0,80.0,0,83
2024-02-15,Store_A,Eggs_12pk,Dairy,80.0,80.0,0,95
2024-02-16,Store_A,Eggs_12pk,Dairy,76.25,80.0,0,122
2024-02-17,Store_A,Eggs_12pk,Dairy,72.21,80.0,0,153
2024-02-18,Store_A,Eggs_12pk,Dairy,80.0,80.0,0,100
2024-02-19,Store_A,Eggs_12pk,Dairy,80.0,80.0,0,84
2024-02-20,Store_A,Eggs_12pk,Dairy,80.0,80.0,0,89
2024-02-21,Store_A,Eggs_12pk,Dairy,80.0,80.0,0,94
2024-02-22,Store_A,Eggs_12pk,Dairy,71.23,80.0,0,96
2024-02-23,Store_A,Eggs_12pk,Dairy,80.0,80.0,0,108
2024-02-24,Store_A,Eggs_12pk,Dairy,80.0,80.0,0,121
2024-02-25,Store_A,Eggs_12pk,Dairy,80.0,80.0,0,117
2024-02-26,Store_A,Eggs_12pk,Dairy,80.0,80.0,1,109
2024-02-27,Store_A,Eggs_12pk,Dairy,88.8,80.0,0,54
2024-02-28,Store_A,Eggs_12pk,Dairy,73.18,80.0,0,82
2024-02-29,Store_A,Eggs_12pk,Dairy,80.0,80.0,0,101
2024-03-01,Store_A,Eggs_12pk,Dairy,80.0,80.0,0,108
2024-03-02,Store_A,Eggs_12pk,Dairy,80.0,80.0,0,143
2024-03-03,Store_A,Eggs_12pk,Dairy,80.0,80.0,0,113
2024-03-04,Store_A,Eggs_12pk,Dairy,80.0,80.0,0,89
2024-03-05,Store_A,Eggs_12pk,Dairy,84.48,80.0,0,77
2024-03-06,Store_A,Eggs_12pk,Dairy,80.0,80.0,0,70
2024-03-07,Store_A,Eggs_12pk,Dairy,80.0,80.0,0,79
2024-03-08,Store_A,Eggs_12pk,Dairy,85.98,80.0,0,91
2024-03-09,Store_A,Eggs_12pk,Dairy,80.0,80.0,0,107
2024-03-10,Store_A,Eggs_12pk,Dairy,80.0,80.0,0,121
2024-03-11,Store_A,Eggs_12pk,Dairy,80.0,80.0,0,89
2024-03-12,Store_A,Eggs_12pk,Dairy,80.0,80.0,1,104
2024-03-13,Store_A,Eggs_12pk,Dairy,80.0,80.0,0,98
2024-03-14,Store_A,Eggs_12pk,Dairy,80.0,80.0,0,104
2024-03-15,Store_A,Eggs_12pk,Dairy,80.0,80.0,0,92
2024-03-16,Store_A,Eggs_12pk,Dairy,80.0,80.0,0,119
2024-03-17,Store_A,Eggs_12pk,Dairy,81.7,80.0,0,135
2024-03-18,Store_A,Eggs_12pk,Dairy,71.89,80.0,0,101
2024-03-19,Store_A,Eggs_12pk,Dairy,80.0,80.0,0,84
2024-03-20,Store_A,Eggs_12pk,Dairy,80.0,80.0,0,77
2024-03-21,Store_A,Eggs_12pk,Dairy,80.0,80.0,0,92
2024-03-22,Store_A,Eggs_12pk,Dairy,80.0,80.0,0,112
2024-03-23,Store_A,Eggs_12pk,Dairy,80.0,80.0,0,135
2024-03-24,Store_A,Eggs_12pk,Dairy,80.0,80.0,1,136
2024-03-25,Store_A,Eggs_12pk,Dairy,68.07,80.0,0,105
2024-03-26,Store_A,Eggs_12pk,Dairy,80.0,80.0,0,73
2024-03-27,Store_A,Eggs_12pk,Dairy,80.0,80.0,0,72
2024-03-28,Store_A,Eggs_12pk,Dairy,80.0,80.0,0,77
2024-03-29,Store_A,Eggs_12pk,Dairy,80.0,80.0,0,103
2024-03-30,Store_A,Eggs_12pk,Dairy,80.0,80.0,0,128
2024-03-31,Store_A,Eggs_12pk,Dairy,80.0,80.0,0,106
2024-04-01,Store_A,Eggs_12pk,Dairy,80.0,80.0,0,86
2024-04-02,Store_A,Eggs_12pk,Dairy,80.0,80.0,0,73
2024-04-03,Store_A,Eggs_12pk,Dairy,80.0,80.0,0,88
2024-04-04,Store_A,Eggs_12pk,Dairy,80.0,80.0,0,93
2024-04-05,Store_A,Eggs_12pk,Dairy,80.0,80.0,0,117
2024-04-06,Store_A,Eggs_12pk,Dairy,80.0,80.0,0,133
2024-04-07,Store_A,Eggs_12pk,Dairy,80.0,80.0,0,110
2024-04-08,Store_A,Eggs_12pk,Dairy,80.0,80.0,0,84
2024-04-09,Store_A,Eggs_12pk,Dairy,80.0,80.0,0,83
2024-04-10,Store_A,Eggs_12pk,Dairy,80.0,80.0,0,78
2024-04-11,Store_A,Eggs_12pk,Dairy,80.0,80.0,1,111
2024-04-12,Store_A,Eggs_12pk,Dairy,80.0,80.0,0,97
2024-04-13,Store_A,Eggs_12pk,Dairy,89.21,80.0,0,105
2024-04-14,Store_A,Eggs_12pk,Dairy,80.0,80.0,0,102
2024-04-15,Store_A,Eggs_12pk,Dairy,80.0,80.0,0,87
2024-04-16,Store_A,Eggs_12pk,Dairy,80.0,80.0,0,78
2024-04-17,Store_A,Eggs_12pk,Dairy,80.0,80.0,0,80
2024-04-18,Store_A,Eggs_12pk,Dairy,80.0,80.0,0,88
2024-04-19,Store_A,Eggs_12pk,Dairy,80.0,80.0,0,102
2024-04-20,Store_A,Eggs_12pk,Dairy,80.0,80.0,0,138
2024-04-21,Store_A,Eggs_12pk,Dairy,80.0,80.0,0,114
2024-04-22,Store_A,Eggs_12pk,Dairy,80.0,80.0,0,84
2024-04-23,Store_A,Eggs_12pk,Dairy,70.66,80.0,0,91
2024-04-24,Store_A,Eggs_12pk,Dairy,69.34,80.0,0,100
2024-04-25,Store_A,Eggs_12pk,Dairy,80.0,80.0,0,78
2024-04-26,Store_A,Eggs_12pk,Dairy,80.0,80.0,0,90
2024-04-27,Store_A,Eggs_12pk,Dairy,80.0,80.0,0,127
2024-04-28,Store_A,Eggs_12pk,Dairy,80.0,80.0,0,114
2024-04-29,Store_A,Eggs_12pk,Dairy,80.0,80.0,1,102
2024-04-30,Store_A,Eggs_12pk,Dairy,83.09,80.0,0,61
2024-05-01,Store_A,Eggs_12pk,Dairy,80.0,80.0,0,76
2024-05-02,Store_A,Eggs_12pk,Dairy,80.0,80.0,0,97
2024-05-03,Store_A,Eggs_12pk,Dairy,80.0,80.0,0,104
2024-05-04,Store_A,Eggs_12pk,Dairy,80.0,80.0,0,127
2024-05-05,Store_A,Eggs_12pk,Dairy,80.0,80.0,0,108
2024-05-06,Store_A,Eggs_12pk,Dairy,80.0,80.0,0,74
2024-05-07,Store_A,Eggs_12pk,Dairy,80.0,80.0,0,85
2024-05-08,Store_A,Eggs_12pk,Dairy,90.88,80.0,0,68
2024-05-09,Store_A,Eggs_12pk,Dairy,80.0,80.0,0,84
2024-05-10,Store_A,Eggs_12pk,Dairy,80.0,80.0,0,94
2024-05-11,Store_A,Eggs_12pk,Dairy,90.11,80.0,0,104
2024-05-12,Store_A,Eggs_12pk,Dairy,80.0,80.0,0,97
2024-05-13,Store_A,Eggs_12pk,Dairy,80.0,80.0,0,85
2024-05-14,Store_A,Eggs_12pk,Dairy,80.0,80.0,0,84
2024-05-15,Store_A,Eggs_12pk,Dairy,80.0,80.0,0,76
2024-05-16,Store_A,Eggs_12pk,Dairy,80.0,80.0,0,87
2024-05-17,Store_A,Eggs_12pk,Dairy,80.0,80.0,0,91
2024-05-18,Store_A,Eggs_12pk,Dairy,80.0,80.0,0,115
2024-05-19,Store_A,Eggs_12pk,Dairy,86.73,80.0,0,99
2024-05-20,Store_A,Eggs_12pk,Dairy,80.0,80.0,0,65
2024-05-21,Store_A,Eggs_12pk,Dairy,80.0,80.0,0,77
2024-05-22,Store_A,Eggs_12pk,Dairy,80.0,80.0,0,73
2024-05-23,Store_A,Eggs_12pk,Dairy,80.0,80.0,0,81
2024-05-24,Store_A,Eggs_12pk,Dairy,80.0,80.0,0,114
2024-05-25,Store_A,Eggs_12pk,Dairy,90.09,80.0,0,103
2024-05-26,Store_A,Eggs_12pk,Dairy,82.09,80.0,0,101
2024-05-27,Store_A,Eggs_12pk,Dairy,83.19,80.0,0,67
2024-05-28,Store_A,Eggs_12pk,Dairy,84.72,80.0,0,69
2024-05-29,Store_A,Eggs_12pk,Dairy,80.0,80.0,0,78
2024-05-30,Store_A,Eggs_12pk,Dairy,78.51,80.0,1,93
2024-05-31,Store_A,Eggs_12pk,Dairy,80.0,80.0,0,92
2024-06-01,Store_A,Eggs_12pk,Dairy,80.0,80.0,0,127
2024-06-02,Store_A,Eggs_12pk,Dairy,80.0,80.0,0,101
2024-06-03,Store_A,Eggs_12pk,Dairy,80.0,80.0,0,78
2024-06-04,Store_A,Eggs_12pk,Dairy,80.0,80.0,0,67
2024-06-05,Store_A,Eggs_12pk,Dairy,73.81,80.0,0,71
2024-06-06,Store_A,Eggs_12pk,Dairy,80.0,80.0,0,77
2024-06-07,Store_A,Eggs_12pk,Dairy,80.0,80.0,0,93
2024-06-08,Store_A,Eggs_12pk,Dairy,80.0,80.0,0,131
2024-06-09,Store_A,Eggs_12pk,Dairy,80.0,80.0,0,103
2024-06-10,Store_A,Eggs_12pk,Dairy,80.0,80.0,0,72
2024-06-11,Store_A,Eggs_12pk,Dairy,80.0,80.0,0,71
2024-06-12,Store_A,Eggs_12pk,Dairy,80.0,80.0,0,80
2024-06-13,Store_A,Eggs_12pk,Dairy,71.14,80.0,0,88
2024-06-14,Store_A,Eggs_12pk,Dairy,80.0,80.0,0,103
2024-06-15,Store_A,Eggs_12pk,Dairy,80.0,80.0,0,110
2024-06-16,Store_A,Eggs_12pk,Dairy,80.0,80.0,1,146
2024-06-17,Store_A,Eggs_12pk,Dairy,80.0,80.0,0,71
2024-06-18,Store_A,Eggs_12pk,Dairy,80.0,80.0,0,73
2024-06-19,Store_A,Eggs_12pk,Dairy,80.0,80.0,0,82
2024-06-20,Store_A,Eggs_12pk,Dairy,80.0,80.0,0,77
2024-06-21,Store_A,Eggs_12pk,Dairy,68.08,80.0,0,133
2024-06-22,Store_A,Eggs_12pk,Dairy,80.0,80.0,0,98
2024-06-23,Store_A,Eggs_12pk,Dairy,80.0,80.0,0,102
2024-06-24,Store_A,Eggs_12pk,Dairy,80.0,80.0,0,77
2024-06-25,Store_A,Eggs_12pk,Dairy,90.73,80.0,0,66
2024-06-26,Store_A,Eggs_12pk,Dairy,80.0,80.0,0,82
2024-06-27,Store_A,Eggs_12pk,Dairy,80.0,80.0,0,84
2024-06-28,Store_A,Eggs_12pk,Dairy,80.0,80.0,0,96
2024-06-29,Store_A,Eggs_12pk,Dairy,80.0,80.0,0,123
2024-06-30,Store_A,Eggs_12pk,Dairy,80.0,80.0,0,100
2024-07-01,Store_A,Eggs_12pk,Dairy,80.0,80.0,0,78
2024-07-02,Store_A,Eggs_12pk,Dairy,80.0,80.0,0,78
2024-07-03,Store_A,Eggs_12pk,Dairy,80.0,80.0,0,80
2024-07-04,Store_A,Eggs_12pk,Dairy,80.0,80.0,0,69
2024-07-05,Store_A,Eggs_12pk,Dairy,80.0,80.0,0,103
2024-07-06,Store_A,Eggs_12pk,Dairy,80.0,80.0,0,101
2024-07-07,Store_A,Eggs_12pk,Dairy,80.0,80.0,0,90
2024-07-08,Store_A,Eggs_12pk,Dairy,80.0,80.0,0,75
2024-07-09,Store_A,Eggs_12pk,Dairy,80.0,80.0,0,67
2024-07-10,Store_A,Eggs_12pk,Dairy,80.0,80.0,0,76
2024-07-11,Store_A,Eggs_12pk,Dairy,80.0,80.0,0,94
2024-07-12,Store_A,Eggs_12pk,Dairy,68.89,80.0,0,106
2024-07-13,Store_A,Eggs_12pk,Dairy,80.0,80.0,0,104
2024-07-14,Store_A,Eggs_12pk,Dairy,69.43,80.0,0,120
2024-07-15,Store_A,Eggs_12pk,Dairy,64.53,80.0,0,99
2024-07-16,Store_A,Eggs_12pk,Dairy,80.0,80.0,0,75
2024-07-17,Store_A,Eggs_12pk,Dairy,91.5,80.0,0,60
2024-07-18,Store_A,Eggs_12pk,Dairy,80.0,80.0,0,79
2024-07-19,Store_A,Eggs_12pk,Dairy,80.0,80.0,0,98
2024-07-20,Store_A,Eggs_12pk,Dairy,80.0,80.0,0,105
2024-07-21,Store_A,Eggs_12pk,Dairy,80.0,80.0,0,92
2024-07-22,Store_A,Eggs_12pk,Dairy,80.0,80.0,0,79
2024-07-23,Store_A,Eggs_12pk,Dairy,80.0,80.0,1,106
2024-07-24,Store_A,Eggs_12pk,Dairy,80.0,80.0,0,81
2024-07-25,Store_A,Eggs_12pk,Dairy,80.0,80.0,0,79
2024-07-26,Store_A,Eggs_12pk,Dairy,80.0,80.0,0,96
2024-07-27,Store_A,Eggs_12pk,Dairy,80.0,80.0,0,118
2024-07-28,Store_A,Eggs_12pk,Dairy,80.0,80.0,0,113
2024-07-29,Store_A,Eggs_12pk,Dairy,80.0,80.0,0,82
2024-07-30,Store_A,Eggs_12pk,Dairy,80.0,80.0,0,69
2024-07-31,Store_A,Eggs_12pk,Dairy,80.0,80.0,0,74
2024-08-01,Store_A,Eggs_12pk,Dairy,80.74,80.0,0,74
2024-08-02,Store_A,Eggs_12pk,Dairy,80.0,80.0,1,142
2024-08-03,Store_A,Eggs_12pk,Dairy,80.0,80.0,0,121
2024-08-04,Store_A,Eggs_12pk,Dairy,80.0,80.0,0,103
2024-08-05,Store_A,Eggs_12pk,Dairy,80.0,80.0,0,82
2024-08-06,Store_A,Eggs_12pk,Dairy,80.0,80.0,0,84
2024-08-07,Store_A,Eggs_12pk,Dairy,76.4,80.0,0,77
2024-08-08,Store_A,Eggs_12pk,Dairy,80.0,80.0,0,66
2024-08-09,Store_A,Eggs_12pk,Dairy,81.02,80.0,0,104
2024-08-10,Store_A,Eggs_12pk,Dairy,80.0,80.0,0,111
2024-08-11,Store_A,Eggs_12pk,Dairy,80.0,80.0,0,110
2024-08-12,Store_A,Eggs_12pk,Dairy,75.78,80.0,0,69
2024-08-13,Store_A,Eggs_12pk,Dairy,82.72,80.0,0,71
2024-08-14,Store_A,Eggs_12pk,Dairy,80.0,80.0,0,75
2024-08-15,Store_A,Eggs_12pk,Dairy,80.0,80.0,0,84
2024-08-16,Store_A,Eggs_12pk,Dairy,80.0,80.0,0,104
2024-08-17,Store_A,Eggs_12pk,Dairy,80.0,80.0,0,104
2024-08-18,Store_A,Eggs_12pk,Dairy,76.17,80.0,0,109
2024-08-19,Store_A,Eggs_12pk,Dairy,80.0,80.0,0,88
2024-08-20,Store_A,Eggs_12pk,Dairy,80.0,80.0,0,69
2024-08-21,Store_A,Eggs_12pk,Dairy,80.0,80.0,0,84
2024-08-22,Store_A,Eggs_12pk,Dairy,80.0,80.0,0,90
2024-08-23,Store_A,Eggs_12pk,Dairy,84.91,80.0,0,98
2024-08-24,Store_A,Eggs_12pk,Dairy,78.79,80.0,0,123
2024-08-25,Store_A,Eggs_12pk,Dairy,80.0,80.0,0,113
2024-08-26,Store_A,Eggs_12pk,Dairy,80.0,80.0,1,110
2024-08-27,Store_A,Eggs_12pk,Dairy,80.0,80.0,0,69
2024-08-28,Store_A,Eggs_12pk,Dairy,80.0,80.0,0,67
2024-08-29,Store_A,Eggs_12pk,Dairy,80.0,80.0,0,78
2024-08-30,Store_A,Eggs_12pk,Dairy,80.0,80.0,0,107
2024-08-31,Store_A,Eggs_12pk,Dairy,80.19,80.0,1,164
2024-09-01,Store_A,Eggs_12pk,Dairy,80.0,80.0,0,124
2024-09-02,Store_A,Eggs_12pk,Dairy,80.0,80.0,0,85
2024-09-03,Store_A,Eggs_12pk,Dairy,80.0,80.0,0,82
2024-09-04,Store_A,Eggs_12pk,Dairy,65.96,80.0,0,101
2024-09-05,Store_A,Eggs_12pk,Dairy,80.0,80.0,1,120
2024-09-06,Store_A,Eggs_12pk,Dairy,80.0,80.0,0,111
2024-09-07,Store_A,Eggs_12pk,Dairy,80.0,80.0,0,112
2024-09-08,Store_A,Eggs_12pk,Dairy,80.0,80.0,0,115
2024-09-09,Store_A,Eggs_12pk,Dairy,89.22,80.0,0,65
2024-09-10,Store_A,Eggs_12pk,Dairy,87.06,80.0,0,79
2024-09-11,Store_A,Eggs_12pk,Dairy,85.24,80.0,0,79
2024-09-12,Store_A,Eggs_12pk,Dairy,80.0,80.0,0,87
2024-09-13,Store_A,Eggs_12pk,Dairy,80.0,80.0,0,114
2024-09-14,Store_A,Eggs_12pk,Dairy,80.0,80.0,0,127
2024-09-15,Store_A,Eggs_12pk,Dairy,80.0,80.0,0,110
2024-09-16,Store_A,Eggs_12pk,Dairy,80.0,80.0,1,126
2024-09-17,Store_A,Eggs_12pk,Dairy,87.13,80.0,0,82
2024-09-18,Store_A,Eggs_12pk,Dairy,66.81,80.0,0,111
2024-09-19,Store_A,Eggs_12pk,Dairy,65.92,80.0,0,116
2024-09-20,Store_A,Eggs_12pk,Dairy,80.0,80.0,0,112
2024-09-21,Store_A,Eggs_12pk,Dairy,80.0,80.0,0,141
2024-09-22,Store_A,Eggs_12pk,Dairy,80.0,80.0,0,121
2024-09-23,Store_A,Eggs_12pk,Dairy,80.0,80.0,0,87
2024-09-24,Store_A,Eggs_12pk,Dairy,80.0,80.0,0,85
2024-09-25,Store_A,Eggs_12pk,Dairy,90.66,80.0,0,83
2024-09-26,Store_A,Eggs_12pk,Dairy,80.0,80.0,1,131
2024-09-27,Store_A,Eggs_12pk,Dairy,80.0,80.0,0,103
2024-09-28,Store_A,Eggs_12pk,Dairy,80.0,80.0,0,135
2024-09-29,Store_A,Eggs_12pk,Dairy,80.0,80.0,0,124
2024-09-30,Store_A,Eggs_12pk,Dairy,69.13,80.0,0,103
2024-10-01,Store_A,Eggs_12pk,Dairy,80.0,80.0,0,127
2024-10-02,Store_A,Eggs_12pk,Dairy,74.71,80.0,0,138
2024-10-03,Store_A,Eggs_12pk,Dairy,80.0,80.0,0,140
2024-10-04,Store_A,Eggs_12pk,Dairy,80.0,80.0,0,166
2024-10-05,Store_A,Eggs_12pk,Dairy,80.0,80.0,0,167
2024-10-06,Store_A,Eggs_12pk,Dairy,66.24,80.0,0,227
2024-10-07,Store_A,Eggs_12pk,Dairy,80.0,80.0,0,140
2024-10-08,Store_A,Eggs_12pk,Dairy,80.0,80.0,0,129
2024-10-09,Store_A,Eggs_12pk,Dairy,80.0,80.0,0,110
2024-10-10,Store_A,Eggs_12pk,Dairy,80.0,80.0,0,108
2024-10-11,Store_A,Eggs_12pk,Dairy,80.0,80.0,1,226
2024-10-12,Store_A,Eggs_12pk,Dairy,80.0,80.0,0,205
2024-10-13,Store_A,Eggs_12pk,Dairy,80.0,80.0,0,182
2024-10-14,Store_A,Eggs_12pk,Dairy,80.0,80.0,1,173
2024-10-15,Store_A,Eggs_12pk,Dairy,80.0,80.0,0,133
2024-10-16,Store_A,Eggs_12pk,Dairy,80.0,80.0,0,146
2024-10-17,Store_A,Eggs_12pk,Dairy,80.0,80.0,1,168
2024-10-18,Store_A,Eggs_12pk,Dairy,80.0,80.0,1,203
2024-10-19,Store_A,Eggs_12pk,Dairy,80.0,80.0,0,209
2024-10-20,Store_A,Eggs_12pk,Dairy,80.0,80.0,0,192
2024-10-21,Store_A,Eggs_12pk,Dairy,80.0,80.0,0,130
2024-10-22,Store_A,Eggs_12pk,Dairy,67.2,80.0,0,158
2024-10-23,Store_A,Eggs_12pk,Dairy,80.0,80.0,0,139
2024-10-24,Store_A,Eggs_12pk,Dairy,80.0,80.0,0,148
2024-10-25,Store_A,Eggs_12pk,Dairy,80.0,80.0,1,244
2024-10-26,Store_A,Eggs_12pk,Dairy,80.0,80.0,0,206
2024-10-27,Store_A,Eggs_12pk,Dairy,80.0,80.0,0,183
2024-10-28,Store_A,Eggs_12pk,Dairy,80.0,80.0,0,145
2024-10-29,Store_A,Eggs_12pk,Dairy,80.0,80.0,0,136
2024-10-30,Store_A,Eggs_12pk,Dairy,80.0,80.0,0,137
2024-10-31,Store_A,Eggs_12pk,Dairy,83.01,80.0,0,123
2024-11-01,Store_A,Eggs_12pk,Dairy,80.0,80.0,0,184
2024-11-02,Store_A,Eggs_12pk,Dairy,80.0,80.0,0,204
2024-11-03,Store_A,Eggs_12pk,Dairy,80.0,80.0,0,184
2024-11-04,Store_A,Eggs_12pk,Dairy,80.0,80.0,0,131
2024-11-05,Store_A,Eggs_12pk,Dairy,80.0,80.0,0,152
2024-11-06,Store_A,Eggs_12pk,Dairy,80.0,80.0,0,151
2024-11-07,Store_A,Eggs_12pk,Dairy,80.0,80.0,0,174
2024-11-08,Store_A,Eggs_12pk,Dairy,80.0,80.0,0,181
2024-11-09,Store_A,Eggs_12pk,Dairy,80.0,80.0,0,229
2024-11-10,Store_A,Eggs_12pk,Dairy,80.0,80.0,0,198
2024-11-11,Store_A,Eggs_12pk,Dairy,80.0,80.0,0,139
2024-11-12,Store_A,Eggs_12pk,Dairy,80.0,80.0,0,135
2024-11-13,Store_A,Eggs_12pk,Dairy,80.0,80.0,0,154
2024-11-14,Store_A,Eggs_12pk,Dairy,80.0,80.0,0,143
2024-11-15,Store_A,Eggs_12pk,Dairy,80.0,80.0,0,205
2024-11-16,Store_A,Eggs_12pk,Dairy,80.0,80.0,1,305
2024-11-17,Store_A,Eggs_12pk,Dairy,80.0,80.0,1,287
2024-11-18,Store_A,Eggs_12pk,Dairy,85.99,80.0,0,164
2024-11-19,Store_A,Eggs_12pk,Dairy,80.0,80.0,0,139
2024-11-20,Store_A,Eggs_12pk,Dairy,80.0,80.0,0,145
2024-11-21,Store_A,Eggs_12pk,Dairy,80.0,80.0,0,165
2024-11-22,Store_A,Eggs_12pk,Dairy,80.0,80.0,0,206
2024-11-23,Store_A,Eggs_12pk,Dairy,80.0,80.0,0,285
2024-11-24,Store_A,Eggs_12pk,Dairy,82.09,80.0,0,169
2024-11-25,Store_A,Eggs_12pk,Dairy,80.0,80.0,0,167
2024-11-26,Store_A,Eggs_12pk,Dairy,80.0,80.0,1,161
2024-11-27,Store_A,Eggs_12pk,Dairy,69.46,80.0,0,185
2024-11-28,Store_A,Eggs_12pk,Dairy,80.0,80.0,0,138
2024-11-29,Store_A,Eggs_12pk,Dairy,68.64,80.0,0,206
2024-11-30,Store_A,Eggs_12pk,Dairy,80.0,80.0,0,246
2024-12-01,Store_A,Eggs_12pk,Dairy,80.0,80.0,0,186
2024-12-02,Store_A,Eggs_12pk,Dairy,80.0,80.0,0,139
2024-12-03,Store_A,Eggs_12pk,Dairy,80.0,80.0,0,108
2024-12-04,Store_A,Eggs_12pk,Dairy,80.0,80.0,0,126
2024-12-05,Store_A,Eggs_12pk,Dairy,80.0,80.0,0,146
2024-12-06,Store_A,Eggs_12pk,Dairy,80.0,80.0,0,188
2024-12-07,Store_A,Eggs_12pk,Dairy,80.0,80.0,0,189
2024-12-08,Store_A,Eggs_12pk,Dairy,80.0,80.0,0,168
2024-12-09,Store_A,Eggs_12pk,Dairy,85.76,80.0,0,90
2024-12-10,Store_A,Eggs_12pk,Dairy,80.0,80.0,0,134
2024-12-11,Store_A,Eggs_12pk,Dairy,87.33,80.0,0,118
2024-12-12,Store_A,Eggs_12pk,Dairy,86.34,80.0,0,148
2024-12-13,Store_A,Eggs_12pk,Dairy,80.0,80.0,0,177
2024-12-14,Store_A,Eggs_12pk,Dairy,80.0,80.0,0,216
2024-12-15,Store_A,Eggs_12pk,Dairy,90.91,80.0,0,187
2024-12-16,Store_A,Eggs_12pk,Dairy,80.0,80.0,0,139
2024-12-17,Store_A,Eggs_12pk,Dairy,80.0,80.0,0,144
2024-12-18,Store_A,Eggs_12pk,Dairy,80.0,80.0,0,136
2024-12-19,Store_A,Eggs_12pk,Dairy,80.0,80.0,0,133
2024-12-20,Store_A,Eggs_12pk,Dairy,80.0,80.0,0,177
2024-12-21,Store_A,Eggs_12pk,Dairy,80.0,80.0,0,218
2024-12-22,Store_A,Eggs_12pk,Dairy,80.0,80.0,0,176
2024-12-23,Store_A,Eggs_12pk,Dairy,80.0,80.0,0,153
2024-12-24,Store_A,Eggs_12pk,Dairy,80.0,80.0,0,128
2024-12-25,Store_A,Eggs_12pk,Dairy,80.0,80.0,0,129
2024-12-26,Store_A,Eggs_12pk,Dairy,80.0,80.0,1,237
2024-12-27,Store_A,Eggs_12pk,Dairy,80.0,80.0,0,169
2024-12-28,Store_A,Eggs_12pk,Dairy,80.0,80.0,0,204
2024-12-29,Store_A,Eggs_12pk,Dairy,80.0,80.0,0,199
2024-12-30,Store_A,Eggs_12pk,Dairy,80.0,80.0,0,138
2024-12-31,Store_A,Eggs_12pk,Dairy,80.0,80.0,0,124
2025-01-01,Store_A,Eggs_12pk,Dairy,80.0,80.0,0,113
2025-01-02,Store_A,Eggs_12pk,Dairy,80.0,80.0,0,144
2025-01-03,Store_A,Eggs_12pk,Dairy,80.0,80.0,0,159
2025-01-04,Store_A,Eggs_12pk,Dairy,80.0,80.0,0,190
2025-01-05,Store_A,Eggs_12pk,Dairy,76.05,80.0,0,166
2025-01-06,Store_A,Eggs_12pk,Dairy,80.0,80.0,0,123
2025-01-07,Store_A,Eggs_12pk,Dairy,80.0,80.0,0,101
2025-01-08,Store_A,Eggs_12pk,Dairy,68.36,80.0,0,125
2025-01-09,Store_A,Eggs_12pk,Dairy,80.0,80.0,0,136
2025-01-10,Store_A,Eggs_12pk,Dairy,80.0,80.0,0,149
2025-01-11,Store_A,Eggs_12pk,Dairy,80.0,80.0,0,164
2025-01-12,Store_A,Eggs_12pk,Dairy,80.0,80.0,0,163
2025-01-13,Store_A,Eggs_12pk,Dairy,78.99,80.0,0,103
2025-01-14,Store_A,Eggs_12pk,Dairy,80.0,80.0,0,107
2025-01-15,Store_A,Eggs_12pk,Dairy,80.0,80.0,0,107
2025-01-16,Store_A,Eggs_12pk,Dairy,82.65,80.0,0,122
2025-01-17,Store_A,Eggs_12pk,Dairy,80.0,80.0,0,173
2025-01-18,Store_A,Eggs_12pk,Dairy,80.0,80.0,0,196
2025-01-19,Store_A,Eggs_12pk,Dairy,80.0,80.0,0,169
2025-01-20,Store_A,Eggs_12pk,Dairy,80.0,80.0,0,131
2025-01-21,Store_A,Eggs_12pk,Dairy,80.0,80.0,0,121
2025-01-22,Store_A,Eggs_12pk,Dairy,80.0,80.0,0,114
2025-01-23,Store_A,Eggs_12pk,Dairy,80.0,80.0,0,137
2025-01-24,Store_A,Eggs_12pk,Dairy,80.0,80.0,0,170
2025-01-25,Store_A,Eggs_12pk,Dairy,80.0,80.0,0,201
2025-01-26,Store_A,Eggs_12pk,Dairy,80.0,80.0,0,149
2025-01-27,Store_A,Eggs_12pk,Dairy,79.94,80.0,0,127
2025-01-28,Store_A,Eggs_12pk,Dairy,77.96,80.0,0,117
2025-01-29,Store_A,Eggs_12pk,Dairy,80.0,80.0,0,127
2025-01-30,Store_A,Eggs_12pk,Dairy,80.0,80.0,0,131
2025-01-31,Store_A,Eggs_12pk,Dairy,80.0,80.0,0,159
2025-02-01,Store_A,Eggs_12pk,Dairy,80.0,80.0,1,223
2025-02-02,Store_A,Eggs_12pk,Dairy,68.38,80.0,0,190
2025-02-03,Store_A,Eggs_12pk,Dairy,80.0,80.0,1,181
2025-02-04,Store_A,Eggs_12pk,Dairy,80.0,80.0,0,113
2025-02-05,Store_A,Eggs_12pk,Dairy,88.59,80.0,0,114
2025-02-06,Store_A,Eggs_12pk,Dairy,80.0,80.0,0,133
2025-02-07,Store_A,Eggs_12pk,Dairy,89.87,80.0,0,132
2025-02-08,Store_A,Eggs_12pk,Dairy,80.0,80.0,0,209
2025-02-09,Store_A,Eggs_12pk,Dairy,64.58,80.0,0,237
2025-02-10,Store_A,Eggs_12pk,Dairy,80.0,80.0,0,121
2025-02-11,Store_A,Eggs_12pk,Dairy,80.0,80.0,0,132
2025-02-12,Store_A,Eggs_12pk,Dairy,80.0,80.0,1,172
2025-02-13,Store_A,Eggs_12pk,Dairy,85.82,80.0,0,117
2025-02-14,Store_A,Eggs_12pk,Dairy,80.0,80.0,0,179
2025-02-15,Store_A,Eggs_12pk,Dairy,80.0,80.0,0,185
2025-02-16,Store_A,Eggs_12pk,Dairy,80.0,80.0,0,173
2025-02-17,Store_A,Eggs_12pk,Dairy,80.0,80.0,1,187
2025-02-18,Store_A,Eggs_12pk,Dairy,65.07,80.0,0,150
2025-02-19,Store_A,Eggs_12pk,Dairy,80.0,80.0,0,126
2025-02-20,Store_A,Eggs_12pk,Dairy,80.0,80.0,0,131
2025-02-21,Store_A,Eggs_12pk,Dairy,80.0,80.0,0,153
2025-02-22,Store_A,Eggs_12pk,Dairy,80.0,80.0,0,209
2025-02-23,Store_A,Eggs_12pk,Dairy,80.0,80.0,0,148
2025-02-24,Store_A,Eggs_12pk,Dairy,80.0,80.0,0,113
2025-02-25,Store_A,Eggs_12pk,Dairy,89.72,80.0,0,104
2025-02-26,Store_A,Eggs_12pk,Dairy,69.12,80.0,0,140
2025-02-27,Store_A,Eggs_12pk,Dairy,80.0,80.0,0,129
2025-02-28,Store_A,Eggs_12pk,Dairy,80.0,80.0,0,142
2025-03-01,Store_A,Eggs_12pk,Dairy,80.0,80.0,0,195
2025-03-02,Store_A,Eggs_12pk,Dairy,80.04,80.0,0,139
2025-03-03,Store_A,Eggs_12pk,Dairy,86.41,80.0,0,86
2025-03-04,Store_A,Eggs_12pk,Dairy,80.0,80.0,0,98
2025-03-05,Store_A,Eggs_12pk,Dairy,80.0,80.0,0,113
2025-03-06,Store_A,Eggs_12pk,Dairy,81.26,80.0,0,103
2025-03-07,Store_A,Eggs_12pk,Dairy,80.0,80.0,0,133
2025-03-08,Store_A,Eggs_12pk,Dairy,80.0,80.0,0,180
2025-03-09,Store_A,Eggs_12pk,Dairy,79.48,80.0,0,174
2025-03-10,Store_A,Eggs_12pk,Dairy,80.0,80.0,0,134
2025-03-11,Store_A,Eggs_12pk,Dairy,80.0,80.0,0,102
2025-03-12,Store_A,Eggs_12pk,Dairy,80.0,80.0,1,163
2025-03-13,Store_A,Eggs_12pk,Dairy,80.0,80.0,0,140
2025-03-14,Store_A,Eggs_12pk,Dairy,74.71,80.0,0,171
2025-03-15,Store_A,Eggs_12pk,Dairy,80.0,80.0,0,188
2025-03-16,Store_A,Eggs_12pk,Dairy,80.0,80.0,0,158
2025-03-17,Store_A,Eggs_12pk,Dairy,88.17,80.0,0,106
2025-03-18,Store_A,Eggs_12pk,Dairy,74.2,80.0,0,120
2025-03-19,Store_A,Eggs_12pk,Dairy,80.0,80.0,0,113
2025-03-20,Store_A,Eggs_12pk,Dairy,80.0,80.0,0,125
2025-03-21,Store_A,Eggs_12pk,Dairy,80.0,80.0,0,123
2025-03-22,Store_A,Eggs_12pk,Dairy,80.0,80.0,0,178
2025-03-23,Store_A,Eggs_12pk,Dairy,80.0,80.0,0,162
2025-03-24,Store_A,Eggs_12pk,Dairy,80.0,80.0,0,99
2025-03-25,Store_A,Eggs_12pk,Dairy,80.0,80.0,0,115
2025-03-26,Store_A,Eggs_12pk,Dairy,76.46,80.0,0,112
2025-03-27,Store_A,Eggs_12pk,Dairy,66.68,80.0,0,162
2025-03-28,Store_A,Eggs_12pk,Dairy,80.0,80.0,0,155
2025-03-29,Store_A,Eggs_12pk,Dairy,80.0,80.0,0,191
2025-03-30,Store_A,Eggs_12pk,Dairy,80.0,80.0,0,120
2025-03-31,Store_A,Eggs_12pk,Dairy,80.0,80.0,0,109
2025-04-01,Store_A,Eggs_12pk,Dairy,80.0,80.0,0,110
2025-04-02,Store_A,Eggs_12pk,Dairy,80.0,80.0,0,103
2025-04-03,Store_A,Eggs_12pk,Dairy,80.0,80.0,0,132
2025-04-04,Store_A,Eggs_12pk,Dairy,90.08,80.0,0,119
2025-04-05,Store_A,Eggs_12pk,Dairy,80.0,80.0,0,155
2025-04-06,Store_A,Eggs_12pk,Dairy,80.0,80.0,0,155
2025-04-07,Store_A,Eggs_12pk,Dairy,80.0,80.0,1,137
2025-04-08,Store_A,Eggs_12pk,Dairy,80.0,80.0,0,99
2025-04-09,Store_A,Eggs_12pk,Dairy,80.0,80.0,0,104
2025-04-10,Store_A,Eggs_12pk,Dairy,80.0,80.0,0,124
2025-04-11,Store_A,Eggs_12pk,Dairy,80.0,80.0,0,159
2025-04-12,Store_A,Eggs_12pk,Dairy,80.0,80.0,0,179
2025-04-13,Store_A,Eggs_12pk,Dairy,80.0,80.0,0,173
2025-04-14,Store_A,Eggs_12pk,Dairy,80.0,80.0,0,113
2025-04-15,Store_A,Eggs_12pk,Dairy,80.0,80.0,0,107
2025-04-16,Store_A,Eggs_12pk,Dairy,80.0,80.0,0,108
2025-04-17,Store_A,Eggs_12pk,Dairy,80.0,80.0,0,143
2025-04-18,Store_A,Eggs_12pk,Dairy,80.0,80.0,0,131
2025-04-19,Store_A,Eggs_12pk,Dairy,80.0,80.0,0,183
2025-04-20,Store_A,Eggs_12pk,Dairy,69.46,80.0,0,176
2025-04-21,Store_A,Eggs_12pk,Dairy,75.64,80.0,0,116
2025-04-22,Store_A,Eggs_12pk,Dairy,76.88,80.0,0,132
2025-04-23,Store_A,Eggs_12pk,Dairy,80.0,80.0,0,120
2025-04-24,Store_A,Eggs_12pk,Dairy,82.97,80.0,0,113
2025-04-25,Store_A,Eggs_12pk,Dairy,80.0,80.0,0,139
2025-04-26,Store_A,Eggs_12pk,Dairy,80.0,80.0,0,172
2025-04-27,Store_A,Eggs_12pk,Dairy,80.0,80.0,0,152
2025-04-28,Store_A,Eggs_12pk,Dairy,80.0,80.0,0,128
2025-04-29,Store_A,Eggs_12pk,Dairy,78.93,80.0,0,115
2025-04-30,Store_A,Eggs_12pk,Dairy,76.22,80.0,0,110
2025-05-01,Store_A,Eggs_12pk,Dairy,80.0,80.0,0,126
2025-05-02,Store_A,Eggs_12pk,Dairy,78.27,80.0,0,117
2025-05-03,Store_A,Eggs_12pk,Dairy,80.0,80.0,0,156
2025-05-04,Store_A,Eggs_12pk,Dairy,80.0,80.0,1,178
2025-05-05,Store_A,Eggs_12pk,Dairy,80.0,80.0,0,92
2025-05-06,Store_A,Eggs_12pk,Dairy,80.0,80.0,1,130
2025-05-07,Store_A,Eggs_12pk,Dairy,80.0,80.0,0,99
2025-05-08,Store_A,Eggs_12pk,Dairy,80.0,80.0,0,124
2025-05-09,Store_A,Eggs_12pk,Dairy,80.0,80.0,1,181
2025-05-10,Store_A,Eggs_12pk,Dairy,80.0,80.0,0,149
2025-05-11,Store_A,Eggs_12pk,Dairy,86.17,80.0,0,139
2025-05-12,Store_A,Eggs_12pk,Dairy,90.25,80.0,0,88
2025-05-13,Store_A,Eggs_12pk,Dairy,80.0,80.0,0,104
2025-05-14,Store_A,Eggs_12pk,Dairy,80.0,80.0,0,104
2025-05-15,Store_A,Eggs_12pk,Dairy,80.0,80.0,0,132
2025-05-16,Store_A,Eggs_12pk,Dairy,80.0,80.0,0,142
2025-05-17,Store_A,Eggs_12pk,Dairy,80.0,80.0,0,196
2025-05-18,Store_A,Eggs_12pk,Dairy,80.0,80.0,0,137
2025-05-19,Store_A,Eggs_12pk,Dairy,80.0,80.0,0,107
2025-05-20,Store_A,Eggs_12pk,Dairy,83.72,80.0,0,100
2025-05-21,Store_A,Eggs_12pk,Dairy,80.0,80.0,0,97
2025-05-22,Store_A,Eggs_12pk,Dairy,80.0,80.0,0,110
2025-05-23,Store_A,Eggs_12pk,Dairy,76.92,80.0,0,157
2025-05-24,Store_A,Eggs_12pk,Dairy,80.0,80.0,0,159
2025-05-25,Store_A,Eggs_12pk,Dairy,84.36,80.0,0,143
2025-05-26,Store_A,Eggs_12pk,Dairy,80.0,80.0,0,119
2025-05-27,Store_A,Eggs_12pk,Dairy,80.0,80.0,0,100
2025-05-28,Store_A,Eggs_12pk,Dairy,80.0,80.0,0,115
2025-05-29,Store_A,Eggs_12pk,Dairy,80.0,80.0,0,120
2025-05-30,Store_A,Eggs_12pk,Dairy,80.0,80.0,0,125
2025-05-31,Store_A,Eggs_12pk,Dairy,80.0,80.0,0,159
2025-06-01,Store_A,Eggs_12pk,Dairy,80.0,80.0,0,161
2025-06-02,Store_A,Eggs_12pk,Dairy,80.0,80.0,0,123
2025-06-03,Store_A,Eggs_12pk,Dairy,86.29,80.0,0,88
2025-06-04,Store_A,Eggs_12pk,Dairy,80.0,80.0,0,101
2025-06-05,Store_A,Eggs_12pk,Dairy,80.0,80.0,0,124
2025-06-06,Store_A,Eggs_12pk,Dairy,80.0,80.0,0,132
2025-06-07,Store_A,Eggs_12pk,Dairy,84.23,80.0,0,135
2025-06-08,Store_A,Eggs_12pk,Dairy,80.0,80.0,1,217
2025-06-09,Store_A,Eggs_12pk,Dairy,80.0,80.0,0,92
2025-06-10,Store_A,Eggs_12pk,Dairy,87.69,80.0,0,95
2025-06-11,Store_A,Eggs_12pk,Dairy,83.37,80.0,0,100
2025-06-12,Store_A,Eggs_12pk,Dairy,80.0,80.0,0,125
2025-06-13,Store_A,Eggs_12pk,Dairy,80.0,80.0,0,142
2025-06-14,Store_A,Eggs_12pk,Dairy,80.0,80.0,0,157
2025-06-15,Store_A,Eggs_12pk,Dairy,80.0,80.0,0,155
2025-06-16,Store_A,Eggs_12pk,Dairy,80.0,80.0,0,102
2025-06-17,Store_A,Eggs_12pk,Dairy,80.0,80.0,0,112
2025-06-18,Store_A,Eggs_12pk,Dairy,80.0,80.0,0,98
2025-06-19,Store_A,Eggs_12pk,Dairy,80.0,80.0,0,87
2025-06-20,Store_A,Eggs_12pk,Dairy,80.0,80.0,1,181
2025-06-21,Store_A,Eggs_12pk,Dairy,80.0,80.0,0,132
2025-06-22,Store_A,Eggs_12pk,Dairy,83.99,80.0,0,115
2025-06-23,Store_A,Eggs_12pk,Dairy,80.0,80.0,0,105
2025-06-24,Store_A,Eggs_12pk,Dairy,80.0,80.0,0,97
2025-06-25,Store_A,Eggs_12pk,Dairy,80.0,80.0,0,111
2025-06-26,Store_A,Eggs_12pk,Dairy,80.0,80.0,0,108
2025-06-27,Store_A,Eggs_12pk,Dairy,80.0,80.0,0,131
2025-06-28,Store_A,Eggs_12pk,Dairy,80.0,80.0,0,163
2025-06-29,Store_A,Eggs_12pk,Dairy,80.0,80.0,0,128
2025-06-30,Store_A,Eggs_12pk,Dairy,80.0,80.0,1,142
2025-07-01,Store_A,Eggs_12pk,Dairy,80.0,80.0,0,92
2025-07-02,Store_A,Eggs_12pk,Dairy,80.0,80.0,0,102
2025-07-03,Store_A,Eggs_12pk,Dairy,88.34,80.0,0,107
2025-07-04,Store_A,Eggs_12pk,Dairy,80.0,80.0,0,143
2025-07-05,Store_A,Eggs_12pk,Dairy,80.0,80.0,0,148
2025-07-06,Store_A,Eggs_12pk,Dairy,80.0,80.0,0,149
2025-07-07,Store_A,Eggs_12pk,Dairy,80.0,80.0,0,110
2025-07-08,Store_A,Eggs_12pk,Dairy,80.0,80.0,0,98
2025-07-09,Store_A,Eggs_12pk,Dairy,80.0,80.0,0,111
2025-07-10,Store_A,Eggs_12pk,Dairy,80.0,80.0,0,122
2025-07-11,Store_A,Eggs_12pk,Dairy,80.0,80.0,0,133
2025-07-12,Store_A,Eggs_12pk,Dairy,88.57,80.0,0,133
2025-07-13,Store_A,Eggs_12pk,Dairy,91.33,80.0,0,110
2025-07-14,Store_A,Eggs_12pk,Dairy,81.53,80.0,0,108
2025-07-15,Store_A,Eggs_12pk,Dairy,80.83,80.0,0,95
2025-07-16,Store_A,Eggs_12pk,Dairy,80.0,80.0,0,102
2025-07-17,Store_A,Eggs_12pk,Dairy,80.0,80.0,0,101
2025-07-18,Store_A,Eggs_12pk,Dairy,69.82,80.0,0,158
2025-07-19,Store_A,Eggs_12pk,Dairy,80.0,80.0,0,171
2025-07-20,Store_A,Eggs_12pk,Dairy,80.0,80.0,0,153
2025-07-21,Store_A,Eggs_12pk,Dairy,80.0,80.0,0,100
2025-07-22,Store_A,Eggs_12pk,Dairy,80.0,80.0,0,100
2025-07-23,Store_A,Eggs_12pk,Dairy,80.0,80.0,0,110
2025-07-24,Store_A,Eggs_12pk,Dairy,80.0,80.0,0,105
2025-07-25,Store_A,Eggs_12pk,Dairy,76.59,80.0,0,128
2025-07-26,Store_A,Eggs_12pk,Dairy,80.0,80.0,0,143
2025-07-27,Store_A,Eggs_12pk,Dairy,80.0,80.0,0,133
2025-07-28,Store_A,Eggs_12pk,Dairy,80.0,80.0,0,102
2025-07-29,Store_A,Eggs_12pk,Dairy,64.63,80.0,1,160
2025-07-30,Store_A,Eggs_12pk,Dairy,80.0,80.0,0,114
2025-07-31,Store_A,Eggs_12pk,Dairy,75.51,80.0,0,123
2025-08-01,Store_A,Eggs_12pk,Dairy,89.67,80.0,0,145
2025-08-02,Store_A,Eggs_12pk,Dairy,80.0,80.0,0,156
2025-08-03,Store_A,Eggs_12pk,Dairy,80.0,80.0,0,159
2025-08-04,Store_A,Eggs_12pk,Dairy,80.0,80.0,0,87
2025-08-05,Store_A,Eggs_12pk,Dairy,80.0,80.0,1,163
2025-08-06,Store_A,Eggs_12pk,Dairy,80.0,80.0,0,96
2025-08-07,Store_A,Eggs_12pk,Dairy,83.32,80.0,0,117
2025-08-08,Store_A,Eggs_12pk,Dairy,80.0,80.0,0,136
2025-08-09,Store_A,Eggs_12pk,Dairy,80.0,80.0,0,153
2025-08-10,Store_A,Eggs_12pk,Dairy,80.0,80.0,0,143
2025-08-11,Store_A,Eggs_12pk,Dairy,80.0,80.0,0,97
2025-08-12,Store_A,Eggs_12pk,Dairy,80.0,80.0,0,91
2025-08-13,Store_A,Eggs_12pk,Dairy,80.0,80.0,0,115
2025-08-14,Store_A,Eggs_12pk,Dairy,80.0,80.0,1,172
2025-08-15,Store_A,Eggs_12pk,Dairy,80.0,80.0,0,135
2025-08-16,Store_A,Eggs_12pk,Dairy,80.0,80.0,1,235
2025-08-17,Store_A,Eggs_12pk,Dairy,80.0,80.0,1,169
2025-08-18,Store_A,Eggs_12pk,Dairy,80.0,80.0,0,93
2025-08-19,Store_A,Eggs_12pk,Dairy,80.0,80.0,1,152
2025-08-20,Store_A,Eggs_12pk,Dairy,80.0,80.0,0,113
2025-08-21,Store_A,Eggs_12pk,Dairy,65.27,80.0,0,153
2025-08-22,Store_A,Eggs_12pk,Dairy,80.0,80.0,0,159
2025-08-23,Store_A,Eggs_12pk,Dairy,80.0,80.0,0,163
2025-08-24,Store_A,Eggs_12pk,Dairy,80.0,80.0,0,135
2025-08-25,Store_A,Eggs_12pk,Dairy,80.0,80.0,0,98
2025-08-26,Store_A,Eggs_12pk,Dairy,80.0,80.0,0,105
2025-08-27,Store_A,Eggs_12pk,Dairy,80.0,80.0,0,113
2025-08-28,Store_A,Eggs_12pk,Dairy,80.0,80.0,0,116
2025-08-29,Store_A,Eggs_12pk,Dairy,80.0,80.0,0,153
2025-08-30,Store_A,Eggs_12pk,Dairy,87.74,80.0,1,202
2025-08-31,Store_A,Eggs_12pk,Dairy,80.0,80.0,0,127
2025-09-01,Store_A,Eggs_12pk,Dairy,80.0,80.0,0,95
2025-09-02,Store_A,Eggs_12pk,Dairy,80.0,80.0,0,94
2025-09-03,Store_A,Eggs_12pk,Dairy,80.0,80.0,0,113
2025-09-04,Store_A,Eggs_12pk,Dairy,80.0,80.0,0,111
2025-09-05,Store_A,Eggs_12pk,Dairy,80.0,80.0,0,135
2025-09-06,Store_A,Eggs_12pk,Dairy,80.0,80.0,0,186
2025-09-07,Store_A,Eggs_12pk,Dairy,80.0,80.0,0,148
2025-09-08,Store_A,Eggs_12pk,Dairy,85.06,80.0,0,108
2025-09-09,Store_A,Eggs_12pk,Dairy,80.0,80.0,0,126
2025-09-10,Store_A,Eggs_12pk,Dairy,80.0,80.0,0,129
2025-09-11,Store_A,Eggs_12pk,Dairy,80.0,80.0,0,129
2025-09-12,Store_A,Eggs_12pk,Dairy,80.0,80.0,0,161
2025-09-13,Store_A,Eggs_12pk,Dairy,80.0,80.0,0,188
2025-09-14,Store_A,Eggs_12pk,Dairy,80.0,80.0,0,159
2025-09-15,Store_A,Eggs_12pk,Dairy,78.36,80.0,1,154
2025-09-16,Store_A,Eggs_12pk,Dairy,80.0,80.0,0,125
2025-09-17,Store_A,Eggs_12pk,Dairy,80.0,80.0,0,108
2025-09-18,Store_A,Eggs_12pk,Dairy,80.0,80.0,0,130
2025-09-19,Store_A,Eggs_12pk,Dairy,80.44,80.0,0,151
2025-09-20,Store_A,Eggs_12pk,Dairy,80.0,80.0,0,179
2025-09-21,Store_A,Eggs_12pk,Dairy,80.0,80.0,0,166
2025-09-22,Store_A,Eggs_12pk,Dairy,80.0,80.0,0,118
2025-09-23,Store_A,Eggs_12pk,Dairy,80.0,80.0,0,104
2025-09-24,Store_A,Eggs_12pk,Dairy,80.0,80.0,0,108
2025-09-25,Store_A,Eggs_12pk,Dairy,80.0,80.0,0,147
2025-09-26,Store_A,Eggs_12pk,Dairy,80.0,80.0,0,135
2025-09-27,Store_A,Eggs_12pk,Dairy,68.48,80.0,0,220
2025-09-28,Store_A,Eggs_12pk,Dairy,80.0,80.0,0,166
2025-09-29,Store_A,Eggs_12pk,Dairy,80.0,80.0,0,140
2025-09-30,Store_A,Eggs_12pk,Dairy,80.0,80.0,0,126
2025-10-01,Store_A,Eggs_12pk,Dairy,90.44,80.0,0,154
2025-10-02,Store_A,Eggs_12pk,Dairy,80.0,80.0,1,226
2025-10-03,Store_A,Eggs_12pk,Dairy,80.0,80.0,0,196
2025-10-04,Store_A,Eggs_12pk,Dairy,80.0,80.0,0,276
2025-10-05,Store_A,Eggs_12pk,Dairy,80.0,80.0,0,226
2025-10-06,Store_A,Eggs_12pk,Dairy,80.0,80.0,0,165
2025-10-07,Store_A,Eggs_12pk,Dairy,80.0,80.0,0,177
2025-10-08,Store_A,Eggs_12pk,Dairy,80.0,80.0,1,217
2025-10-09,Store_A,Eggs_12pk,Dairy,80.0,80.0,0,162
2025-10-10,Store_A,Eggs_12pk,Dairy,80.0,80.0,0,250
2025-10-11,Store_A,Eggs_12pk,Dairy,77.41,80.0,0,275
2025-10-12,Store_A,Eggs_12pk,Dairy,91.07,80.0,0,157
2025-10-13,Store_A,Eggs_12pk,Dairy,80.0,80.0,0,177
2025-10-14,Store_A,Eggs_12pk,Dairy,80.0,80.0,0,182
2025-10-15,Store_A,Eggs_12pk,Dairy,80.0,80.0,0,197
2025-10-16,Store_A,Eggs_12pk,Dairy,80.0,80.0,0,176
2025-10-17,Store_A,Eggs_12pk,Dairy,80.0,80.0,0,227
2025-10-18,Store_A,Eggs_12pk,Dairy,71.61,80.0,0,318
2025-10-19,Store_A,Eggs_12pk,Dairy,80.0,80.0,1,355
2025-10-20,Store_A,Eggs_12pk,Dairy,80.0,80.0,0,203
2025-10-21,Store_A,Eggs_12pk,Dairy,64.28,80.0,0,252
2025-10-22,Store_A,Eggs_12pk,Dairy,80.0,80.0,0,184
2025-10-23,Store_A,Eggs_12pk,Dairy,91.59,80.0,0,163
2025-10-24,Store_A,Eggs_12pk,Dairy,80.0,80.0,0,263
2025-10-25,Store_A,Eggs_12pk,Dairy,80.0,80.0,0,285
2025-10-26,Store_A,Eggs_12pk,Dairy,80.0,80.0,0,254
2025-10-27,Store_A,Eggs_12pk,Dairy,75.98,80.0,0,201
2025-10-28,Store_A,Eggs_12pk,Dairy,80.0,80.0,0,171
2025-10-29,Store_A,Eggs_12pk,Dairy,80.0,80.0,0,207
2025-10-30,Store_A,Eggs_12pk,Dairy,80.0,80.0,0,194
2025-10-31,Store_A,Eggs_12pk,Dairy,88.66,80.0,0,190
2025-11-01,Store_A,Eggs_12pk,Dairy,80.0,80.0,0,287
2025-11-02,Store_A,Eggs_12pk,Dairy,83.67,80.0,0,252
2025-11-03,Store_A,Eggs_12pk,Dairy,80.0,80.0,0,193
2025-11-04,Store_A,Eggs_12pk,Dairy,80.0,80.0,0,155
2025-11-05,Store_A,Eggs_12pk,Dairy,80.0,80.0,0,191
2025-11-06,Store_A,Eggs_12pk,Dairy,66.02,80.0,0,255
2025-11-07,Store_A,Eggs_12pk,Dairy,80.0,80.0,0,233
2025-11-08,Store_A,Eggs_12pk,Dairy,80.0,80.0,0,330
2025-11-09,Store_A,Eggs_12pk,Dairy,80.0,80.0,0,247
2025-11-10,Store_A,Eggs_12pk,Dairy,80.0,80.0,0,194
2025-11-11,Store_A,Eggs_12pk,Dairy,80.0,80.0,0,173
2025-11-12,Store_A,Eggs_12pk,Dairy,80.0,80.0,0,189
2025-11-13,Store_A,Eggs_12pk,Dairy,80.0,80.0,0,207
2025-11-14,Store_A,Eggs_12pk,Dairy,87.79,80.0,0,222
2025-11-15,Store_A,Eggs_12pk,Dairy,80.0,80.0,0,307
2025-11-16,Store_A,Eggs_12pk,Dairy,80.0,80.0,0,291
2025-11-17,Store_A,Eggs_12pk,Dairy,80.0,80.0,0,243
2025-11-18,Store_A,Eggs_12pk,Dairy,80.0,80.0,0,191
2025-11-19,Store_A,Eggs_12pk,Dairy,80.0,80.0,1,258
2025-11-20,Store_A,Eggs_12pk,Dairy,76.2,80.0,0,233
2025-11-21,Store_A,Eggs_12pk,Dairy,76.81,80.0,0,280
2025-11-22,Store_A,Eggs_12pk,Dairy,80.0,80.0,0,256
2025-11-23,Store_A,Eggs_12pk,Dairy,80.0,80.0,0,245
2025-11-24,Store_A,Eggs_12pk,Dairy,80.0,80.0,0,209
2025-11-25,Store_A,Eggs_12pk,Dairy,80.0,80.0,1,281
2025-11-26,Store_A,Eggs_12pk,Dairy,80.0,80.0,0,221
2025-11-27,Store_A,Eggs_12pk,Dairy,88.99,80.0,0,204
2025-11-28,Store_A,Eggs_12pk,Dairy,80.0,80.0,0,270
2025-11-29,Store_A,Eggs_12pk,Dairy,80.0,80.0,0,250
2025-11-30,Store_A,Eggs_12pk,Dairy,80.0,80.0,0,268
2025-12-01,Store_A,Eggs_12pk,Dairy,80.0,80.0,0,199
2025-12-02,Store_A,Eggs_12pk,Dairy,80.0,80.0,0,186
2025-12-03,Store_A,Eggs_12pk,Dairy,80.0,80.0,0,162
2025-12-04,Store_A,Eggs_12pk,Dairy,78.88,80.0,1,226
2025-12-05,Store_A,Eggs_12pk,Dairy,68.33,80.0,0,304
2025-12-06,Store_A,Eggs_12pk,Dairy,80.0,80.0,0,268
2025-12-07,Store_A,Eggs_12pk,Dairy,80.0,80.0,0,272
2025-12-08,Store_A,Eggs_12pk,Dairy,80.0,80.0,0,166
2025-12-09,Store_A,Eggs_12pk,Dairy,80.0,80.0,0,156
2025-12-10,Store_A,Eggs_12pk,Dairy,80.0,80.0,1,242
2025-12-11,Store_A,Eggs_12pk,Dairy,80.0,80.0,0,192
2025-12-12,Store_A,Eggs_12pk,Dairy,80.0,80.0,0,228
2025-12-13,Store_A,Eggs_12pk,Dairy,71.7,80.0,0,315
2025-12-14,Store_A,Eggs_12pk,Dairy,80.0,80.0,0,252
2025-12-15,Store_A,Eggs_12pk,Dairy,80.0,80.0,0,201
2025-12-16,Store_A,Eggs_12pk,Dairy,80.0,80.0,0,189
2025-12-17,Store_A,Eggs_12pk,Dairy,80.0,80.0,0,178
2025-12-18,Store_A,Eggs_12pk,Dairy,80.0,80.0,1,247
2025-12-19,Store_A,Eggs_12pk,Dairy,80.0,80.0,0,263
2025-12-20,Store_A,Eggs_12pk,Dairy,80.0,80.0,0,267
2025-12-21,Store_A,Eggs_12pk,Dairy,66.66,80.0,0,268
2025-12-22,Store_A,Eggs_12pk,Dairy,80.0,80.0,1,260
2025-12-23,Store_A,Eggs_12pk,Dairy,80.0,80.0,1,228
2025-12-24,Store_A,Eggs_12pk,Dairy,71.59,80.0,0,212
2025-12-25,Store_A,Eggs_12pk,Dairy,80.0,80.0,0,210
2025-12-26,Store_A,Eggs_12pk,Dairy,86.36,80.0,0,216
2025-12-27,Store_A,Eggs_12pk,Dairy,80.0,80.0,0,319
2025-12-28,Store_A,Eggs_12pk,Dairy,80.55,80.0,0,235
2025-12-29,Store_A,Eggs_12pk,Dairy,80.0,80.0,1,248
2025-12-30,Store_A,Eggs_12pk,Dairy,80.0,80.0,0,163
2024-01-01,Store_A,Cooking_Oil_1L,Staples,154.2,140.0,0,41
2024-01-02,Store_A,Cooking_Oil_1L,Staples,140.0,140.0,0,60
2024-01-03,Store_A,Cooking_Oil_1L,Staples,140.0,140.0,0,53
2024-01-04,Store_A,Cooking_Oil_1L,Staples,140.0,140.0,0,55
2024-01-05,Store_A,Cooking_Oil_1L,Staples,114.74,140.0,0,83
2024-01-06,Store_A,Cooking_Oil_1L,Staples,140.0,140.0,0,79
2024-01-07,Store_A,Cooking_Oil_1L,Staples,140.0,140.0,0,65
2024-01-08,Store_A,Cooking_Oil_1L,Staples,140.0,140.0,0,62
2024-01-09,Store_A,Cooking_Oil_1L,Staples,140.0,140.0,0,50
2024-01-10,Store_A,Cooking_Oil_1L,Staples,140.0,140.0,0,56
2024-01-11,Store_A,Cooking_Oil_1L,Staples,140.0,140.0,0,60
2024-01-12,Store_A,Cooking_Oil_1L,Staples,140.0,140.0,0,61
2024-01-13,Store_A,Cooking_Oil_1L,Staples,140.0,140.0,0,79
2024-01-14,Store_A,Cooking_Oil_1L,Staples,140.0,140.0,0,77
2024-01-15,Store_A,Cooking_Oil_1L,Staples,140.0,140.0,0,61
2024-01-16,Store_A,Cooking_Oil_1L,Staples,122.65,140.0,0,61
2024-01-17,Store_A,Cooking_Oil_1L,Staples,127.91,140.0,0,57
2024-01-18,Store_A,Cooking_Oil_1L,Staples,140.0,140.0,0,56
2024-01-19,Store_A,Cooking_Oil_1L,Staples,143.78,140.0,0,73
2024-01-20,Store_A,Cooking_Oil_1L,Staples,140.0,140.0,0,93
2024-01-21,Store_A,Cooking_Oil_1L,Staples,140.0,140.0,0,82
2024-01-22,Store_A,Cooking_Oil_1L,Staples,140.0,140.0,0,55
2024-01-23,Store_A,Cooking_Oil_1L,Staples,128.08,140.0,0,60
2024-01-24,Store_A,Cooking_Oil_1L,Staples,115.08,140.0,0,64
2024-01-25,Store_A,Cooking_Oil_1L,Staples,140.0,140.0,0,54
2024-01-26,Store_A,Cooking_Oil_1L,Staples,140.0,140.0,0,63
2024-01-27,Store_A,Cooking_Oil_1L,Staples,140.0,140.0,1,113
2024-01-28,Store_A,Cooking_Oil_1L,Staples,140.0,140.0,0,73
2024-01-29,Store_A,Cooking_Oil_1L,Staples,140.0,140.0,0,60
2024-01-30,Store_A,Cooking_Oil_1L,Staples,122.29,140.0,0,61
2024-01-31,Store_A,Cooking_Oil_1L,Staples,157.39,140.0,0,48
2024-02-01,Store_A,Cooking_Oil_1L,Staples,140.0,140.0,0,50
2024-02-02,Store_A,Cooking_Oil_1L,Staples,140.0,140.0,0,69
2024-02-03,Store_A,Cooking_Oil_1L,Staples,140.0,140.0,0,73
2024-02-04,Store_A,Cooking_Oil_1L,Staples,140.0,140.0,0,77
2024-02-05,Store_A,Cooking_Oil_1L,Staples,140.0,140.0,0,59
2024-02-06,Store_A,Cooking_Oil_1L,Staples,140.0,140.0,1,64
2024-02-07,Store_A,Cooking_Oil_1L,Staples,140.0,140.0,0,61
2024-02-08,Store_A,Cooking_Oil_1L,Staples,140.0,140.0,1,87
2024-02-09,Store_A,Cooking_Oil_1L,Staples,140.0,140.0,0,69
2024-02-10,Store_A,Cooking_Oil_1L,Staples,140.0,140.0,0,84
2024-02-11,Store_A,Cooking_Oil_1L,Staples,140.0,140.0,0,77
2024-02-12,Store_A,Cooking_Oil_1L,Staples,140.0,140.0,1,72
2024-02-13,Store_A,Cooking_Oil_1L,Staples,140.0,140.0,0,51
2024-02-14,Store_A,Cooking_Oil_1L,Staples,140.0,140.0,0,57
2024-02-15,Store_A,Cooking_Oil_1L,Staples,140.0,140.0,0,60
2024-02-16,Store_A,Cooking_Oil_1L,Staples,140.0,140.0,0,63
2024-02-17,Store_A,Cooking_Oil_1L,Staples,140.0,140.0,1,124
2024-02-18,Store_A,Cooking_Oil_1L,Staples,140.0,140.0,0,71
2024-02-19,Store_A,Cooking_Oil_1L,Staples,140.0,140.0,0,61
2024-02-20,Store_A,Cooking_Oil_1L,Staples,140.0,140.0,0,49
2024-02-21,Store_A,Cooking_Oil_1L,Staples,125.27,140.0,0,70
2024-02-22,Store_A,Cooking_Oil_1L,Staples,140.0,140.0,0,60
2024-02-23,Store_A,Cooking_Oil_1L,Staples,140.0,140.0,1,94
2024-02-24,Store_A,Cooking_Oil_1L,Staples,140.0,140.0,0,74
2024-02-25,Store_A,Cooking_Oil_1L,Staples,140.0,140.0,0,68
2024-02-26,Store_A,Cooking_Oil_1L,Staples,140.0,140.0,0,49
2024-02-27,Store_A,Cooking_Oil_1L,Staples,140.0,140.0,0,56
2024-02-28,Store_A,Cooking_Oil_1L,Staples,140.0,140.0,0,49
2024-02-29,Store_A,Cooking_Oil_1L,Staples,140.0,140.0,0,56
2024-03-01,Store_A,Cooking_Oil_1L,Staples,140.0,140.0,1,80
2024-03-02,Store_A,Cooking_Oil_1L,Staples,140.0,140.0,0,72
2024-03-03,Store_A,Cooking_Oil_1L,Staples,140.24,140.0,0,70
2024-03-04,Store_A,Cooking_Oil_1L,Staples,139.68,140.0,0,55
2024-03-05,Store_A,Cooking_Oil_1L,Staples,140.0,140.0,0,50
2024-03-06,Store_A,Cooking_Oil_1L,Staples,140.0,140.0,0,47
2024-03-07,Store_A,Cooking_Oil_1L,Staples,140.0,140.0,0,55
2024-03-08,Store_A,Cooking_Oil_1L,Staples,140.0,140.0,1,92
2024-03-09,Store_A,Cooking_Oil_1L,Staples,140.0,140.0,0,85
2024-03-10,Store_A,Cooking_Oil_1L,Staples,140.0,140.0,0,78
2024-03-11,Store_A,Cooking_Oil_1L,Staples,140.0,140.0,0,57
2024-03-12,Store_A,Cooking_Oil_1L,Staples,140.0,140.0,0,52
2024-03-13,Store_A,Cooking_Oil_1L,Staples,140.0,140.0,0,54
2024-03-14,Store_A,Cooking_Oil_1L,Staples,140.0,140.0,0,58
2024-03-15,Store_A,Cooking_Oil_1L,Staples,114.83,140.0,0,83
2024-03-16,Store_A,Cooking_Oil_1L,Staples,140.0,140.0,0,76
2024-03-17,Store_A,Cooking_Oil_1L,Staples,140.0,140.0,0,65
2024-03-18,Store_A,Cooking_Oil_1L,Staples,140.0,140.0,0,58
2024-03-19,Store_A,Cooking_Oil_1L,Staples,140.0,140.0,0,55
2024-03-20,Store_A,Cooking_Oil_1L,Staples,140.0,140.0,0,42
2024-03-21,Store_A,Cooking_Oil_1L,Staples,140.0,140.0,0,50
2024-03-22,Store_A,Cooking_Oil_1L,Staples,140.0,140.0,0,69
2024-03-23,Store_A,Cooking_Oil_1L,Staples,140.0,140.0,0,72
2024-03-24,Store_A,Cooking_Oil_1L,Staples,112.06,140.0,0,90
2024-03-25,Store_A,Cooking_Oil_1L,Staples,159.85,140.0,0,46
2024-03-26,Store_A,Cooking_Oil_1L,Staples,140.0,140.0,0,47
2024-03-27,Store_A,Cooking_Oil_1L,Staples,140.0,140.0,0,52
2024-03-28,Store_A,Cooking_Oil_1L,Staples,113.32,140.0,0,67
2024-03-29,Store_A,Cooking_Oil_1L,Staples,140.0,140.0,0,51
2024-03-30,Store_A,Cooking_Oil_1L,Staples,140.0,140.0,0,86
2024-03-31,Store_A,Cooking_Oil_1L,Staples,137.59,140.0,0,81
2024-04-01,Store_A,Cooking_Oil_1L,Staples,140.0,140.0,0,47
2024-04-02,Store_A,Cooking_Oil_1L,Staples,140.0,140.0,0,49
2024-04-03,Store_A,Cooking_Oil_1L,Staples,140.0,140.0,0,59
2024-04-04,Store_A,Cooking_Oil_1L,Staples,120.14,140.0,0,64
2024-04-05,Store_A,Cooking_Oil_1L,Staples,148.19,140.0,0,63
2024-04-06,Store_A,Cooking_Oil_1L,Staples,140.0,140.0,0,80
2024-04-07,Store_A,Cooking_Oil_1L,Staples,116.18,140.0,0,87
2024-04-08,Store_A,Cooking_Oil_1L,Staples,140.0,140.0,0,56
2024-04-09,Store_A,Cooking_Oil_1L,Staples,140.0,140.0,0,53
2024-04-10,Store_A,Cooking_Oil_1L,Staples,140.0,140.0,0,51
2024-04-11,Store_A,Cooking_Oil_1L,Staples,140.0,140.0,0,57
2024-04-12,Store_A,Cooking_Oil_1L,Staples,140.0,140.0,0,63
2024-04-13,Store_A,Cooking_Oil_1L,Staples,130.76,140.0,1,95
2024-04-14,Store_A,Cooking_Oil_1L,Staples,140.62,140.0,0,66
2024-04-15,Store_A,Cooking_Oil_1L,Staples,112.6,140.0,0,63
2024-04-16,Store_A,Cooking_Oil_1L,Staples,130.46,140.0,0,55
2024-04-17,Store_A,Cooking_Oil_1L,Staples,140.0,140.0,0,49
2024-04-18,Store_A,Cooking_Oil_1L,Staples,140.0,140.0,0,57
2024-04-19,Store_A,Cooking_Oil_1L,Staples,140.0,140.0,0,60
2024-04-20,Store_A,Cooking_Oil_1L,Staples,140.0,140.0,0,73
2024-04-21,Store_A,Cooking_Oil_1L,Staples,140.0,140.0,0,61
2024-04-22,Store_A,Cooking_Oil_1L,Staples,140.0,140.0,0,46
2024-04-23,Store_A,Cooking_Oil_1L,Staples,158.84,140.0,0,43
2024-04-24,Store_A,Cooking_Oil_1L,Staples,140.0,140.0,0,53
2024-04-25,Store_A,Cooking_Oil_1L,Staples,140.0,140.0,0,53
2024-04-26,Store_A,Cooking_Oil_1L,Staples,140.0,140.0,0,75
2024-04-27,Store_A,Cooking_Oil_1L,Staples,140.0,140.0,0,71
2024-04-28,Store_A,Cooking_Oil_1L,Staples,140.0,140.0,0,77
2024-04-29,Store_A,Cooking_Oil_1L,Staples,140.0,140.0,0,46
2024-04-30,Store_A,Cooking_Oil_1L,Staples,140.0,140.0,0,45
2024-05-01,Store_A,Cooking_Oil_1L,Staples,140.0,140.0,0,44
2024-05-02,Store_A,Cooking_Oil_1L,Staples,140.0,140.0,0,46
2024-05-03,Store_A,Cooking_Oil_1L,Staples,128.63,140.0,0,68
2024-05-04,Store_A,Cooking_Oil_1L,Staples,140.0,140.0,0,65
2024-05-05,Store_A,Cooking_Oil_1L,Staples,140.0,140.0,0,61
2024-05-06,Store_A,Cooking_Oil_1L,Staples,140.0,140.0,0,43
2024-05-07,Store_A,Cooking_Oil_1L,Staples,140.0,140.0,0,46
2024-05-08,Store_A,Cooking_Oil_1L,Staples,140.0,140.0,0,54
2024-05-09,Store_A,Cooking_Oil_1L,Staples,140.0,140.0,0,48
2024-05-10,Store_A,Cooking_Oil_1L,Staples,140.0,140.0,0,61
2024-05-11,Store_A,Cooking_Oil_1L,Staples,140.0,140.0,0,68
2024-05-12,Store_A,Cooking_Oil_1L,Staples,140.0,140.0,0,61
2024-05-13,Store_A,Cooking_Oil_1L,Staples,140.0,140.0,0,49
2024-05-14,Store_A,Cooking_Oil_1L,Staples,140.0,140.0,0,52
2024-05-15,Store_A,Cooking_Oil_1L,Staples,140.0,140.0,0,53
2024-05-16,Store_A,Cooking_Oil_1L,Staples,140.0,140.0,0,57
2024-05-17,Store_A,Cooking_Oil_1L,Staples,140.0,140.0,0,66
2024-05-18,Store_A,Cooking_Oil_1L,Staples,140.0,140.0,0,70
2024-05-19,Store_A,Cooking_Oil_1L,Staples,132.7,140.0,1,95
2024-05-20,Store_A,Cooking_Oil_1L,Staples,140.0,140.0,0,47
2024-05-21,Store_A,Cooking_Oil_1L,Staples,140.0,140.0,0,51
2024-05-22,Store_A,Cooking_Oil_1L,Staples,132.68,140.0,0,56
2024-05-23,Store_A,Cooking_Oil_1L,Staples,140.0,140.0,0,55
2024-05-24,Store_A,Cooking_Oil_1L,Staples,140.0,140.0,1,97
2024-05-25,Store_A,Cooking_Oil_1L,Staples,140.0,140.0,0,72
2024-05-26,Store_A,Cooking_Oil_1L,Staples,140.0,140.0,0,57
2024-05-27,Store_A,Cooking_Oil_1L,Staples,140.0,140.0,0,52
2024-05-28,Store_A,Cooking_Oil_1L,Staples,140.0,140.0,0,46
2024-05-29,Store_A,Cooking_Oil_1L,Staples,140.0,140.0,0,54
2024-05-30,Store_A,Cooking_Oil_1L,Staples,140.0,140.0,0,55
2024-05-31,Store_A,Cooking_Oil_1L,Staples,120.11,140.0,0,62
2024-06-01,Store_A,Cooking_Oil_1L,Staples,140.0,140.0,0,72
2024-06-02,Store_A,Cooking_Oil_1L,Staples,140.0,140.0,0,65
2024-06-03,Store_A,Cooking_Oil_1L,Staples,140.0,140.0,0,42
2024-06-04,Store_A,Cooking_Oil_1L,Staples,138.19,140.0,0,43
2024-06-05,Store_A,Cooking_Oil_1L,Staples,140.0,140.0,0,49
2024-06-06,Store_A,Cooking_Oil_1L,Staples,140.0,140.0,0,47
2024-06-07,Store_A,Cooking_Oil_1L,Staples,140.0,140.0,0,59
2024-06-08,Store_A,Cooking_Oil_1L,Staples,159.68,140.0,0,56
2024-06-09,Store_A,Cooking_Oil_1L,Staples,140.0,140.0,0,60
2024-06-10,Store_A,Cooking_Oil_1L,Staples,140.0,140.0,0,48
2024-06-11,Store_A,Cooking_Oil_1L,Staples,140.0,140.0,0,38
2024-06-12,Store_A,Cooking_Oil_1L,Staples,140.0,140.0,0,45
2024-06-13,Store_A,Cooking_Oil_1L,Staples,140.0,140.0,0,46
2024-06-14,Store_A,Cooking_Oil_1L,Staples,140.0,140.0,0,56
2024-06-15,Store_A,Cooking_Oil_1L,Staples,140.0,140.0,0,65
2024-06-16,Store_A,Cooking_Oil_1L,Staples,140.0,140.0,0,63
2024-06-17,Store_A,Cooking_Oil_1L,Staples,140.0,140.0,0,46
2024-06-18,Store_A,Cooking_Oil_1L,Staples,140.0,140.0,0,47
2024-06-19,Store_A,Cooking_Oil_1L,Staples,140.0,140.0,0,48
2024-06-20,Store_A,Cooking_Oil_1L,Staples,160.13,140.0,0,46
2024-06-21,Store_A,Cooking_Oil_1L,Staples,140.0,140.0,1,76
2024-06-22,Store_A,Cooking_Oil_1L,Staples,120.51,140.0,0,89
2024-06-23,Store_A,Cooking_Oil_1L,Staples,140.0,140.0,0,58
2024-06-24,Store_A,Cooking_Oil_1L,Staples,140.0,140.0,0,41
2024-06-25,Store_A,Cooking_Oil_1L,Staples,140.0,140.0,0,40
2024-06-26,Store_A,Cooking_Oil_1L,Staples,140.0,140.0,0,40
2024-06-27,Store_A,Cooking_Oil_1L,Staples,140.0,140.0,0,52
2024-06-28,Store_A,Cooking_Oil_1L,Staples,140.0,140.0,0,67
2024-06-29,Store_A,Cooking_Oil_1L,Staples,140.0,140.0,1,92
2024-06-30,Store_A,Cooking_Oil_1L,Staples,140.0,140.0,0,63
2024-07-01,Store_A,Cooking_Oil_1L,Staples,127.65,140.0,0,51
2024-07-02,Store_A,Cooking_Oil_1L,Staples,140.0,140.0,0,44
2024-07-03,Store_A,Cooking_Oil_1L,Staples,140.0,140.0,0,48
2024-07-04,Store_A,Cooking_Oil_1L,Staples,140.0,140.0,0,57
2024-07-05,Store_A,Cooking_Oil_1L,Staples,140.0,140.0,0,64
2024-07-06,Store_A,Cooking_Oil_1L,Staples,140.0,140.0,0,73
2024-07-07,Store_A,Cooking_Oil_1L,Staples,140.0,140.0,0,63
2024-07-08,Store_A,Cooking_Oil_1L,Staples,140.0,140.0,0,50
2024-07-09,Store_A,Cooking_Oil_1L,Staples,140.0,140.0,0,45
2024-07-10,Store_A,Cooking_Oil_1L,Staples,140.0,140.0,0,44
2024-07-11,Store_A,Cooking_Oil_1L,Staples,150.55,140.0,0,47
2024-07-12,Store_A,Cooking_Oil_1L,Staples,140.0,140.0,1,78
2024-07-13,Store_A,Cooking_Oil_1L,Staples,140.0,140.0,0,55
2024-07-14,Store_A,Cooking_Oil_1L,Staples,140.0,140.0,0,58
2024-07-15,Store_A,Cooking_Oil_1L,Staples,140.0,140.0,0,46
2024-07-16,Store_A,Cooking_Oil_1L,Staples,140.0,140.0,0,46
2024-07-17,Store_A,Cooking_Oil_1L,Staples,140.0,140.0,0,48
2024-07-18,Store_A,Cooking_Oil_1L,Staples,140.0,140.0,0,47
2024-07-19,Store_A,Cooking_Oil_1L,Staples,140.0,140.0,0,54
2024-07-20,Store_A,Cooking_Oil_1L,Staples,140.0,140.0,0,67
2024-07-21,Store_A,Cooking_Oil_1L,Staples,140.0,140.0,0,52
2024-07-22,Store_A,Cooking_Oil_1L,Staples,140.0,140.0,0,43
2024-07-23,Store_A,Cooking_Oil_1L,Staples,123.73,140.0,0,43
2024-07-24,Store_A,Cooking_Oil_1L,Staples,140.0,140.0,0,44
2024-07-25,Store_A,Cooking_Oil_1L,Staples,140.0,140.0,1,70
2024-07-26,Store_A,Cooking_Oil_1L,Staples,140.0,140.0,0,60
2024-07-27,Store_A,Cooking_Oil_1L,Staples,119.75,140.0,0,78
2024-07-28,Store_A,Cooking_Oil_1L,Staples,140.0,140.0,0,62
2024-07-29,Store_A,Cooking_Oil_1L,Staples,140.0,140.0,0,47
2024-07-30,Store_A,Cooking_Oil_1L,Staples,140.0,140.0,0,46
2024-07-31,Store_A,Cooking_Oil_1L,Staples,140.0,140.0,0,46
2024-08-01,Store_A,Cooking_Oil_1L,Staples,140.0,140.0,0,47
2024-08-02,Store_A,Cooking_Oil_1L,Staples,140.0,140.0,0,53
2024-08-03,Store_A,Cooking_Oil_1L,Staples,140.0,140.0,0,60
2024-08-04,Store_A,Cooking_Oil_1L,Staples,140.0,140.0,0,61
2024-08-05,Store_A,Cooking_Oil_1L,Staples,140.0,140.0,0,47
2024-08-06,Store_A,Cooking_Oil_1L,Staples,140.0,140.0,0,45
2024-08-07,Store_A,Cooking_Oil_1L,Staples,140.0,140.0,0,43
2024-08-08,Store_A,Cooking_Oil_1L,Staples,150.57,140.0,0,45
2024-08-09,Store_A,Cooking_Oil_1L,Staples,140.0,140.0,0,58
2024-08-10,Store_A,Cooking_Oil_1L,Staples,140.0,140.0,0,67
2024-08-11,Store_A,Cooking_Oil_1L,Staples,140.0,140.0,0,57
2024-08-12,Store_A,Cooking_Oil_1L,Staples,154.6,140.0,0,43
2024-08-13,Store_A,Cooking_Oil_1L,Staples,140.0,140.0,0,46
2024-08-14,Store_A,Cooking_Oil_1L,Staples,113.81,140.0,0,56
2024-08-15,Store_A,Cooking_Oil_1L,Staples,140.0,140.0,0,55
2024-08-16,Store_A,Cooking_Oil_1L,Staples,140.0,140.0,0,64
2024-08-17,Store_A,Cooking_Oil_1L,Staples,140.0,140.0,0,67
2024-08-18,Store_A,Cooking_Oil_1L,Staples,140.0,140.0,0,68
2024-08-19,Store_A,Cooking_Oil_1L,Staples,140.0,140.0,0,53
2024-08-20,Store_A,Cooking_Oil_1L,Staples,140.0,140.0,0,45
2024-08-21,Store_A,Cooking_Oil_1L,Staples,140.0,140.0,0,47
2024-08-22,Store_A,Cooking_Oil_1L,Staples,140.0,140.0,0,49
2024-08-23,Store_A,Cooking_Oil_1L,Staples,140.0,140.0,1,78
2024-08-24,Store_A,Cooking_Oil_1L,Staples,140.0,140.0,1,95
2024-08-25,Store_A,Cooking_Oil_1L,Staples,127.39,140.0,0,70
2024-08-26,Store_A,Cooking_Oil_1L,Staples,140.0,140.0,0,54
2024-08-27,Store_A,Cooking_Oil_1L,Staples,140.0,140.0,0,44
2024-08-28,Store_A,Cooking_Oil_1L,Staples,119.72,140.0,0,62
2024-08-29,Store_A,Cooking_Oil_1L,Staples,140.0,140.0,0,52
2024-08-30,Store_A,Cooking_Oil_1L,Staples,140.0,140.0,0,64
2024-08-31,Store_A,Cooking_Oil_1L,Staples,125.53,140.0,0,82
2024-09-01,Store_A,Cooking_Oil_1L,Staples,140.0,140.0,0,65
2024-09-02,Store_A,Cooking_Oil_1L,Staples,140.0,140.0,0,50
2024-09-03,Store_A,Cooking_Oil_1L,Staples,116.48,140.0,1,68
2024-09-04,Store_A,Cooking_Oil_1L,Staples,140.0,140.0,0,46
2024-09-05,Store_A,Cooking_Oil_1L,Staples,140.0,140.0,0,55
2024-09-06,Store_A,Cooking_Oil_1L,Staples,140.0,140.0,0,58
2024-09-07,Store_A,Cooking_Oil_1L,Staples,140.0,140.0,1,94
2024-09-08,Store_A,Cooking_Oil_1L,Staples,115.88,140.0,0,84
2024-09-09,Store_A,Cooking_Oil_1L,Staples,140.0,140.0,0,52
2024-09-10,Store_A,Cooking_Oil_1L,Staples,140.0,140.0,0,47
2024-09-11,Store_A,Cooking_Oil_1L,Staples,140.0,140.0,0,46
2024-09-12,Store_A,Cooking_Oil_1L,Staples,150.69,140.0,0,46
2024-09-13,Store_A,Cooking_Oil_1L,Staples,113.69,140.0,0,71
2024-09-14,Store_A,Cooking_Oil_1L,Staples,140.0,140.0,0,72
2024-09-15,Store_A,Cooking_Oil_1L,Staples,140.0,140.0,0,58
2024-09-16,Store_A,Cooking_Oil_1L,Staples,140.0,140.0,0,48
2024-09-17,Store_A,Cooking_Oil_1L,Staples,140.0,140.0,0,44
2024-09-18,Store_A,Cooking_Oil_1L,Staples,140.0,140.0,0,51
2024-09-19,Store_A,Cooking_Oil_1L,Staples,140.0,140.0,0,53
2024-09-20,Store_A,Cooking_Oil_1L,Staples,140.0,140.0,0,63
2024-09-21,Store_A,Cooking_Oil_1L,Staples,140.0,140.0,1,103
2024-09-22,Store_A,Cooking_Oil_1L,Staples,140.0,140.0,1,95
2024-09-23,Store_A,Cooking_Oil_1L,Staples,140.0,140.0,0,55
2024-09-24,Store_A,Cooking_Oil_1L,Staples,140.0,140.0,0,52
2024-09-25,Store_A,Cooking_Oil_1L,Staples,141.15,140.0,1,71
2024-09-26,Store_A,Cooking_Oil_1L,Staples,140.0,140.0,1,83
2024-09-27,Store_A,Cooking_Oil_1L,Staples,140.0,140.0,0,75
2024-09-28,Store_A,Cooking_Oil_1L,Staples,117.18,140.0,0,86
2024-09-29,Store_A,Cooking_Oil_1L,Staples,140.0,140.0,1,76
2024-09-30,Store_A,Cooking_Oil_1L,Staples,140.0,140.0,0,54
2024-10-01,Store_A,Cooking_Oil_1L,Staples,140.0,140.0,0,71
2024-10-02,Store_A,Cooking_Oil_1L,Staples,140.0,140.0,0,70
2024-10-03,Store_A,Cooking_Oil_1L,Staples,140.0,140.0,0,75
2024-10-04,Store_A,Cooking_Oil_1L,Staples,140.0,140.0,0,93
2024-10-05,Store_A,Cooking_Oil_1L,Staples,133.27,140.0,0,132
2024-10-06,Store_A,Cooking_Oil_1L,Staples,140.0,140.0,0,110
2024-10-07,Store_A,Cooking_Oil_1L,Staples,140.0,140.0,0,75
2024-10-08,Store_A,Cooking_Oil_1L,Staples,140.0,140.0,0,77
2024-10-09,Store_A,Cooking_Oil_1L,Staples,114.37,140.0,0,95
2024-10-10,Store_A,Cooking_Oil_1L,Staples,140.0,140.0,0,83
2024-10-11,Store_A,Cooking_Oil_1L,Staples,140.0,140.0,0,100
2024-10-12,Store_A,Cooking_Oil_1L,Staples,140.0,140.0,0,119
2024-10-13,Store_A,Cooking_Oil_1L,Staples,140.0,140.0,0,105
2024-10-14,Store_A,Cooking_Oil_1L,Staples,140.0,140.0,0,72
2024-10-15,Store_A,Cooking_Oil_1L,Staples,144.0,140.0,0,66
2024-10-16,Store_A,Cooking_Oil_1L,Staples,140.0,140.0,0,71
2024-10-17,Store_A,Cooking_Oil_1L,Staples,140.0,140.0,0,89
2024-10-18,Store_A,Cooking_Oil_1L,Staples,122.43,140.0,0,117
2024-10-19,Store_A,Cooking_Oil_1L,Staples,140.0,140.0,0,130
2024-10-20,Store_A,Cooking_Oil_1L,Staples,151.88,140.0,0,109
2024-10-21,Store_A,Cooking_Oil_1L,Staples,140.0,140.0,0,76
2024-10-22,Store_A,Cooking_Oil_1L,Staples,140.0,140.0,0,69
2024-10-23,Store_A,Cooking_Oil_1L,Staples,140.0,140.0,0,77
2024-10-24,Store_A,Cooking_Oil_1L,Staples,140.0,140.0,0,83
2024-10-25,Store_A,Cooking_Oil_1L,Staples,140.0,140.0,0,96
2024-10-26,Store_A,Cooking_Oil_1L,Staples,140.0,140.0,0,113
2024-10-27,Store_A,Cooking_Oil_1L,Staples,140.0,140.0,0,105
2024-10-28,Store_A,Cooking_Oil_1L,Staples,119.88,140.0,0,95
2024-10-29,Store_A,Cooking_Oil_1L,Staples,140.0,140.0,0,71
2024-10-30,Store_A,Cooking_Oil_1L,Staples,140.0,140.0,0,74
2024-10-31,Store_A,Cooking_Oil_1L,Staples,140.0,140.0,0,85
2024-11-01,Store_A,Cooking_Oil_1L,Staples,140.0,140.0,0,99
2024-11-02,Store_A,Cooking_Oil_1L,Staples,140.0,140.0,0,109
2024-11-03,Store_A,Cooking_Oil_1L,Staples,133.75,140.0,0,110
2024-11-04,Store_A,Cooking_Oil_1L,Staples,140.0,140.0,0,74
2024-11-05,Store_A,Cooking_Oil_1L,Staples,140.0,140.0,0,82
2024-11-06,Store_A,Cooking_Oil_1L,Staples,140.0,140.0,0,91
2024-11-07,Store_A,Cooking_Oil_1L,Staples,140.0,140.0,0,83
2024-11-08,Store_A,Cooking_Oil_1L,Staples,140.0,140.0,0,114
2024-11-09,Store_A,Cooking_Oil_1L,Staples,140.0,140.0,0,148
2024-11-10,Store_A,Cooking_Oil_1L,Staples,140.0,140.0,0,127
2024-11-11,Store_A,Cooking_Oil_1L,Staples,114.9,140.0,0,114
2024-11-12,Store_A,Cooking_Oil_1L,Staples,140.0,140.0,1,102
2024-11-13,Store_A,Cooking_Oil_1L,Staples,123.28,140.0,0,100
2024-11-14,Store_A,Cooking_Oil_1L,Staples,140.0,140.0,0,88
2024-11-15,Store_A,Cooking_Oil_1L,Staples,117.43,140.0,0,141
2024-11-16,Store_A,Cooking_Oil_1L,Staples,140.0,140.0,0,131
2024-11-17,Store_A,Cooking_Oil_1L,Staples,140.0,140.0,1,168
2024-11-18,Store_A,Cooking_Oil_1L,Staples,140.0,140.0,0,70
2024-11-19,Store_A,Cooking_Oil_1L,Staples,125.14,140.0,0,82
2024-11-20,Store_A,Cooking_Oil_1L,Staples,140.0,140.0,0,82
2024-11-21,Store_A,Cooking_Oil_1L,Staples,140.0,140.0,0,95
2024-11-22,Store_A,Cooking_Oil_1L,Staples,140.0,140.0,0,105
2024-11-23,Store_A,Cooking_Oil_1L,Staples,117.51,140.0,1,205
2024-11-24,Store_A,Cooking_Oil_1L,Staples,140.0,140.0,0,110
2024-11-25,Store_A,Cooking_Oil_1L,Staples,140.0,140.0,0,95
2024-11-26,Store_A,Cooking_Oil_1L,Staples,140.0,140.0,0,86
2024-11-27,Store_A,Cooking_Oil_1L,Staples,140.0,140.0,0,77
2024-11-28,Store_A,Cooking_Oil_1L,Staples,140.0,140.0,0,90
2024-11-29,Store_A,Cooking_Oil_1L,Staples,140.0,140.0,0,101
2024-11-30,Store_A,Cooking_Oil_1L,Staples,133.56,140.0,0,134
2024-12-01,Store_A,Cooking_Oil_1L,Staples,140.0,140.0,0,93
2024-12-02,Store_A,Cooking_Oil_1L,Staples,140.0,140.0,0,72
2024-12-03,Store_A,Cooking_Oil_1L,Staples,140.0,140.0,0,70
2024-12-04,Store_A,Cooking_Oil_1L,Staples,140.0,140.0,0,76
2024-12-05,Store_A,Cooking_Oil_1L,Staples,140.0,140.0,0,79
2024-12-06,Store_A,Cooking_Oil_1L,Staples,140.0,140.0,0,96
2024-12-07,Store_A,Cooking_Oil_1L,Staples,112.89,140.0,0,126
2024-12-08,Store_A,Cooking_Oil_1L,Staples,140.0,140.0,0,81
2024-12-09,Store_A,Cooking_Oil_1L,Staples,150.74,140.0,0,66
2024-12-10,Store_A,Cooking_Oil_1L,Staples,140.0,140.0,0,73
2024-12-11,Store_A,Cooking_Oil_1L,Staples,140.0,140.0,0,67
2024-12-12,Store_A,Cooking_Oil_1L,Staples,140.0,140.0,0,99
2024-12-13,Store_A,Cooking_Oil_1L,Staples,140.0,140.0,0,83
2024-12-14,Store_A,Cooking_Oil_1L,Staples,140.0,140.0,1,121
2024-12-15,Store_A,Cooking_Oil_1L,Staples,140.0,140.0,0,109
2024-12-16,Store_A,Cooking_Oil_1L,Staples,140.0,140.0,0,74
2024-12-17,Store_A,Cooking_Oil_1L,Staples,140.0,140.0,0,63
2024-12-18,Store_A,Cooking_Oil_1L,Staples,140.0,140.0,0,76
2024-12-19,Store_A,Cooking_Oil_1L,Staples,140.0,140.0,0,80
2024-12-20,Store_A,Cooking_Oil_1L,Staples,140.0,140.0,1,136
2024-12-21,Store_A,Cooking_Oil_1L,Staples,127.81,140.0,0,130
2024-12-22,Store_A,Cooking_Oil_1L,Staples,140.0,140.0,0,92
2024-12-23,Store_A,Cooking_Oil_1L,Staples,140.0,140.0,1,102
2024-12-24,Store_A,Cooking_Oil_1L,Staples,140.0,140.0,0,80
2024-12-25,Store_A,Cooking_Oil_1L,Staples,140.0,140.0,0,87
2024-12-26,Store_A,Cooking_Oil_1L,Staples,140.0,140.0,0,88
2024-12-27,Store_A,Cooking_Oil_1L,Staples,140.0,140.0,0,83
2024-12-28,Store_A,Cooking_Oil_1L,Staples,118.77,140.0,1,176
2024-12-29,Store_A,Cooking_Oil_1L,Staples,158.44,140.0,0,90
2024-12-30,Store_A,Cooking_Oil_1L,Staples,153.08,140.0,0,71
2024-12-31,Store_A,Cooking_Oil_1L,Staples,140.0,140.0,0,76
2025-01-01,Store_A,Cooking_Oil_1L,Staples,140.0,140.0,0,72
2025-01-02,Store_A,Cooking_Oil_1L,Staples,136.35,140.0,0,65
2025-01-03,Store_A,Cooking_Oil_1L,Staples,140.0,140.0,0,74
2025-01-04,Store_A,Cooking_Oil_1L,Staples,156.83,140.0,0,99
2025-01-05,Store_A,Cooking_Oil_1L,Staples,140.0,140.0,1,113
2025-01-06,Store_A,Cooking_Oil_1L,Staples,140.0,140.0,0,68
2025-01-07,Store_A,Cooking_Oil_1L,Staples,140.0,140.0,0,68
2025-01-08,Store_A,Cooking_Oil_1L,Staples,140.0,140.0,0,67
2025-01-09,Store_A,Cooking_Oil_1L,Staples,140.0,140.0,0,68
2025-01-10,Store_A,Cooking_Oil_1L,Staples,140.0,140.0,0,86
2025-01-11,Store_A,Cooking_Oil_1L,Staples,140.0,140.0,0,101
2025-01-12,Store_A,Cooking_Oil_1L,Staples,139.0,140.0,0,85
2025-01-13,Store_A,Cooking_Oil_1L,Staples,140.0,140.0,0,70
2025-01-14,Store_A,Cooking_Oil_1L,Staples,140.0,140.0,1,86
2025-01-15,Store_A,Cooking_Oil_1L,Staples,140.0,140.0,0,64
2025-01-16,Store_A,Cooking_Oil_1L,Staples,140.0,140.0,0,70
2025-01-17,Store_A,Cooking_Oil_1L,Staples,140.0,140.0,0,65
2025-01-18,Store_A,Cooking_Oil_1L,Staples,157.83,140.0,0,92
2025-01-19,Store_A,Cooking_Oil_1L,Staples,140.0,140.0,0,88
2025-01-20,Store_A,Cooking_Oil_1L,Staples,140.0,140.0,0,60
2025-01-21,Store_A,Cooking_Oil_1L,Staples,140.0,140.0,0,57
2025-01-22,Store_A,Cooking_Oil_1L,Staples,140.0,140.0,0,61
2025-01-23,Store_A,Cooking_Oil_1L,Staples,140.0,140.0,0,69
2025-01-24,Store_A,Cooking_Oil_1L,Staples,152.89,140.0,0,67
2025-01-25,Store_A,Cooking_Oil_1L,Staples,140.0,140.0,0,83
2025-01-26,Store_A,Cooking_Oil_1L,Staples,140.0,140.0,0,89
2025-01-27,Store_A,Cooking_Oil_1L,Staples,140.0,140.0,0,63
2025-01-28,Store_A,Cooking_Oil_1L,Staples,140.0,140.0,0,59
2025-01-29,Store_A,Cooking_Oil_1L,Staples,140.0,140.0,0,63
2025-01-30,Store_A,Cooking_Oil_1L,Staples,140.3,140.0,0,73
2025-01-31,Store_A,Cooking_Oil_1L,Staples,140.0,140.0,1,125
2025-02-01,Store_A,Cooking_Oil_1L,Staples,140.0,140.0,0,107
2025-02-02,Store_A,Cooking_Oil_1L,Staples,140.0,140.0,0,93
2025-02-03,Store_A,Cooking_Oil_1L,Staples,140.0,140.0,0,53
2025-02-04,Store_A,Cooking_Oil_1L,Staples,140.0,140.0,0,66
2025-02-05,Store_A,Cooking_Oil_1L,Staples,140.0,140.0,0,64
2025-02-06,Store_A,Cooking_Oil_1L,Staples,140.0,140.0,0,68
2025-02-07,Store_A,Cooking_Oil_1L,Staples,138.46,140.0,0,99
2025-02-08,Store_A,Cooking_Oil_1L,Staples,140.0,140.0,1,129
2025-02-09,Store_A,Cooking_Oil_1L,Staples,154.31,140.0,0,84
2025-02-10,Store_A,Cooking_Oil_1L,Staples,140.0,140.0,1,113
2025-02-11,Store_A,Cooking_Oil_1L,Staples,140.0,140.0,1,77
2025-02-12,Store_A,Cooking_Oil_1L,Staples,140.0,140.0,0,62
2025-02-13,Store_A,Cooking_Oil_1L,Staples,144.09,140.0,0,66
2025-02-14,Store_A,Cooking_Oil_1L,Staples,140.0,140.0,0,97
2025-02-15,Store_A,Cooking_Oil_1L,Staples,140.0,140.0,0,99
2025-02-16,Store_A,Cooking_Oil_1L,Staples,140.0,140.0,0,93
2025-02-17,Store_A,Cooking_Oil_1L,Staples,133.58,140.0,0,71
2025-02-18,Store_A,Cooking_Oil_1L,Staples,140.0,140.0,0,67
2025-02-19,Store_A,Cooking_Oil_1L,Staples,140.0,140.0,0,66
2025-02-20,Store_A,Cooking_Oil_1L,Staples,140.0,140.0,0,68
2025-02-21,Store_A,Cooking_Oil_1L,Staples,140.0,140.0,0,88
2025-02-22,Store_A,Cooking_Oil_1L,Staples,140.0,140.0,0,94
2025-02-23,Store_A,Cooking_Oil_1L,Staples,140.0,140.0,0,86
2025-02-24,Store_A,Cooking_Oil_1L,Staples,140.0,140.0,0,63
2025-02-25,Store_A,Cooking_Oil_1L,Staples,140.0,140.0,1,94
2025-02-26,Store_A,Cooking_Oil_1L,Staples,129.05,140.0,0,76
2025-02-27,Store_A,Cooking_Oil_1L,Staples,140.0,140.0,0,73
2025-02-28,Store_A,Cooking_Oil_1L,Staples,140.0,140.0,0,84
2025-03-01,Store_A,Cooking_Oil_1L,Staples,140.0,140.0,0,99
2025-03-02,Store_A,Cooking_Oil_1L,Staples,140.0,140.0,0,88
2025-03-03,Store_A,Cooking_Oil_1L,Staples,140.0,140.0,0,71
2025-03-04,Store_A,Cooking_Oil_1L,Staples,116.54,140.0,0,82
2025-03-05,Store_A,Cooking_Oil_1L,Staples,140.0,140.0,0,70
2025-03-06,Store_A,Cooking_Oil_1L,Staples,140.0,140.0,0,63
2025-03-07,Store_A,Cooking_Oil_1L,Staples,140.0,140.0,0,78
2025-03-08,Store_A,Cooking_Oil_1L,Staples,140.0,140.0,0,100
2025-03-09,Store_A,Cooking_Oil_1L,Staples,140.0,140.0,1,118
2025-03-10,Store_A,Cooking_Oil_1L,Staples,140.0,140.0,0,66
2025-03-11,Store_A,Cooking_Oil_1L,Staples,140.0,140.0,0,60
2025-03-12,Store_A,Cooking_Oil_1L,Staples,140.0,140.0,0,67
2025-03-13,Store_A,Cooking_Oil_1L,Staples,140.0,140.0,0,74
2025-03-14,Store_A,Cooking_Oil_1L,Staples,140.0,140.0,0,80
2025-03-15,Store_A,Cooking_Oil_1L,Staples,140.0,140.0,0,97
2025-03-16,Store_A,Cooking_Oil_1L,Staples,140.0,140.0,0,100
2025-03-17,Store_A,Cooking_Oil_1L,Staples,140.0,140.0,0,65
2025-03-18,Store_A,Cooking_Oil_1L,Staples,140.0,140.0,0,67
2025-03-19,Store_A,Cooking_Oil_1L,Staples,140.0,140.0,0,57
2025-03-20,Store_A,Cooking_Oil_1L,Staples,140.0,140.0,0,76
2025-03-21,Store_A,Cooking_Oil_1L,Staples,140.0,140.0,0,81
2025-03-22,Store_A,Cooking_Oil_1L,Staples,140.0,140.0,0,103
2025-03-23,Store_A,Cooking_Oil_1L,Staples,118.51,140.0,0,104
2025-03-24,Store_A,Cooking_Oil_1L,Staples,140.0,140.0,0,65
2025-03-25,Store_A,Cooking_Oil_1L,Staples,140.0,140.0,0,53
2025-03-26,Store_A,Cooking_Oil_1L,Staples,140.0,140.0,0,63
2025-03-27,Store_A,Cooking_Oil_1L,Staples,140.0,140.0,0,58
2025-03-28,Store_A,Cooking_Oil_1L,Staples,140.0,140.0,0,79
2025-03-29,Store_A,Cooking_Oil_1L,Staples,140.0,140.0,0,96
2025-03-30,Store_A,Cooking_Oil_1L,Staples,140.0,140.0,0,90
2025-03-31,Store_A,Cooking_Oil_1L,Staples,140.0,140.0,1,88
2025-04-01,Store_A,Cooking_Oil_1L,Staples,140.0,140.0,0,64
2025-04-02,Store_A,Cooking_Oil_1L,Staples,140.0,140.0,0,59
2025-04-03,Store_A,Cooking_Oil_1L,Staples,145.97,140.0,1,71
2025-04-04,Store_A,Cooking_Oil_1L,Staples,140.0,140.0,0,80
2025-04-05,Store_A,Cooking_Oil_1L,Staples,140.0,140.0,0,72
2025-04-06,Store_A,Cooking_Oil_1L,Staples,140.0,140.0,0,84
2025-04-07,Store_A,Cooking_Oil_1L,Staples,140.0,140.0,1,89
2025-04-08,Store_A,Cooking_Oil_1L,Staples,140.0,140.0,0,54
2025-04-09,Store_A,Cooking_Oil_1L,Staples,140.0,140.0,0,63
2025-04-10,Store_A,Cooking_Oil_1L,Staples,140.0,140.0,0,62
2025-04-11,Store_A,Cooking_Oil_1L,Staples,140.0,140.0,0,76
2025-04-12,Store_A,Cooking_Oil_1L,Staples,140.0,140.0,0,89
2025-04-13,Store_A,Cooking_Oil_1L,Staples,140.0,140.0,0,82
2025-04-14,Store_A,Cooking_Oil_1L,Staples,140.0,140.0,0,67
2025-04-15,Store_A,Cooking_Oil_1L,Staples,140.0,140.0,0,60
2025-04-16,Store_A,Cooking_Oil_1L,Staples,140.0,140.0,0,67
2025-04-17,Store_A,Cooking_Oil_1L,Staples,118.24,140.0,0,69
2025-04-18,Store_A,Cooking_Oil_1L,Staples,121.03,140.0,0,88
2025-04-19,Store_A,Cooking_Oil_1L,Staples,140.0,140.0,0,90
2025-04-20,Store_A,Cooking_Oil_1L,Staples,124.8,140.0,0,78
2025-04-21,Store_A,Cooking_Oil_1L,Staples,140.0,140.0,0,54
2025-04-22,Store_A,Cooking_Oil_1L,Staples,140.0,140.0,0,60
2025-04-23,Store_A,Cooking_Oil_1L,Staples,140.0,140.0,1,77
2025-04-24,Store_A,Cooking_Oil_1L,Staples,140.0,140.0,0,62
2025-04-25,Store_A,Cooking_Oil_1L,Staples,140.0,140.0,0,82
2025-04-26,Store_A,Cooking_Oil_1L,Staples,129.63,140.0,0,93
2025-04-27,Store_A,Cooking_Oil_1L,Staples,140.0,140.0,0,77
2025-04-28,Store_A,Cooking_Oil_1L,Staples,140.0,140.0,0,58
2025-04-29,Store_A,Cooking_Oil_1L,Staples,140.0,140.0,0,46
2025-04-30,Store_A,Cooking_Oil_1L,Staples,130.79,140.0,0,62
2025-05-01,Store_A,Cooking_Oil_1L,Staples,140.0,140.0,0,57
2025-05-02,Store_A,Cooking_Oil_1L,Staples,140.0,140.0,0,71
2025-05-03,Store_A,Cooking_Oil_1L,Staples,140.0,140.0,0,97
2025-05-04,Store_A,Cooking_Oil_1L,Staples,140.0,140.0,0,75
2025-05-05,Store_A,Cooking_Oil_1L,Staples,140.0,140.0,0,54
2025-05-06,Store_A,Cooking_Oil_1L,Staples,140.0,140.0,0,61
2025-05-07,Store_A,Cooking_Oil_1L,Staples,140.0,140.0,0,53
2025-05-08,Store_A,Cooking_Oil_1L,Staples,140.0,140.0,0,63
2025-05-09,Store_A,Cooking_Oil_1L,Staples,140.0,140.0,0,63
2025-05-10,Store_A,Cooking_Oil_1L,Staples,140.0,140.0,0,100
2025-05-11,Store_A,Cooking_Oil_1L,Staples,140.0,140.0,0,88
2025-05-12,Store_A,Cooking_Oil_1L,Staples,140.0,140.0,0,53
2025-05-13,Store_A,Cooking_Oil_1L,Staples,140.0,140.0,0,55
2025-05-14,Store_A,Cooking_Oil_1L,Staples,140.0,140.0,0,54
2025-05-15,Store_A,Cooking_Oil_1L,Staples,140.0,140.0,0,57
2025-05-16,Store_A,Cooking_Oil_1L,Staples,133.58,140.0,0,78
2025-05-17,Store_A,Cooking_Oil_1L,Staples,140.0,140.0,0,83
2025-05-18,Store_A,Cooking_Oil_1L,Staples,140.0,140.0,1,87
2025-05-19,Store_A,Cooking_Oil_1L,Staples,142.52,140.0,0,56
2025-05-20,Store_A,Cooking_Oil_1L,Staples,140.0,140.0,0,57
2025-05-21,Store_A,Cooking_Oil_1L,Staples,140.0,140.0,0,52
2025-05-22,Store_A,Cooking_Oil_1L,Staples,129.77,140.0,0,72
2025-05-23,Store_A,Cooking_Oil_1L,Staples,140.0,140.0,1,83
2025-05-24,Store_A,Cooking_Oil_1L,Staples,140.0,140.0,0,88
2025-05-25,Store_A,Cooking_Oil_1L,Staples,140.0,140.0,0,79
2025-05-26,Store_A,Cooking_Oil_1L,Staples,140.0,140.0,0,54
2025-05-27,Store_A,Cooking_Oil_1L,Staples,140.0,140.0,1,73
2025-05-28,Store_A,Cooking_Oil_1L,Staples,153.05,140.0,0,54
2025-05-29,Store_A,Cooking_Oil_1L,Staples,140.0,140.0,0,60
2025-05-30,Store_A,Cooking_Oil_1L,Staples,158.11,140.0,1,88
2025-05-31,Store_A,Cooking_Oil_1L,Staples,140.0,140.0,0,93
2025-06-01,Store_A,Cooking_Oil_1L,Staples,140.0,140.0,0,74
2025-06-02,Store_A,Cooking_Oil_1L,Staples,140.0,140.0,0,56
2025-06-03,Store_A,Cooking_Oil_1L,Staples,140.0,140.0,0,64
2025-06-04,Store_A,Cooking_Oil_1L,Staples,143.21,140.0,0,56
2025-06-05,Store_A,Cooking_Oil_1L,Staples,140.0,140.0,0,58
2025-06-06,Store_A,Cooking_Oil_1L,Staples,140.0,140.0,0,70
2025-06-07,Store_A,Cooking_Oil_1L,Staples,140.0,140.0,0,98
2025-06-08,Store_A,Cooking_Oil_1L,Staples,140.0,140.0,0,78
2025-06-09,Store_A,Cooking_Oil_1L,Staples,140.0,140.0,0,54
2025-06-10,Store_A,Cooking_Oil_1L,Staples,140.0,140.0,0,46
2025-06-11,Store_A,Cooking_Oil_1L,Staples,140.0,140.0,0,54
2025-06-12,Store_A,Cooking_Oil_1L,Staples,140.0,140.0,0,53
2025-06-13,Store_A,Cooking_Oil_1L,Staples,140.0,140.0,0,66
2025-06-14,Store_A,Cooking_Oil_1L,Staples,154.33,140.0,0,78
2025-06-15,Store_A,Cooking_Oil_1L,Staples,140.0,140.0,0,73
2025-06-16,Store_A,Cooking_Oil_1L,Staples,140.0,140.0,0,49
2025-06-17,Store_A,Cooking_Oil_1L,Staples,140.0,140.0,0,47
2025-06-18,Store_A,Cooking_Oil_1L,Staples,140.0,140.0,0,55
2025-06-19,Store_A,Cooking_Oil_1L,Staples,150.01,140.0,0,50
2025-06-20,Store_A,Cooking_Oil_1L,Staples,140.0,140.0,0,74
2025-06-21,Store_A,Cooking_Oil_1L,Staples,140.0,140.0,0,64
2025-06-22,Store_A,Cooking_Oil_1L,Staples,140.0,140.0,0,67
2025-06-23,Store_A,Cooking_Oil_1L,Staples,140.0,140.0,0,61
2025-06-24,Store_A,Cooking_Oil_1L,Staples,123.81,140.0,0,59
2025-06-25,Store_A,Cooking_Oil_1L,Staples,140.0,140.0,1,67
2025-06-26,Store_A,Cooking_Oil_1L,Staples,140.0,140.0,0,61
2025-06-27,Store_A,Cooking_Oil_1L,Staples,140.0,140.0,0,76
2025-06-28,Store_A,Cooking_Oil_1L,Staples,140.0,140.0,0,95
2025-06-29,Store_A,Cooking_Oil_1L,Staples,140.0,140.0,0,74
2025-06-30,Store_A,Cooking_Oil_1L,Staples,140.0,140.0,0,59
2025-07-01,Store_A,Cooking_Oil_1L,Staples,140.0,140.0,0,46
2025-07-02,Store_A,Cooking_Oil_1L,Staples,140.0,140.0,0,55
2025-07-03,Store_A,Cooking_Oil_1L,Staples,140.0,140.0,0,57
2025-07-04,Store_A,Cooking_Oil_1L,Staples,140.0,140.0,0,68
2025-07-05,Store_A,Cooking_Oil_1L,Staples,140.0,140.0,0,87
2025-07-06,Store_A,Cooking_Oil_1L,Staples,140.0,140.0,1,102
2025-07-07,Store_A,Cooking_Oil_1L,Staples,140.0,140.0,0,48
2025-07-08,Store_A,Cooking_Oil_1L,Staples,140.0,140.0,0,54
2025-07-09,Store_A,Cooking_Oil_1L,Staples,140.0,140.0,0,63
2025-07-10,Store_A,Cooking_Oil_1L,Staples,140.0,140.0,0,55
2025-07-11,Store_A,Cooking_Oil_1L,Staples,140.0,140.0,0,70
2025-07-12,Store_A,Cooking_Oil_1L,Staples,140.0,140.0,0,80
2025-07-13,Store_A,Cooking_Oil_1L,Staples,140.0,140.0,0,66
2025-07-14,Store_A,Cooking_Oil_1L,Staples,140.0,140.0,0,50
2025-07-15,Store_A,Cooking_Oil_1L,Staples,140.0,140.0,0,46
2025-07-16,Store_A,Cooking_Oil_1L,Staples,140.0,140.0,0,53
2025-07-17,Store_A,Cooking_Oil_1L,Staples,140.0,140.0,0,61
2025-07-18,Store_A,Cooking_Oil_1L,Staples,140.0,140.0,1,101
2025-07-19,Store_A,Cooking_Oil_1L,Staples,118.25,140.0,0,92
2025-07-20,Store_A,Cooking_Oil_1L,Staples,160.04,140.0,1,82
2025-07-21,Store_A,Cooking_Oil_1L,Staples,140.0,140.0,0,51
2025-07-22,Store_A,Cooking_Oil_1L,Staples,140.0,140.0,0,49
2025-07-23,Store_A,Cooking_Oil_1L,Staples,140.0,140.0,0,54
2025-07-24,Store_A,Cooking_Oil_1L,Staples,140.0,140.0,0,52
2025-07-25,Store_A,Cooking_Oil_1L,Staples,140.0,140.0,0,66
2025-07-26,Store_A,Cooking_Oil_1L,Staples,140.0,140.0,1,98
2025-07-27,Store_A,Cooking_Oil_1L,Staples,140.0,140.0,0,72
2025-07-28,Store_A,Cooking_Oil_1L,Staples,140.0,140.0,0,53
2025-07-29,Store_A,Cooking_Oil_1L,Staples,134.67,140.0,0,50
2025-07-30,Store_A,Cooking_Oil_1L,Staples,140.0,140.0,0,58
2025-07-31,Store_A,Cooking_Oil_1L,Staples,140.0,140.0,0,67
2025-08-01,Store_A,Cooking_Oil_1L,Staples,154.09,140.0,0,69
2025-08-02,Store_A,Cooking_Oil_1L,Staples,140.0,140.0,0,77
2025-08-03,Store_A,Cooking_Oil_1L,Staples,140.0,140.0,0,76
2025-08-04,Store_A,Cooking_Oil_1L,Staples,148.69,140.0,0,41
2025-08-05,Store_A,Cooking_Oil_1L,Staples,140.0,140.0,0,51
2025-08-06,Store_A,Cooking_Oil_1L,Staples,140.0,140.0,0,47
2025-08-07,Store_A,Cooking_Oil_1L,Staples,140.0,140.0,0,56
2025-08-08,Store_A,Cooking_Oil_1L,Staples,140.0,140.0,0,71
2025-08-09,Store_A,Cooking_Oil_1L,Staples,140.0,140.0,0,97
2025-08-10,Store_A,Cooking_Oil_1L,Staples,157.95,140.0,0,61
2025-08-11,Store_A,Cooking_Oil_1L,Staples,140.0,140.0,0,54
2025-08-12,Store_A,Cooking_Oil_1L,Staples,140.0,140.0,0,52
2025-08-13,Store_A,Cooking_Oil_1L,Staples,140.0,140.0,0,47
2025-08-14,Store_A,Cooking_Oil_1L,Staples,158.27,140.0,0,45
2025-08-15,Store_A,Cooking_Oil_1L,Staples,140.0,140.0,0,67
2025-08-16,Store_A,Cooking_Oil_1L,Staples,140.0,140.0,0,78
2025-08-17,Store_A,Cooking_Oil_1L,Staples,140.0,140.0,0,76
2025-08-18,Store_A,Cooking_Oil_1L,Staples,140.0,140.0,0,59
2025-08-19,Store_A,Cooking_Oil_1L,Staples,140.0,140.0,0,55
2025-08-20,Store_A,Cooking_Oil_1L,Staples,140.0,140.0,0,57
2025-08-21,Store_A,Cooking_Oil_1L,Staples,140.0,140.0,0,52
2025-08-22,Store_A,Cooking_Oil_1L,Staples,140.0,140.0,0,72
2025-08-23,Store_A,Cooking_Oil_1L,Staples,140.0,140.0,0,93
2025-08-24,Store_A,Cooking_Oil_1L,Staples,140.0,140.0,0,85
2025-08-25,Store_A,Cooking_Oil_1L,Staples,140.0,140.0,0,58
2025-08-26,Store_A,Cooking_Oil_1L,Staples,140.0,140.0,0,46
2025-08-27,Store_A,Cooking_Oil_1L,Staples,140.0,140.0,0,58
2025-08-28,Store_A,Cooking_Oil_1L,Staples,140.0,140.0,1,80
2025-08-29,Store_A,Cooking_Oil_1L,Staples,140.0,140.0,0,64
2025-08-30,Store_A,Cooking_Oil_1L,Staples,140.0,140.0,0,78
2025-08-31,Store_A,Cooking_Oil_1L,Staples,140.0,140.0,1,95
2025-09-01,Store_A,Cooking_Oil_1L,Staples,140.0,140.0,0,60
2025-09-02,Store_A,Cooking_Oil_1L,Staples,140.0,140.0,0,61
2025-09-03,Store_A,Cooking_Oil_1L,Staples,140.0,140.0,0,60
2025-09-04,Store_A,Cooking_Oil_1L,Staples,140.0,140.0,0,64
2025-09-05,Store_A,Cooking_Oil_1L,Staples,140.0,140.0,0,73
2025-09-06,Store_A,Cooking_Oil_1L,Staples,140.0,140.0,0,83
2025-09-07,Store_A,Cooking_Oil_1L,Staples,140.0,140.0,0,81
2025-09-08,Store_A,Cooking_Oil_1L,Staples,155.78,140.0,0,52
2025-09-09,Store_A,Cooking_Oil_1L,Staples,140.0,140.0,0,57
2025-09-10,Store_A,Cooking_Oil_1L,Staples,140.0,140.0,0,58
2025-09-11,Store_A,Cooking_Oil_1L,Staples,140.0,140.0,0,62
2025-09-12,Store_A,Cooking_Oil_1L,Staples,131.56,140.0,0,76
2025-09-13,Store_A,Cooking_Oil_1L,Staples,140.0,140.0,0,91
2025-09-14,Store_A,Cooking_Oil_1L,Staples,140.0,140.0,1,102
2025-09-15,Store_A,Cooking_Oil_1L,Staples,140.0,140.0,0,69
2025-09-16,Store_A,Cooking_Oil_1L,Staples,157.31,140.0,0,51
2025-09-17,Store_A,Cooking_Oil_1L,Staples,140.0,140.0,0,66
2025-09-18,Store_A,Cooking_Oil_1L,Staples,140.0,140.0,0,61
2025-09-19,Store_A,Cooking_Oil_1L,Staples,160.06,140.0,0,68
2025-09-20,Store_A,Cooking_Oil_1L,Staples,140.0,140.0,0,89
2025-09-21,Store_A,Cooking_Oil_1L,Staples,140.0,140.0,0,83
2025-09-22,Store_A,Cooking_Oil_1L,Staples,140.0,140.0,0,61
2025-09-23,Store_A,Cooking_Oil_1L,Staples,140.0,140.0,0,54
2025-09-24,Store_A,Cooking_Oil_1L,Staples,140.0,140.0,0,64
2025-09-25,Store_A,Cooking_Oil_1L,Staples,140.0,140.0,0,73
2025-09-26,Store_A,Cooking_Oil_1L,Staples,153.74,140.0,0,63
2025-09-27,Store_A,Cooking_Oil_1L,Staples,140.0,140.0,0,89
2025-09-28,Store_A,Cooking_Oil_1L,Staples,140.0,140.0,0,86
2025-09-29,Store_A,Cooking_Oil_1L,Staples,140.0,140.0,0,66
2025-09-30,Store_A,Cooking_Oil_1L,Staples,140.0,140.0,0,59
2025-10-01,Store_A,Cooking_Oil_1L,Staples,140.0,140.0,0,89
2025-10-02,Store_A,Cooking_Oil_1L,Staples,140.0,140.0,0,94
2025-10-03,Store_A,Cooking_Oil_1L,Staples,140.0,140.0,0,97
2025-10-04,Store_A,Cooking_Oil_1L,Staples,140.0,140.0,0,117
2025-10-05,Store_A,Cooking_Oil_1L,Staples,140.0,140.0,0,133
2025-10-06,Store_A,Cooking_Oil_1L,Staples,140.0,140.0,0,89
2025-10-07,Store_A,Cooking_Oil_1L,Staples,140.0,140.0,0,70
2025-10-08,Store_A,Cooking_Oil_1L,Staples,158.94,140.0,0,60
2025-10-09,Store_A,Cooking_Oil_1L,Staples,140.0,140.0,0,103
2025-10-10,Store_A,Cooking_Oil_1L,Staples,119.58,140.0,0,143
2025-10-11,Store_A,Cooking_Oil_1L,Staples,140.0,140.0,0,141
2025-10-12,Store_A,Cooking_Oil_1L,Staples,140.0,140.0,0,121
2025-10-13,Store_A,Cooking_Oil_1L,Staples,140.0,140.0,0,100
2025-10-14,Store_A,Cooking_Oil_1L,Staples,140.0,140.0,0,95
2025-10-15,Store_A,Cooking_Oil_1L,Staples,140.0,140.0,0,84
2025-10-16,Store_A,Cooking_Oil_1L,Staples,140.0,140.0,0,100
2025-10-17,Store_A,Cooking_Oil_1L,Staples,140.0,140.0,0,111
2025-10-18,Store_A,Cooking_Oil_1L,Staples,140.0,140.0,0,126
2025-10-19,Store_A,Cooking_Oil_1L,Staples,140.0,140.0,0,136
2025-10-20,Store_A,Cooking_Oil_1L,Staples,140.0,140.0,0,98
2025-10-21,Store_A,Cooking_Oil_1L,Staples,140.0,140.0,0,89
2025-10-22,Store_A,Cooking_Oil_1L,Staples,140.0,140.0,0,86
2025-10-23,Store_A,Cooking_Oil_1L,Staples,140.0,140.0,0,109
2025-10-24,Store_A,Cooking_Oil_1L,Staples,140.0,140.0,0,143
2025-10-25,Store_A,Cooking_Oil_1L,Staples,140.0,140.0,0,129
2025-10-26,Store_A,Cooking_Oil_1L,Staples,140.0,140.0,0,113
2025-10-27,Store_A,Cooking_Oil_1L,Staples,140.0,140.0,0,94
2025-10-28,Store_A,Cooking_Oil_1L,Staples,120.22,140.0,0,108
2025-10-29,Store_A,Cooking_Oil_1L,Staples,140.0,140.0,0,104
2025-10-30,Store_A,Cooking_Oil_1L,Staples,140.0,140.0,1,147
2025-10-31,Store_A,Cooking_Oil_1L,Staples,140.0,140.0,0,129
2025-11-01,Store_A,Cooking_Oil_1L,Staples,145.72,140.0,0,131
2025-11-02,Store_A,Cooking_Oil_1L,Staples,140.0,140.0,0,123
2025-11-03,Store_A,Cooking_Oil_1L,Staples,128.88,140.0,0,115
2025-11-04,Store_A,Cooking_Oil_1L,Staples,140.0,140.0,0,82
2025-11-05,Store_A,Cooking_Oil_1L,Staples,140.0,140.0,0,96
2025-11-06,Store_A,Cooking_Oil_1L,Staples,145.9,140.0,0,106
2025-11-07,Store_A,Cooking_Oil_1L,Staples,140.0,140.0,0,116
2025-11-08,Store_A,Cooking_Oil_1L,Staples,140.0,140.0,0,155
2025-11-09,Store_A,Cooking_Oil_1L,Staples,127.11,140.0,0,152
2025-11-10,Store_A,Cooking_Oil_1L,Staples,140.0,140.0,0,102
2025-11-11,Store_A,Cooking_Oil_1L,Staples,140.0,140.0,0,83
2025-11-12,Store_A,Cooking_Oil_1L,Staples,140.0,140.0,0,101
2025-11-13,Store_A,Cooking_Oil_1L,Staples,140.0,140.0,0,100
2025-11-14,Store_A,Cooking_Oil_1L,Staples,140.0,140.0,0,141
2025-11-15,Store_A,Cooking_Oil_1L,Staples,140.0,140.0,0,164
2025-11-16,Store_A,Cooking_Oil_1L,Staples,140.0,140.0,0,142
2025-11-17,Store_A,Cooking_Oil_1L,Staples,140.0,140.0,0,94
2025-11-18,Store_A,Cooking_Oil_1L,Staples,140.0,140.0,1,115
2025-11-19,Store_A,Cooking_Oil_1L,Staples,140.0,140.0,0,106
2025-11-20,Store_A,Cooking_Oil_1L,Staples,140.0,140.0,0,98
2025-11-21,Store_A,Cooking_Oil_1L,Staples,131.61,140.0,0,154
2025-11-22,Store_A,Cooking_Oil_1L,Staples,139.76,140.0,0,158
2025-11-23,Store_A,Cooking_Oil_1L,Staples,140.0,140.0,0,122
2025-11-24,Store_A,Cooking_Oil_1L,Staples,140.0,140.0,0,102
2025-11-25,Store_A,Cooking_Oil_1L,Staples,113.13,140.0,0,125
2025-11-26,Store_A,Cooking_Oil_1L,Staples,140.0,140.0,0,101
2025-11-27,Store_A,Cooking_Oil_1L,Staples,140.0,140.0,0,118
2025-11-28,Store_A,Cooking_Oil_1L,Staples,140.0,140.0,0,121
2025-11-29,Store_A,Cooking_Oil_1L,Staples,140.0,140.0,0,133
2025-11-30,Store_A,Cooking_Oil_1L,Staples,140.0,140.0,0,143
2025-12-01,Store_A,Cooking_Oil_1L,Staples,156.15,140.0,0,90
2025-12-02,Store_A,Cooking_Oil_1L,Staples,140.0,140.0,0,89
2025-12-03,Store_A,Cooking_Oil_1L,Staples,140.0,140.0,0,97
2025-12-04,Store_A,Cooking_Oil_1L,Staples,140.0,140.0,0,86
2025-12-05,Store_A,Cooking_Oil_1L,Staples,132.67,140.0,0,114
2025-12-06,Store_A,Cooking_Oil_1L,Staples,140.0,140.0,0,131
2025-12-07,Store_A,Cooking_Oil_1L,Staples,140.0,140.0,1,168
2025-12-08,Store_A,Cooking_Oil_1L,Staples,140.0,140.0,0,85
2025-12-09,Store_A,Cooking_Oil_1L,Staples,140.0,140.0,0,84
2025-12-10,Store_A,Cooking_Oil_1L,Staples,140.0,140.0,0,92
2025-12-11,Store_A,Cooking_Oil_1L,Staples,127.32,140.0,0,110
2025-12-12,Store_A,Cooking_Oil_1L,Staples,140.0,140.0,0,105
2025-12-13,Store_A,Cooking_Oil_1L,Staples,140.0,140.0,0,125
2025-12-14,Store_A,Cooking_Oil_1L,Staples,140.0,140.0,0,124
2025-12-15,Store_A,Cooking_Oil_1L,Staples,140.0,140.0,0,104
2025-12-16,Store_A,Cooking_Oil_1L,Staples,140.0,140.0,0,83
2025-12-17,Store_A,Cooking_Oil_1L,Staples,140.0,140.0,0,87
2025-12-18,Store_A,Cooking_Oil_1L,Staples,140.0,140.0,0,87
2025-12-19,Store_A,Cooking_Oil_1L,Staples,140.0,140.0,0,118
2025-12-20,Store_A,Cooking_Oil_1L,Staples,140.82,140.0,0,143
2025-12-21,Store_A,Cooking_Oil_1L,Staples,140.0,140.0,0,136
2025-12-22,Store_A,Cooking_Oil_1L,Staples,146.92,140.0,0,89
2025-12-23,Store_A,Cooking_Oil_1L,Staples,140.0,140.0,0,96
2025-12-24,Store_A,Cooking_Oil_1L,Staples,140.0,140.0,0,92
2025-12-25,Store_A,Cooking_Oil_1L,Staples,140.0,140.0,0,90
2025-12-26,Store_A,Cooking_Oil_1L,Staples,140.0,140.0,0,123
2025-12-27,Store_A,Cooking_Oil_1L,Staples,140.0,140.0,0,127
2025-12-28,Store_A,Cooking_Oil_1L,Staples,125.73,140.0,0,125
2025-12-29,Store_A,Cooking_Oil_1L,Staples,140.0,140.0,0,87
2025-12-30,Store_A,Cooking_Oil_1L,Staples,140.0,140.0,0,95
2024-01-01,Store_B,Milk_1L,Dairy,50.0,50.0,0,100
2024-01-02,Store_B,Milk_1L,Dairy,50.0,50.0,0,103
2024-01-03,Store_B,Milk_1L,Dairy,50.0,50.0,0,95
2024-01-04,Store_B,Milk_1L,Dairy,50.0,50.0,0,103
2024-01-05,Store_B,Milk_1L,Dairy,50.0,50.0,0,130
2024-01-06,Store_B,Milk_1L,Dairy,50.0,50.0,1,203
2024-01-07,Store_B,Milk_1L,Dairy,56.0,50.0,1,142
2024-01-08,Store_B,Milk_1L,Dairy,40.32,50.0,0,147
2024-01-09,Store_B,Milk_1L,Dairy,50.48,50.0,0,92
2024-01-10,Store_B,Milk_1L,Dairy,50.0,50.0,0,107
2024-01-11,Store_B,Milk_1L,Dairy,50.0,50.0,0,115
2024-01-12,Store_B,Milk_1L,Dairy,50.0,50.0,0,140
2024-01-13,Store_B,Milk_1L,Dairy,50.0,50.0,0,157
2024-01-14,Store_B,Milk_1L,Dairy,50.0,50.0,0,141
2024-01-15,Store_B,Milk_1L,Dairy,50.0,50.0,0,98
2024-01-16,Store_B,Milk_1L,Dairy,49.63,50.0,1,141
2024-01-17,Store_B,Milk_1L,Dairy,50.0,50.0,0,122
2024-01-18,Store_B,Milk_1L,Dairy,50.0,50.0,1,158
2024-01-19,Store_B,Milk_1L,Dairy,54.59,50.0,0,121
2024-01-20,Store_B,Milk_1L,Dairy,50.0,50.0,0,165
2024-01-21,Store_B,Milk_1L,Dairy,50.0,50.0,0,144
2024-01-22,Store_B,Milk_1L,Dairy,56.31,50.0,0,77
2024-01-23,Store_B,Milk_1L,Dairy,50.0,50.0,0,118
2024-01-24,Store_B,Milk_1L,Dairy,50.0,50.0,0,117
2024-01-25,Store_B,Milk_1L,Dairy,50.0,50.0,0,122
2024-01-26,Store_B,Milk_1L,Dairy,45.5,50.0,0,180
2024-01-27,Store_B,Milk_1L,Dairy,50.0,50.0,0,159
2024-01-28,Store_B,Milk_1L,Dairy,50.0,50.0,0,135
2024-01-29,Store_B,Milk_1L,Dairy,50.0,50.0,0,114
2024-01-30,Store_B,Milk_1L,Dairy,50.0,50.0,0,103
2024-01-31,Store_B,Milk_1L,Dairy,50.0,50.0,0,94
2024-02-01,Store_B,Milk_1L,Dairy,50.0,50.0,0,110
2024-02-02,Store_B,Milk_1L,Dairy,50.0,50.0,0,123
2024-02-03,Store_B,Milk_1L,Dairy,50.0,50.0,0,130
2024-02-04,Store_B,Milk_1L,Dairy,50.0,50.0,0,163
2024-02-05,Store_B,Milk_1L,Dairy,50.0,50.0,0,108
2024-02-06,Store_B,Milk_1L,Dairy,50.0,50.0,0,99
2024-02-07,Store_B,Milk_1L,Dairy,50.0,50.0,0,103
2024-02-08,Store_B,Milk_1L,Dairy,50.0,50.0,0,113
2024-02-09,Store_B,Milk_1L,Dairy,50.0,50.0,0,131
2024-02-10,Store_B,Milk_1L,Dairy,50.0,50.0,0,148
2024-02-11,Store_B,Milk_1L,Dairy,50.0,50.0,0,137
2024-02-12,Store_B,Milk_1L,Dairy,50.0,50.0,0,119
2024-02-13,Store_B,Milk_1L,Dairy,50.22,50.0,0,86
2024-02-14,Store_B,Milk_1L,Dairy,50.0,50.0,0,107
2024-02-15,Store_B,Milk_1L,Dairy,50.0,50.0,0,95
2024-02-16,Store_B,Milk_1L,Dairy,47.66,50.0,0,140
2024-02-17,Store_B,Milk_1L,Dairy,50.0,50.0,0,165
2024-02-18,Store_B,Milk_1L,Dairy,55.25,50.0,0,124
2024-02-19,Store_B,Milk_1L,Dairy,53.52,50.0,0,89
2024-02-20,Store_B,Milk_1L,Dairy,50.0,50.0,0,92
2024-02-21,Store_B,Milk_1L,Dairy,50.0,50.0,0,104
2024-02-22,Store_B,Milk_1L,Dairy,45.23,50.0,0,123
2024-02-23,Store_B,Milk_1L,Dairy,50.0,50.0,0,132
2024-02-24,Store_B,Milk_1L,Dairy,50.0,50.0,0,156
2024-02-25,Store_B,Milk_1L,Dairy,42.7,50.0,0,201
2024-02-26,Store_B,Milk_1L,Dairy,50.0,50.0,0,93
2024-02-27,Store_B,Milk_1L,Dairy,51.09,50.0,0,103
2024-02-28,Store_B,Milk_1L,Dairy,50.0,50.0,0,100
2024-02-29,Store_B,Milk_1L,Dairy,50.0,50.0,0,119
2024-03-01,Store_B,Milk_1L,Dairy,50.0,50.0,0,147
2024-03-02,Store_B,Milk_1L,Dairy,50.0,50.0,0,173
2024-03-03,Store_B,Milk_1L,Dairy,45.29,50.0,0,165
2024-03-04,Store_B,Milk_1L,Dairy,50.0,50.0,0,117
2024-03-05,Store_B,Milk_1L,Dairy,50.0,50.0,0,105
2024-03-06,Store_B,Milk_1L,Dairy,51.15,50.0,1,157
2024-03-07,Store_B,Milk_1L,Dairy,50.0,50.0,0,113
2024-03-08,Store_B,Milk_1L,Dairy,50.0,50.0,0,128
2024-03-09,Store_B,Milk_1L,Dairy,44.98,50.0,0,206
2024-03-10,Store_B,Milk_1L,Dairy,45.59,50.0,0,180
2024-03-11,Store_B,Milk_1L,Dairy,50.0,50.0,0,98
2024-03-12,Store_B,Milk_1L,Dairy,50.0,50.0,0,112
2024-03-13,Store_B,Milk_1L,Dairy,50.0,50.0,0,112
2024-03-14,Store_B,Milk_1L,Dairy,50.0,50.0,0,124
2024-03-15,Store_B,Milk_1L,Dairy,46.02,50.0,0,182
2024-03-16,Store_B,Milk_1L,Dairy,48.59,50.0,0,153
2024-03-17,Store_B,Milk_1L,Dairy,50.0,50.0,0,138
2024-03-18,Store_B,Milk_1L,Dairy,50.0,50.0,0,112
2024-03-19,Store_B,Milk_1L,Dairy,50.0,50.0,0,91
2024-03-20,Store_B,Milk_1L,Dairy,50.0,50.0,1,136
2024-03-21,Store_B,Milk_1L,Dairy,50.0,50.0,0,99
2024-03-22,Store_B,Milk_1L,Dairy,50.0,50.0,0,142
2024-03-23,Store_B,Milk_1L,Dairy,50.0,50.0,0,148
2024-03-24,Store_B,Milk_1L,Dairy,42.23,50.0,0,198
2024-03-25,Store_B,Milk_1L,Dairy,50.0,50.0,0,100
2024-03-26,Store_B,Milk_1L,Dairy,50.0,50.0,0,111
2024-03-27,Store_B,Milk_1L,Dairy,50.64,50.0,0,104
2024-03-28,Store_B,Milk_1L,Dairy,50.0,50.0,0,99
2024-03-29,Store_B,Milk_1L,Dairy,53.67,50.0,0,118
2024-03-30,Store_B,Milk_1L,Dairy,54.44,50.0,0,135
2024-03-31,Store_B,Milk_1L,Dairy,50.0,50.0,1,185
2024-04-01,Store_B,Milk_1L,Dairy,53.87,50.0,0,78
2024-04-02,Store_B,Milk_1L,Dairy,46.27,50.0,0,117
2024-04-03,Store_B,Milk_1L,Dairy,44.84,50.0,0,123
2024-04-04,Store_B,Milk_1L,Dairy,50.0,50.0,0,127
2024-04-05,Store_B,Milk_1L,Dairy,50.0,50.0,0,140
2024-04-06,Store_B,Milk_1L,Dairy,40.68,50.0,0,211
2024-04-07,Store_B,Milk_1L,Dairy,50.0,50.0,0,125
2024-04-08,Store_B,Milk_1L,Dairy,53.77,50.0,0,80
2024-04-09,Store_B,Milk_1L,Dairy,40.47,50.0,0,129
2024-04-10,Store_B,Milk_1L,Dairy,49.3,50.0,0,100
2024-04-11,Store_B,Milk_1L,Dairy,50.0,50.0,0,92
2024-04-12,Store_B,Milk_1L,Dairy,50.0,50.0,0,131
2024-04-13,Store_B,Milk_1L,Dairy,50.0,50.0,0,158
2024-04-14,Store_B,Milk_1L,Dairy,50.0,50.0,0,126
2024-04-15,Store_B,Milk_1L,Dairy,46.36,50.0,0,131
2024-04-16,Store_B,Milk_1L,Dairy,50.0,50.0,0,95
2024-04-17,Store_B,Milk_1L,Dairy,50.0,50.0,0,100
2024-04-18,Store_B,Milk_1L,Dairy,50.0,50.0,0,112
2024-04-19,Store_B,Milk_1L,Dairy,50.0,50.0,0,132
2024-04-20,Store_B,Milk_1L,Dairy,50.0,50.0,1,206
2024-04-21,Store_B,Milk_1L,Dairy,50.0,50.0,0,138
2024-04-22,Store_B,Milk_1L,Dairy,50.0,50.0,0,110
2024-04-23,Store_B,Milk_1L,Dairy,50.0,50.0,0,101
2024-04-24,Store_B,Milk_1L,Dairy,50.0,50.0,0,98
2024-04-25,Store_B,Milk_1L,Dairy,50.0,50.0,0,118
2024-04-26,Store_B,Milk_1L,Dairy,50.0,50.0,0,123
2024-04-27,Store_B,Milk_1L,Dairy,50.0,50.0,0,151
2024-04-28,Store_B,Milk_1L,Dairy,50.0,50.0,0,135
2024-04-29,Store_B,Milk_1L,Dairy,46.87,50.0,1,162
2024-04-30,Store_B,Milk_1L,Dairy,50.0,50.0,1,116
2024-05-01,Store_B,Milk_1L,Dairy,50.0,50.0,0,106
2024-05-02,Store_B,Milk_1L,Dairy,50.0,50.0,0,100
2024-05-03,Store_B,Milk_1L,Dairy,50.0,50.0,0,137
2024-05-04,Store_B,Milk_1L,Dairy,50.0,50.0,0,150
2024-05-05,Store_B,Milk_1L,Dairy,56.95,50.0,0,105
2024-05-06,Store_B,Milk_1L,Dairy,50.0,50.0,0,91
2024-05-07,Store_B,Milk_1L,Dairy,47.85,50.0,0,104
2024-05-08,Store_B,Milk_1L,Dairy,50.0,50.0,0,90
2024-05-09,Store_B,Milk_1L,Dairy,50.0,50.0,0,107
2024-05-10,Store_B,Milk_1L,Dairy,50.0,50.0,1,169
2024-05-11,Store_B,Milk_1L,Dairy,50.0,50.0,0,166
2024-05-12,Store_B,Milk_1L,Dairy,50.0,50.0,0,133
2024-05-13,Store_B,Milk_1L,Dairy,50.0,50.0,0,88
2024-05-14,Store_B,Milk_1L,Dairy,50.0,50.0,0,101
2024-05-15,Store_B,Milk_1L,Dairy,50.0,50.0,0,91
2024-05-16,Store_B,Milk_1L,Dairy,50.0,50.0,0,84
2024-05-17,Store_B,Milk_1L,Dairy,50.0,50.0,0,115
2024-05-18,Store_B,Milk_1L,Dairy,47.15,50.0,0,159
2024-05-19,Store_B,Milk_1L,Dairy,50.0,50.0,0,128
2024-05-20,Store_B,Milk_1L,Dairy,50.0,50.0,0,97
2024-05-21,Store_B,Milk_1L,Dairy,50.0,50.0,0,93
2024-05-22,Store_B,Milk_1L,Dairy,50.0,50.0,1,124
2024-05-23,Store_B,Milk_1L,Dairy,50.0,50.0,0,110
2024-05-24,Store_B,Milk_1L,Dairy,50.0,50.0,1,188
2024-05-25,Store_B,Milk_1L,Dairy,50.0,50.0,0,139
2024-05-26,Store_B,Milk_1L,Dairy,50.0,50.0,0,149
2024-05-27,Store_B,Milk_1L,Dairy,50.0,50.0,0,91
2024-05-28,Store_B,Milk_1L,Dairy,50.0,50.0,0,90
2024-05-29,Store_B,Milk_1L,Dairy,50.0,50.0,0,94
2024-05-30,Store_B,Milk_1L,Dairy,50.0,50.0,0,100
2024-05-31,Store_B,Milk_1L,Dairy,50.0,50.0,0,131
2024-06-01,Store_B,Milk_1L,Dairy,50.0,50.0,0,139
2024-06-02,Store_B,Milk_1L,Dairy,50.0,50.0,0,115
2024-06-03,Store_B,Milk_1L,Dairy,50.0,50.0,0,90
2024-06-04,Store_B,Milk_1L,Dairy,50.0,50.0,0,88
2024-06-05,Store_B,Milk_1L,Dairy,51.34,50.0,0,100
2024-06-06,Store_B,Milk_1L,Dairy,52.15,50.0,1,117
2024-06-07,Store_B,Milk_1L,Dairy,42.58,50.0,0,168
2024-06-08,Store_B,Milk_1L,Dairy,50.0,50.0,0,132
2024-06-09,Store_B,Milk_1L,Dairy,50.0,50.0,0,142
2024-06-10,Store_B,Milk_1L,Dairy,50.0,50.0,0,80
2024-06-11,Store_B,Milk_1L,Dairy,50.0,50.0,0,86
2024-06-12,Store_B,Milk_1L,Dairy,50.46,50.0,0,88
2024-06-13,Store_B,Milk_1L,Dairy,55.44,50.0,0,91
2024-06-14,Store_B,Milk_1L,Dairy,50.0,50.0,0,107
2024-06-15,Store_B,Milk_1L,Dairy,50.0,50.0,0,141
2024-06-16,Store_B,Milk_1L,Dairy,50.0,50.0,0,108
2024-06-17,Store_B,Milk_1L,Dairy,48.28,50.0,0,96
2024-06-18,Store_B,Milk_1L,Dairy,50.0,50.0,0,89
2024-06-19,Store_B,Milk_1L,Dairy,50.0,50.0,0,97
2024-06-20,Store_B,Milk_1L,Dairy,50.0,50.0,0,97
2024-06-21,Store_B,Milk_1L,Dairy,50.0,50.0,0,123
2024-06-22,Store_B,Milk_1L,Dairy,50.0,50.0,0,139
2024-06-23,Store_B,Milk_1L,Dairy,50.0,50.0,0,124
2024-06-24,Store_B,Milk_1L,Dairy,50.0,50.0,0,101
2024-06-25,Store_B,Milk_1L,Dairy,50.0,50.0,0,86
2024-06-26,Store_B,Milk_1L,Dairy,50.0,50.0,0,97
2024-06-27,Store_B,Milk_1L,Dairy,50.47,50.0,0,98
2024-06-28,Store_B,Milk_1L,Dairy,53.71,50.0,0,115
2024-06-29,Store_B,Milk_1L,Dairy,50.0,50.0,0,164
2024-06-30,Store_B,Milk_1L,Dairy,50.0,50.0,0,110
2024-07-01,Store_B,Milk_1L,Dairy,50.0,50.0,0,89
2024-07-02,Store_B,Milk_1L,Dairy,50.0,50.0,0,80
2024-07-03,Store_B,Milk_1L,Dairy,55.78,50.0,0,73
2024-07-04,Store_B,Milk_1L,Dairy,50.0,50.0,0,102
2024-07-05,Store_B,Milk_1L,Dairy,50.0,50.0,0,115
2024-07-06,Store_B,Milk_1L,Dairy,50.0,50.0,0,123
2024-07-07,Store_B,Milk_1L,Dairy,50.0,50.0,0,111
2024-07-08,Store_B,Milk_1L,Dairy,50.0,50.0,0,101
2024-07-09,Store_B,Milk_1L,Dairy,50.0,50.0,0,84
2024-07-10,Store_B,Milk_1L,Dairy,50.0,50.0,0,96
2024-07-11,Store_B,Milk_1L,Dairy,50.0,50.0,0,93
2024-07-12,Store_B,Milk_1L,Dairy,50.0,50.0,0,113
2024-07-13,Store_B,Milk_1L,Dairy,50.0,50.0,1,188
2024-07-14,Store_B,Milk_1L,Dairy,50.0,50.0,0,135
2024-07-15,Store_B,Milk_1L,Dairy,50.0,50.0,0,103
2024-07-16,Store_B,Milk_1L,Dairy,50.0,50.0,0,88
2024-07-17,Store_B,Milk_1L,Dairy,50.0,50.0,0,109
2024-07-18,Store_B,Milk_1L,Dairy,50.0,50.0,0,95
2024-07-19,Store_B,Milk_1L,Dairy,50.0,50.0,0,125
2024-07-20,Store_B,Milk_1L,Dairy,50.0,50.0,0,132
2024-07-21,Store_B,Milk_1L,Dairy,47.65,50.0,0,142
2024-07-22,Store_B,Milk_1L,Dairy,42.05,50.0,0,130
2024-07-23,Store_B,Milk_1L,Dairy,50.0,50.0,0,86
2024-07-24,Store_B,Milk_1L,Dairy,50.0,50.0,0,99
2024-07-25,Store_B,Milk_1L,Dairy,50.0,50.0,0,94
2024-07-26,Store_B,Milk_1L,Dairy,45.16,50.0,0,143
2024-07-27,Store_B,Milk_1L,Dairy,50.0,50.0,0,125
2024-07-28,Store_B,Milk_1L,Dairy,50.0,50.0,0,103
2024-07-29,Store_B,Milk_1L,Dairy,50.0,50.0,0,96
2024-07-30,Store_B,Milk_1L,Dairy,50.82,50.0,0,73
2024-07-31,Store_B,Milk_1L,Dairy,50.0,50.0,1,147
2024-08-01,Store_B,Milk_1L,Dairy,50.0,50.0,0,106
2024-08-02,Store_B,Milk_1L,Dairy,48.85,50.0,0,137
2024-08-03,Store_B,Milk_1L,Dairy,50.0,50.0,0,133
2024-08-04,Store_B,Milk_1L,Dairy,50.0,50.0,1,170
2024-08-05,Store_B,Milk_1L,Dairy,50.0,50.0,0,89
2024-08-06,Store_B,Milk_1L,Dairy,50.0,50.0,0,91
2024-08-07,Store_B,Milk_1L,Dairy,56.08,50.0,0,74
2024-08-08,Store_B,Milk_1L,Dairy,50.0,50.0,0,97
2024-08-09,Store_B,Milk_1L,Dairy,50.0,50.0,0,120
2024-08-10,Store_B,Milk_1L,Dairy,50.0,50.0,0,124
2024-08-11,Store_B,Milk_1L,Dairy,50.0,50.0,0,134
2024-08-12,Store_B,Milk_1L,Dairy,50.0,50.0,0,98
2024-08-13,Store_B,Milk_1L,Dairy,50.0,50.0,0,90
2024-08-14,Store_B,Milk_1L,Dairy,42.47,50.0,1,136
2024-08-15,Store_B,Milk_1L,Dairy,50.0,50.0,0,105
2024-08-16,Store_B,Milk_1L,Dairy,50.0,50.0,0,140
2024-08-17,Store_B,Milk_1L,Dairy,50.0,50.0,0,141
2024-08-18,Store_B,Milk_1L,Dairy,50.0,50.0,0,145
2024-08-19,Store_B,Milk_1L,Dairy,50.0,50.0,0,100
2024-08-20,Store_B,Milk_1L,Dairy,52.35,50.0,0,93
2024-08-21,Store_B,Milk_1L,Dairy,50.0,50.0,0,101
2024-08-22,Store_B,Milk_1L,Dairy,47.85,50.0,0,119
2024-08-23,Store_B,Milk_1L,Dairy,50.0,50.0,1,164
2024-08-24,Store_B,Milk_1L,Dairy,50.0,50.0,0,167
2024-08-25,Store_B,Milk_1L,Dairy,50.0,50.0,0,128
2024-08-26,Store_B,Milk_1L,Dairy,50.0,50.0,0,102
2024-08-27,Store_B,Milk_1L,Dairy,50.0,50.0,0,107
2024-08-28,Store_B,Milk_1L,Dairy,50.0,50.0,0,103
2024-08-29,Store_B,Milk_1L,Dairy,50.0,50.0,0,101
2024-08-30,Store_B,Milk_1L,Dairy,50.0,50.0,0,115
2024-08-31,Store_B,Milk_1L,Dairy,41.38,50.0,0,223
2024-09-01,Store_B,Milk_1L,Dairy,50.0,50.0,0,131
2024-09-02,Store_B,Milk_1L,Dairy,50.0,50.0,0,107
2024-09-03,Store_B,Milk_1L,Dairy,50.0,50.0,0,97
2024-09-04,Store_B,Milk_1L,Dairy,50.0,50.0,0,87
2024-09-05,Store_B,Milk_1L,Dairy,41.94,50.0,0,145
2024-09-06,Store_B,Milk_1L,Dairy,50.0,50.0,0,145
2024-09-07,Store_B,Milk_1L,Dairy,50.0,50.0,0,133
2024-09-08,Store_B,Milk_1L,Dairy,50.0,50.0,0,132
2024-09-09,Store_B,Milk_1L,Dairy,50.0,50.0,0,107
2024-09-10,Store_B,Milk_1L,Dairy,50.17,50.0,0,92
2024-09-11,Store_B,Milk_1L,Dairy,50.0,50.0,0,114
2024-09-12,Store_B,Milk_1L,Dairy,50.0,50.0,0,108
2024-09-13,Store_B,Milk_1L,Dairy,50.0,50.0,0,137
2024-09-14,Store_B,Milk_1L,Dairy,50.0,50.0,0,172
2024-09-15,Store_B,Milk_1L,Dairy,50.0,50.0,0,126
2024-09-16,Store_B,Milk_1L,Dairy,50.0,50.0,0,121
2024-09-17,Store_B,Milk_1L,Dairy,50.0,50.0,0,90
2024-09-18,Store_B,Milk_1L,Dairy,50.0,50.0,0,102
2024-09-19,Store_B,Milk_1L,Dairy,50.0,50.0,0,125
2024-09-20,Store_B,Milk_1L,Dairy,50.0,50.0,0,131
2024-09-21,Store_B,Milk_1L,Dairy,50.0,50.0,0,186
2024-09-22,Store_B,Milk_1L,Dairy,54.32,50.0,0,131
2024-09-23,Store_B,Milk_1L,Dairy,45.87,50.0,0,140
2024-09-24,Store_B,Milk_1L,Dairy,50.0,50.0,0,86
2024-09-25,Store_B,Milk_1L,Dairy,50.0,50.0,0,107
2024-09-26,Store_B,Milk_1L,Dairy,44.66,50.0,0,125
2024-09-27,Store_B,Milk_1L,Dairy,50.0,50.0,0,130
2024-09-28,Store_B,Milk_1L,Dairy,50.0,50.0,0,162
2024-09-29,Store_B,Milk_1L,Dairy,50.0,50.0,0,164
2024-09-30,Store_B,Milk_1L,Dairy,50.0,50.0,0,125
2024-10-01,Store_B,Milk_1L,Dairy,50.0,50.0,0,139
2024-10-02,Store_B,Milk_1L,Dairy,50.0,50.0,0,147
2024-10-03,Store_B,Milk_1L,Dairy,50.0,50.0,1,234
2024-10-04,Store_B,Milk_1L,Dairy,50.0,50.0,0,210
2024-10-05,Store_B,Milk_1L,Dairy,50.0,50.0,0,258
2024-10-06,Store_B,Milk_1L,Dairy,50.0,50.0,0,231
2024-10-07,Store_B,Milk_1L,Dairy,50.0,50.0,0,146
2024-10-08,Store_B,Milk_1L,Dairy,50.0,50.0,0,131
2024-10-09,Store_B,Milk_1L,Dairy,50.0,50.0,0,165
2024-10-10,Store_B,Milk_1L,Dairy,50.0,50.0,0,170
2024-10-11,Store_B,Milk_1L,Dairy,50.0,50.0,1,231
2024-10-12,Store_B,Milk_1L,Dairy,50.0,50.0,0,204
2024-10-13,Store_B,Milk_1L,Dairy,50.0,50.0,0,187
2024-10-14,Store_B,Milk_1L,Dairy,50.0,50.0,0,168
2024-10-15,Store_B,Milk_1L,Dairy,50.0,50.0,0,151
2024-10-16,Store_B,Milk_1L,Dairy,50.0,50.0,0,169
2024-10-17,Store_B,Milk_1L,Dairy,50.0,50.0,0,157
2024-10-18,Store_B,Milk_1L,Dairy,50.0,50.0,1,295
2024-10-19,Store_B,Milk_1L,Dairy,50.0,50.0,0,252
2024-10-20,Store_B,Milk_1L,Dairy,50.0,50.0,0,231
2024-10-21,Store_B,Milk_1L,Dairy,50.0,50.0,0,159
2024-10-22,Store_B,Milk_1L,Dairy,47.62,50.0,0,183
2024-10-23,Store_B,Milk_1L,Dairy,50.0,50.0,0,153
2024-10-24,Store_B,Milk_1L,Dairy,52.57,50.0,0,174
2024-10-25,Store_B,Milk_1L,Dairy,50.0,50.0,0,237
2024-10-26,Store_B,Milk_1L,Dairy,46.05,50.0,0,233
2024-10-27,Store_B,Milk_1L,Dairy,50.0,50.0,0,244
2024-10-28,Store_B,Milk_1L,Dairy,50.0,50.0,0,157
2024-10-29,Store_B,Milk_1L,Dairy,50.0,50.0,0,131
2024-10-30,Store_B,Milk_1L,Dairy,50.0,50.0,0,164
2024-10-31,Store_B,Milk_1L,Dairy,50.0,50.0,0,199
2024-11-01,Store_B,Milk_1L,Dairy,50.0,50.0,0,195
2024-11-02,Store_B,Milk_1L,Dairy,50.0,50.0,1,362
2024-11-03,Store_B,Milk_1L,Dairy,50.0,50.0,0,192
2024-11-04,Store_B,Milk_1L,Dairy,50.0,50.0,0,170
2024-11-05,Store_B,Milk_1L,Dairy,50.0,50.0,1,217
2024-11-06,Store_B,Milk_1L,Dairy,55.8,50.0,0,125
2024-11-07,Store_B,Milk_1L,Dairy,50.0,50.0,0,199
2024-11-08,Store_B,Milk_1L,Dairy,50.0,50.0,0,218
2024-11-09,Store_B,Milk_1L,Dairy,50.0,50.0,0,239
2024-11-10,Store_B,Milk_1L,Dairy,50.0,50.0,0,210
2024-11-11,Store_B,Milk_1L,Dairy,50.0,50.0,0,160
2024-11-12,Store_B,Milk_1L,Dairy,50.0,50.0,0,189
2024-11-13,Store_B,Milk_1L,Dairy,50.0,50.0,0,181
2024-11-14,Store_B,Milk_1L,Dairy,50.0,50.0,0,179
2024-11-15,Store_B,Milk_1L,Dairy,50.0,50.0,0,232
2024-11-16,Store_B,Milk_1L,Dairy,50.0,50.0,0,273
2024-11-17,Store_B,Milk_1L,Dairy,50.0,50.0,0,264
2024-11-18,Store_B,Milk_1L,Dairy,50.0,50.0,0,148
2024-11-19,Store_B,Milk_1L,Dairy,56.84,50.0,0,144
2024-11-20,Store_B,Milk_1L,Dairy,50.0,50.0,0,175
2024-11-21,Store_B,Milk_1L,Dairy,50.0,50.0,0,192
2024-11-22,Store_B,Milk_1L,Dairy,50.0,50.0,0,203
2024-11-23,Store_B,Milk_1L,Dairy,50.0,50.0,0,306
2024-11-24,Store_B,Milk_1L,Dairy,50.0,50.0,0,247
2024-11-25,Store_B,Milk_1L,Dairy,40.11,50.0,1,335
2024-11-26,Store_B,Milk_1L,Dairy,50.0,50.0,0,212
2024-11-27,Store_B,Milk_1L,Dairy,50.0,50.0,0,176
2024-11-28,Store_B,Milk_1L,Dairy,50.0,50.0,0,169
2024-11-29,Store_B,Milk_1L,Dairy,50.0,50.0,0,218
2024-11-30,Store_B,Milk_1L,Dairy,54.45,50.0,0,268
2024-12-01,Store_B,Milk_1L,Dairy,50.0,50.0,0,207
2024-12-02,Store_B,Milk_1L,Dairy,50.0,50.0,0,153
2024-12-03,Store_B,Milk_1L,Dairy,50.0,50.0,0,157
2024-12-04,Store_B,Milk_1L,Dairy,50.0,50.0,0,189
2024-12-05,Store_B,Milk_1L,Dairy,50.0,50.0,0,187
2024-12-06,Store_B,Milk_1L,Dairy,50.0,50.0,0,216
2024-12-07,Store_B,Milk_1L,Dairy,50.0,50.0,0,252
2024-12-08,Store_B,Milk_1L,Dairy,50.0,50.0,0,218
2024-12-09,Store_B,Milk_1L,Dairy,50.0,50.0,0,182
2024-12-10,Store_B,Milk_1L,Dairy,50.0,50.0,0,164
2024-12-11,Store_B,Milk_1L,Dairy,50.0,50.0,0,145
2024-12-12,Store_B,Milk_1L,Dairy,50.0,50.0,0,160
2024-12-13,Store_B,Milk_1L,Dairy,50.0,50.0,0,220
2024-12-14,Store_B,Milk_1L,Dairy,50.0,50.0,0,225
2024-12-15,Store_B,Milk_1L,Dairy,50.0,50.0,0,223
2024-12-16,Store_B,Milk_1L,Dairy,50.0,50.0,0,177
2024-12-17,Store_B,Milk_1L,Dairy,50.0,50.0,0,162
2024-12-18,Store_B,Milk_1L,Dairy,50.0,50.0,0,149
2024-12-19,Store_B,Milk_1L,Dairy,52.5,50.0,0,167
2024-12-20,Store_B,Milk_1L,Dairy,50.0,50.0,0,206
2024-12-21,Store_B,Milk_1L,Dairy,50.0,50.0,0,237
2024-12-22,Store_B,Milk_1L,Dairy,50.0,50.0,0,235
2024-12-23,Store_B,Milk_1L,Dairy,50.0,50.0,0,185
2024-12-24,Store_B,Milk_1L,Dairy,54.98,50.0,0,127
2024-12-25,Store_B,Milk_1L,Dairy,50.0,50.0,0,181
2024-12-26,Store_B,Milk_1L,Dairy,50.0,50.0,0,155
2024-12-27,Store_B,Milk_1L,Dairy,50.0,50.0,0,231
2024-12-28,Store_B,Milk_1L,Dairy,50.0,50.0,0,265
2024-12-29,Store_B,Milk_1L,Dairy,50.0,50.0,0,216
2024-12-30,Store_B,Milk_1L,Dairy,50.0,50.0,0,156
2024-12-31,Store_B,Milk_1L,Dairy,50.0,50.0,0,155
2025-01-01,Store_B,Milk_1L,Dairy,50.0,50.0,1,181
2025-01-02,Store_B,Milk_1L,Dairy,46.87,50.0,0,194
2025-01-03,Store_B,Milk_1L,Dairy,50.0,50.0,0,187
2025-01-04,Store_B,Milk_1L,Dairy,53.79,50.0,0,162
2025-01-05,Store_B,Milk_1L,Dairy,50.0,50.0,0,172
2025-01-06,Store_B,Milk_1L,Dairy,48.14,50.0,0,131
2025-01-07,Store_B,Milk_1L,Dairy,50.0,50.0,0,121
2025-01-08,Store_B,Milk_1L,Dairy,50.0,50.0,0,156
2025-01-09,Store_B,Milk_1L,Dairy,50.0,50.0,0,151
2025-01-10,Store_B,Milk_1L,Dairy,50.0,50.0,1,258
2025-01-11,Store_B,Milk_1L,Dairy,50.0,50.0,0,219
2025-01-12,Store_B,Milk_1L,Dairy,50.0,50.0,1,269
2025-01-13,Store_B,Milk_1L,Dairy,52.96,50.0,0,132
2025-01-14,Store_B,Milk_1L,Dairy,51.87,50.0,0,136
2025-01-15,Store_B,Milk_1L,Dairy,50.0,50.0,0,141
2025-01-16,Store_B,Milk_1L,Dairy,40.9,50.0,1,265
2025-01-17,Store_B,Milk_1L,Dairy,50.0,50.0,0,192
2025-01-18,Store_B,Milk_1L,Dairy,50.0,50.0,0,204
2025-01-19,Store_B,Milk_1L,Dairy,50.0,50.0,0,163
2025-01-20,Store_B,Milk_1L,Dairy,50.0,50.0,0,151
2025-01-21,Store_B,Milk_1L,Dairy,50.0,50.0,0,142
2025-01-22,Store_B,Milk_1L,Dairy,40.07,50.0,0,227
2025-01-23,Store_B,Milk_1L,Dairy,50.0,50.0,0,155
2025-01-24,Store_B,Milk_1L,Dairy,50.0,50.0,0,180
2025-01-25,Store_B,Milk_1L,Dairy,50.0,50.0,0,201
2025-01-26,Store_B,Milk_1L,Dairy,53.59,50.0,0,170
2025-01-27,Store_B,Milk_1L,Dairy,50.0,50.0,1,168
2025-01-28,Store_B,Milk_1L,Dairy,50.0,50.0,0,149
2025-01-29,Store_B,Milk_1L,Dairy,50.0,50.0,0,151
2025-01-30,Store_B,Milk_1L,Dairy,50.0,50.0,0,162
2025-01-31,Store_B,Milk_1L,Dairy,50.0,50.0,0,173
2025-02-01,Store_B,Milk_1L,Dairy,50.0,50.0,0,224
2025-02-02,Store_B,Milk_1L,Dairy,50.0,50.0,0,193
2025-02-03,Store_B,Milk_1L,Dairy,50.0,50.0,0,152
2025-02-04,Store_B,Milk_1L,Dairy,50.0,50.0,0,141
2025-02-05,Store_B,Milk_1L,Dairy,50.0,50.0,0,166
2025-02-06,Store_B,Milk_1L,Dairy,50.0,50.0,1,230
2025-02-07,Store_B,Milk_1L,Dairy,50.0,50.0,0,204
2025-02-08,Store_B,Milk_1L,Dairy,50.0,50.0,0,215
2025-02-09,Store_B,Milk_1L,Dairy,50.0,50.0,0,203
2025-02-10,Store_B,Milk_1L,Dairy,50.0,50.0,0,142
2025-02-11,Store_B,Milk_1L,Dairy,50.0,50.0,0,149
2025-02-12,Store_B,Milk_1L,Dairy,50.0,50.0,0,145
2025-02-13,Store_B,Milk_1L,Dairy,50.0,50.0,0,149
2025-02-14,Store_B,Milk_1L,Dairy,50.0,50.0,0,191
2025-02-15,Store_B,Milk_1L,Dairy,50.0,50.0,0,241
2025-02-16,Store_B,Milk_1L,Dairy,50.0,50.0,0,211
2025-02-17,Store_B,Milk_1L,Dairy,50.0,50.0,0,141
2025-02-18,Store_B,Milk_1L,Dairy,50.0,50.0,0,156
2025-02-19,Store_B,Milk_1L,Dairy,50.0,50.0,0,136
2025-02-20,Store_B,Milk_1L,Dairy,50.0,50.0,0,147
2025-02-21,Store_B,Milk_1L,Dairy,50.0,50.0,0,200
2025-02-22,Store_B,Milk_1L,Dairy,50.0,50.0,0,185
2025-02-23,Store_B,Milk_1L,Dairy,50.0,50.0,0,195
2025-02-24,Store_B,Milk_1L,Dairy,50.0,50.0,0,143
2025-02-25,Store_B,Milk_1L,Dairy,50.0,50.0,0,156
2025-02-26,Store_B,Milk_1L,Dairy,50.0,50.0,0,134
2025-02-27,Store_B,Milk_1L,Dairy,50.0,50.0,0,142
2025-02-28,Store_B,Milk_1L,Dairy,50.0,50.0,0,213
2025-03-01,Store_B,Milk_1L,Dairy,40.6,50.0,0,294
2025-03-02,Store_B,Milk_1L,Dairy,50.0,50.0,0,143
2025-03-03,Store_B,Milk_1L,Dairy,50.0,50.0,0,145
2025-03-04,Store_B,Milk_1L,Dairy,50.0,50.0,1,198
2025-03-05,Store_B,Milk_1L,Dairy,50.0,50.0,0,129
2025-03-06,Store_B,Milk_1L,Dairy,50.0,50.0,0,136
2025-03-07,Store_B,Milk_1L,Dairy,50.0,50.0,0,188
2025-03-08,Store_B,Milk_1L,Dairy,50.0,50.0,0,210
2025-03-09,Store_B,Milk_1L,Dairy,50.0,50.0,0,196
2025-03-10,Store_B,Milk_1L,Dairy,49.85,50.0,0,136
2025-03-11,Store_B,Milk_1L,Dairy,50.0,50.0,0,128
2025-03-12,Store_B,Milk_1L,Dairy,50.0,50.0,0,139
2025-03-13,Store_B,Milk_1L,Dairy,50.0,50.0,0,154
2025-03-14,Store_B,Milk_1L,Dairy,50.0,50.0,0,151
2025-03-15,Store_B,Milk_1L,Dairy,50.0,50.0,0,216
2025-03-16,Store_B,Milk_1L,Dairy,50.0,50.0,0,203
2025-03-17,Store_B,Milk_1L,Dairy,50.0,50.0,0,145
2025-03-18,Store_B,Milk_1L,Dairy,50.0,50.0,0,142
2025-03-19,Store_B,Milk_1L,Dairy,50.0,50.0,1,205
2025-03-20,Store_B,Milk_1L,Dairy,50.0,50.0,0,145
2025-03-21,Store_B,Milk_1L,Dairy,50.0,50.0,0,180
2025-03-22,Store_B,Milk_1L,Dairy,50.0,50.0,0,269
2025-03-23,Store_B,Milk_1L,Dairy,50.0,50.0,0,181
2025-03-24,Store_B,Milk_1L,Dairy,50.0,50.0,1,202
2025-03-25,Store_B,Milk_1L,Dairy,50.0,50.0,0,121
2025-03-26,Store_B,Milk_1L,Dairy,41.44,50.0,0,173
2025-03-27,Store_B,Milk_1L,Dairy,50.0,50.0,0,156
2025-03-28,Store_B,Milk_1L,Dairy,50.0,50.0,0,201
2025-03-29,Store_B,Milk_1L,Dairy,50.0,50.0,0,252
2025-03-30,Store_B,Milk_1L,Dairy,50.0,50.0,0,157
2025-03-31,Store_B,Milk_1L,Dairy,50.0,50.0,0,128
2025-04-01,Store_B,Milk_1L,Dairy,50.0,50.0,0,132
2025-04-02,Store_B,Milk_1L,Dairy,50.0,50.0,0,131
2025-04-03,Store_B,Milk_1L,Dairy,50.0,50.0,0,144
2025-04-04,Store_B,Milk_1L,Dairy,50.0,50.0,0,176
2025-04-05,Store_B,Milk_1L,Dairy,50.0,50.0,0,181
2025-04-06,Store_B,Milk_1L,Dairy,41.35,50.0,0,233
2025-04-07,Store_B,Milk_1L,Dairy,50.0,50.0,0,119
2025-04-08,Store_B,Milk_1L,Dairy,50.0,50.0,0,133
2025-04-09,Store_B,Milk_1L,Dairy,50.0,50.0,0,127
2025-04-10,Store_B,Milk_1L,Dairy,50.0,50.0,0,146
2025-04-11,Store_B,Milk_1L,Dairy,50.0,50.0,0,179
2025-04-12,Store_B,Milk_1L,Dairy,50.0,50.0,0,180
2025-04-13,Store_B,Milk_1L,Dairy,50.0,50.0,0,189
2025-04-14,Store_B,Milk_1L,Dairy,50.0,50.0,0,149
2025-04-15,Store_B,Milk_1L,Dairy,56.33,50.0,0,104
2025-04-16,Store_B,Milk_1L,Dairy,50.0,50.0,0,141
2025-04-17,Store_B,Milk_1L,Dairy,56.04,50.0,0,118
2025-04-18,Store_B,Milk_1L,Dairy,48.94,50.0,0,175
2025-04-19,Store_B,Milk_1L,Dairy,50.0,50.0,0,206
2025-04-20,Store_B,Milk_1L,Dairy,54.28,50.0,0,153
2025-04-21,Store_B,Milk_1L,Dairy,50.0,50.0,1,186
2025-04-22,Store_B,Milk_1L,Dairy,50.0,50.0,0,122
2025-04-23,Store_B,Milk_1L,Dairy,50.0,50.0,0,109
2025-04-24,Store_B,Milk_1L,Dairy,50.0,50.0,0,121
2025-04-25,Store_B,Milk_1L,Dairy,50.0,50.0,0,165
2025-04-26,Store_B,Milk_1L,Dairy,50.0,50.0,0,229
2025-04-27,Store_B,Milk_1L,Dairy,50.0,50.0,0,184
2025-04-28,Store_B,Milk_1L,Dairy,50.0,50.0,0,136
2025-04-29,Store_B,Milk_1L,Dairy,50.0,50.0,0,118
2025-04-30,Store_B,Milk_1L,Dairy,50.0,50.0,0,128
2025-05-01,Store_B,Milk_1L,Dairy,50.0,50.0,1,160
2025-05-02,Store_B,Milk_1L,Dairy,50.0,50.0,0,158
2025-05-03,Store_B,Milk_1L,Dairy,40.36,50.0,0,267
2025-05-04,Store_B,Milk_1L,Dairy,50.0,50.0,0,174
2025-05-05,Store_B,Milk_1L,Dairy,50.0,50.0,0,127
2025-05-06,Store_B,Milk_1L,Dairy,41.0,50.0,0,178
2025-05-07,Store_B,Milk_1L,Dairy,50.0,50.0,0,125
2025-05-08,Store_B,Milk_1L,Dairy,50.0,50.0,0,143
2025-05-09,Store_B,Milk_1L,Dairy,51.07,50.0,0,148
2025-05-10,Store_B,Milk_1L,Dairy,50.0,50.0,0,191
2025-05-11,Store_B,Milk_1L,Dairy,50.0,50.0,0,180
2025-05-12,Store_B,Milk_1L,Dairy,50.0,50.0,0,127
2025-05-13,Store_B,Milk_1L,Dairy,50.0,50.0,0,152
2025-05-14,Store_B,Milk_1L,Dairy,52.48,50.0,0,104
2025-05-15,Store_B,Milk_1L,Dairy,50.0,50.0,0,152
2025-05-16,Store_B,Milk_1L,Dairy,50.0,50.0,1,246
2025-05-17,Store_B,Milk_1L,Dairy,50.0,50.0,0,191
2025-05-18,Store_B,Milk_1L,Dairy,50.0,50.0,0,174
2025-05-19,Store_B,Milk_1L,Dairy,50.0,50.0,0,133
2025-05-20,Store_B,Milk_1L,Dairy,50.0,50.0,0,120
2025-05-21,Store_B,Milk_1L,Dairy,50.0,50.0,0,131
2025-05-22,Store_B,Milk_1L,Dairy,50.0,50.0,0,141
2025-05-23,Store_B,Milk_1L,Dairy,50.0,50.0,0,165
2025-05-24,Store_B,Milk_1L,Dairy,52.08,50.0,0,182
2025-05-25,Store_B,Milk_1L,Dairy,56.52,50.0,0,136
2025-05-26,Store_B,Milk_1L,Dairy,50.0,50.0,0,154
2025-05-27,Store_B,Milk_1L,Dairy,50.0,50.0,0,129
2025-05-28,Store_B,Milk_1L,Dairy,50.0,50.0,0,128
2025-05-29,Store_B,Milk_1L,Dairy,50.0,50.0,0,123
2025-05-30,Store_B,Milk_1L,Dairy,50.0,50.0,0,161
2025-05-31,Store_B,Milk_1L,Dairy,50.0,50.0,0,203
2025-06-01,Store_B,Milk_1L,Dairy,52.82,50.0,0,136
2025-06-02,Store_B,Milk_1L,Dairy,50.0,50.0,0,123
2025-06-03,Store_B,Milk_1L,Dairy,50.0,50.0,0,133
2025-06-04,Store_B,Milk_1L,Dairy,50.0,50.0,0,115
2025-06-05,Store_B,Milk_1L,Dairy,50.0,50.0,0,126
2025-06-06,Store_B,Milk_1L,Dairy,50.0,50.0,0,186
2025-06-07,Store_B,Milk_1L,Dairy,50.0,50.0,0,184
2025-06-08,Store_B,Milk_1L,Dairy,50.0,50.0,0,180
2025-06-09,Store_B,Milk_1L,Dairy,50.0,50.0,1,174
2025-06-10,Store_B,Milk_1L,Dairy,50.0,50.0,0,114
2025-06-11,Store_B,Milk_1L,Dairy,50.0,50.0,0,132
2025-06-12,Store_B,Milk_1L,Dairy,50.0,50.0,0,152
2025-06-13,Store_B,Milk_1L,Dairy,50.0,50.0,0,158
2025-06-14,Store_B,Milk_1L,Dairy,50.0,50.0,0,166
2025-06-15,Store_B,Milk_1L,Dairy,50.0,50.0,0,152
2025-06-16,Store_B,Milk_1L,Dairy,51.78,50.0,0,105
2025-06-17,Store_B,Milk_1L,Dairy,50.0,50.0,0,123
2025-06-18,Store_B,Milk_1L,Dairy,56.3,50.0,0,96
2025-06-19,Store_B,Milk_1L,Dairy,50.0,50.0,1,178
2025-06-20,Store_B,Milk_1L,Dairy,50.0,50.0,0,139
2025-06-21,Store_B,Milk_1L,Dairy,52.96,50.0,0,184
2025-06-22,Store_B,Milk_1L,Dairy,50.0,50.0,0,167
2025-06-23,Store_B,Milk_1L,Dairy,50.0,50.0,0,117
2025-06-24,Store_B,Milk_1L,Dairy,50.0,50.0,0,108
2025-06-25,Store_B,Milk_1L,Dairy,50.0,50.0,1,162
2025-06-26,Store_B,Milk_1L,Dairy,50.34,50.0,0,141
2025-06-27,Store_B,Milk_1L,Dairy,50.0,50.0,0,151
2025-06-28,Store_B,Milk_1L,Dairy,50.0,50.0,0,178
2025-06-29,Store_B,Milk_1L,Dairy,50.0,50.0,0,168
2025-06-30,Store_B,Milk_1L,Dairy,40.1,50.0,0,207
2025-07-01,Store_B,Milk_1L,Dairy,50.0,50.0,0,132
2025-07-02,Store_B,Milk_1L,Dairy,47.84,50.0,0,124
2025-07-03,Store_B,Milk_1L,Dairy,50.0,50.0,0,136
2025-07-04,Store_B,Milk_1L,Dairy,50.0,50.0,1,213
2025-07-05,Store_B,Milk_1L,Dairy,50.0,50.0,0,173
2025-07-06,Store_B,Milk_1L,Dairy,43.85,50.0,0,199
2025-07-07,Store_B,Milk_1L,Dairy,57.11,50.0,0,94
2025-07-08,Store_B,Milk_1L,Dairy,50.0,50.0,0,115
2025-07-09,Store_B,Milk_1L,Dairy,50.0,50.0,1,159
2025-07-10,Store_B,Milk_1L,Dairy,50.0,50.0,0,119
2025-07-11,Store_B,Milk_1L,Dairy,50.0,50.0,0,160
2025-07-12,Store_B,Milk_1L,Dairy,50.0,50.0,0,193
2025-07-13,Store_B,Milk_1L,Dairy,48.54,50.0,0,173
2025-07-14,Store_B,Milk_1L,Dairy,54.81,50.0,0,101
2025-07-15,Store_B,Milk_1L,Dairy,50.0,50.0,0,125
2025-07-16,Store_B,Milk_1L,Dairy,50.0,50.0,0,102
2025-07-17,Store_B,Milk_1L,Dairy,50.0,50.0,0,116
2025-07-18,Store_B,Milk_1L,Dairy,50.0,50.0,0,156
2025-07-19,Store_B,Milk_1L,Dairy,50.0,50.0,0,179
2025-07-20,Store_B,Milk_1L,Dairy,50.0,50.0,0,162
2025-07-21,Store_B,Milk_1L,Dairy,50.0,50.0,0,125
2025-07-22,Store_B,Milk_1L,Dairy,50.32,50.0,0,111
2025-07-23,Store_B,Milk_1L,Dairy,50.89,50.0,1,168
2025-07-24,Store_B,Milk_1L,Dairy,50.0,50.0,0,130
2025-07-25,Store_B,Milk_1L,Dairy,50.0,50.0,0,149
2025-07-26,Store_B,Milk_1L,Dairy,50.0,50.0,0,191
2025-07-27,Store_B,Milk_1L,Dairy,50.0,50.0,0,161
2025-07-28,Store_B,Milk_1L,Dairy,50.0,50.0,0,122
2025-07-29,Store_B,Milk_1L,Dairy,50.0,50.0,0,118
2025-07-30,Store_B,Milk_1L,Dairy,50.0,50.0,0,125
2025-07-31,Store_B,Milk_1L,Dairy,50.0,50.0,0,119
2025-08-01,Store_B,Milk_1L,Dairy,50.0,50.0,0,155
2025-08-02,Store_B,Milk_1L,Dairy,44.28,50.0,0,228
2025-08-03,Store_B,Milk_1L,Dairy,52.89,50.0,0,154
2025-08-04,Store_B,Milk_1L,Dairy,50.0,50.0,0,118
2025-08-05,Store_B,Milk_1L,Dairy,50.0,50.0,0,111
2025-08-06,Store_B,Milk_1L,Dairy,50.0,50.0,0,134
2025-08-07,Store_B,Milk_1L,Dairy,50.0,50.0,0,114
2025-08-08,Store_B,Milk_1L,Dairy,50.0,50.0,0,153
2025-08-09,Store_B,Milk_1L,Dairy,50.0,50.0,0,204
2025-08-10,Store_B,Milk_1L,Dairy,51.51,50.0,0,153
2025-08-11,Store_B,Milk_1L,Dairy,50.0,50.0,1,160
2025-08-12,Store_B,Milk_1L,Dairy,50.0,50.0,0,114
2025-08-13,Store_B,Milk_1L,Dairy,50.0,50.0,0,127
2025-08-14,Store_B,Milk_1L,Dairy,50.0,50.0,0,146
2025-08-15,Store_B,Milk_1L,Dairy,50.0,50.0,0,145
2025-08-16,Store_B,Milk_1L,Dairy,50.0,50.0,0,158
2025-08-17,Store_B,Milk_1L,Dairy,40.62,50.0,0,240
2025-08-18,Store_B,Milk_1L,Dairy,50.64,50.0,0,121
2025-08-19,Store_B,Milk_1L,Dairy,50.0,50.0,0,129
2025-08-20,Store_B,Milk_1L,Dairy,50.0,50.0,0,134
2025-08-21,Store_B,Milk_1L,Dairy,50.0,50.0,0,130
2025-08-22,Store_B,Milk_1L,Dairy,50.0,50.0,0,149
2025-08-23,Store_B,Milk_1L,Dairy,50.0,50.0,0,203
2025-08-24,Store_B,Milk_1L,Dairy,47.71,50.0,0,187
2025-08-25,Store_B,Milk_1L,Dairy,50.0,50.0,0,128
2025-08-26,Store_B,Milk_1L,Dairy,50.0,50.0,0,127
2025-08-27,Store_B,Milk_1L,Dairy,50.0,50.0,1,164
2025-08-28,Store_B,Milk_1L,Dairy,40.09,50.0,0,197
2025-08-29,Store_B,Milk_1L,Dairy,50.0,50.0,0,187
2025-08-30,Store_B,Milk_1L,Dairy,50.0,50.0,0,188
2025-08-31,Store_B,Milk_1L,Dairy,50.0,50.0,0,173
2025-09-01,Store_B,Milk_1L,Dairy,55.92,50.0,0,108
2025-09-02,Store_B,Milk_1L,Dairy,50.0,50.0,0,131
2025-09-03,Store_B,Milk_1L,Dairy,50.0,50.0,0,142
2025-09-04,Store_B,Milk_1L,Dairy,50.0,50.0,1,185
2025-09-05,Store_B,Milk_1L,Dairy,48.24,50.0,0,191
2025-09-06,Store_B,Milk_1L,Dairy,50.0,50.0,0,219
2025-09-07,Store_B,Milk_1L,Dairy,50.0,50.0,0,186
2025-09-08,Store_B,Milk_1L,Dairy,50.0,50.0,0,118
2025-09-09,Store_B,Milk_1L,Dairy,50.0,50.0,0,120
2025-09-10,Store_B,Milk_1L,Dairy,50.0,50.0,0,134
2025-09-11,Store_B,Milk_1L,Dairy,44.45,50.0,0,188
2025-09-12,Store_B,Milk_1L,Dairy,50.0,50.0,0,174
2025-09-13,Store_B,Milk_1L,Dairy,41.66,50.0,0,297
2025-09-14,Store_B,Milk_1L,Dairy,50.0,50.0,0,183
2025-09-15,Store_B,Milk_1L,Dairy,50.0,50.0,0,141
2025-09-16,Store_B,Milk_1L,Dairy,50.0,50.0,0,120
2025-09-17,Store_B,Milk_1L,Dairy,50.0,50.0,0,124
2025-09-18,Store_B,Milk_1L,Dairy,50.0,50.0,0,145
2025-09-19,Store_B,Milk_1L,Dairy,50.0,50.0,0,167
2025-09-20,Store_B,Milk_1L,Dairy,50.0,50.0,0,219
2025-09-21,Store_B,Milk_1L,Dairy,50.0,50.0,0,162
2025-09-22,Store_B,Milk_1L,Dairy,50.0,50.0,0,149
2025-09-23,Store_B,Milk_1L,Dairy,50.0,50.0,0,137
2025-09-24,Store_B,Milk_1L,Dairy,50.0,50.0,0,157
2025-09-25,Store_B,Milk_1L,Dairy,51.31,50.0,0,149
2025-09-26,Store_B,Milk_1L,Dairy,50.0,50.0,0,212
2025-09-27,Store_B,Milk_1L,Dairy,50.0,50.0,0,203
2025-09-28,Store_B,Milk_1L,Dairy,56.01,50.0,0,169
2025-09-29,Store_B,Milk_1L,Dairy,50.0,50.0,0,143
2025-09-30,Store_B,Milk_1L,Dairy,50.0,50.0,0,129
2025-10-01,Store_B,Milk_1L,Dairy,50.0,50.0,0,204
2025-10-02,Store_B,Milk_1L,Dairy,50.0,50.0,0,227
2025-10-03,Store_B,Milk_1L,Dairy,50.0,50.0,0,279
2025-10-04,Store_B,Milk_1L,Dairy,50.0,50.0,0,261
2025-10-05,Store_B,Milk_1L,Dairy,50.0,50.0,0,332
2025-10-06,Store_B,Milk_1L,Dairy,50.0,50.0,0,194
2025-10-07,Store_B,Milk_1L,Dairy,50.0,50.0,0,203
2025-10-08,Store_B,Milk_1L,Dairy,50.0,50.0,0,226
2025-10-09,Store_B,Milk_1L,Dairy,50.0,50.0,0,214
2025-10-10,Store_B,Milk_1L,Dairy,50.0,50.0,0,286
2025-10-11,Store_B,Milk_1L,Dairy,50.0,50.0,0,267
2025-10-12,Store_B,Milk_1L,Dairy,50.0,50.0,0,230
2025-10-13,Store_B,Milk_1L,Dairy,50.0,50.0,0,227
2025-10-14,Store_B,Milk_1L,Dairy,50.0,50.0,1,287
2025-10-15,Store_B,Milk_1L,Dairy,41.67,50.0,1,373
2025-10-16,Store_B,Milk_1L,Dairy,50.0,50.0,0,213
2025-10-17,Store_B,Milk_1L,Dairy,50.0,50.0,0,267
2025-10-18,Store_B,Milk_1L,Dairy,51.91,50.0,0,329
2025-10-19,Store_B,Milk_1L,Dairy,50.0,50.0,0,281
2025-10-20,Store_B,Milk_1L,Dairy,50.0,50.0,0,217
2025-10-21,Store_B,Milk_1L,Dairy,50.0,50.0,0,198
2025-10-22,Store_B,Milk_1L,Dairy,50.0,50.0,0,208
2025-10-23,Store_B,Milk_1L,Dairy,50.0,50.0,0,241
2025-10-24,Store_B,Milk_1L,Dairy,50.0,50.0,0,270
2025-10-25,Store_B,Milk_1L,Dairy,54.33,50.0,0,239
2025-10-26,Store_B,Milk_1L,Dairy,50.0,50.0,0,299
2025-10-27,Store_B,Milk_1L,Dairy,57.4,50.0,0,158
2025-10-28,Store_B,Milk_1L,Dairy,50.0,50.0,0,219
2025-10-29,Store_B,Milk_1L,Dairy,50.0,50.0,0,188
2025-10-30,Store_B,Milk_1L,Dairy,47.81,50.0,0,225
2025-10-31,Store_B,Milk_1L,Dairy,50.0,50.0,0,262
2025-11-01,Store_B,Milk_1L,Dairy,57.09,50.0,0,261
2025-11-02,Store_B,Milk_1L,Dairy,46.54,50.0,0,411
2025-11-03,Store_B,Milk_1L,Dairy,49.33,50.0,0,245
2025-11-04,Store_B,Milk_1L,Dairy,57.23,50.0,0,149
2025-11-05,Store_B,Milk_1L,Dairy,50.0,50.0,0,189
2025-11-06,Store_B,Milk_1L,Dairy,50.0,50.0,0,205
2025-11-07,Store_B,Milk_1L,Dairy,42.2,50.0,0,403
2025-11-08,Store_B,Milk_1L,Dairy,57.26,50.0,0,280
2025-11-09,Store_B,Milk_1L,Dairy,50.0,50.0,0,271
2025-11-10,Store_B,Milk_1L,Dairy,50.0,50.0,1,286
2025-11-11,Store_B,Milk_1L,Dairy,50.0,50.0,0,249
2025-11-12,Store_B,Milk_1L,Dairy,50.0,50.0,0,247
2025-11-13,Store_B,Milk_1L,Dairy,50.0,50.0,0,237
2025-11-14,Store_B,Milk_1L,Dairy,50.0,50.0,0,314
2025-11-15,Store_B,Milk_1L,Dairy,50.0,50.0,0,336
2025-11-16,Store_B,Milk_1L,Dairy,50.0,50.0,0,317
2025-11-17,Store_B,Milk_1L,Dairy,50.0,50.0,0,252
2025-11-18,Store_B,Milk_1L,Dairy,50.0,50.0,0,210
2025-11-19,Store_B,Milk_1L,Dairy,50.0,50.0,0,228
2025-11-20,Store_B,Milk_1L,Dairy,50.0,50.0,0,223
2025-11-21,Store_B,Milk_1L,Dairy,45.58,50.0,0,301
2025-11-22,Store_B,Milk_1L,Dairy,50.0,50.0,0,345
2025-11-23,Store_B,Milk_1L,Dairy,56.37,50.0,0,290
2025-11-24,Store_B,Milk_1L,Dairy,50.0,50.0,0,240
2025-11-25,Store_B,Milk_1L,Dairy,50.0,50.0,0,241
2025-11-26,Store_B,Milk_1L,Dairy,44.98,50.0,0,303
2025-11-27,Store_B,Milk_1L,Dairy,50.0,50.0,0,215
2025-11-28,Store_B,Milk_1L,Dairy,56.2,50.0,0,258
2025-11-29,Store_B,Milk_1L,Dairy,50.0,50.0,0,374
2025-11-30,Store_B,Milk_1L,Dairy,50.0,50.0,0,318
2025-12-01,Store_B,Milk_1L,Dairy,50.0,50.0,1,286
2025-12-02,Store_B,Milk_1L,Dairy,50.0,50.0,0,208
2025-12-03,Store_B,Milk_1L,Dairy,50.0,50.0,0,182
2025-12-04,Store_B,Milk_1L,Dairy,50.0,50.0,0,234
2025-12-05,Store_B,Milk_1L,Dairy,48.74,50.0,0,244
2025-12-06,Store_B,Milk_1L,Dairy,50.0,50.0,0,315
2025-12-07,Store_B,Milk_1L,Dairy,50.0,50.0,1,388
2025-12-08,Store_B,Milk_1L,Dairy,50.0,50.0,1,282
2025-12-09,Store_B,Milk_1L,Dairy,52.08,50.0,1,239
2025-12-10,Store_B,Milk_1L,Dairy,50.0,50.0,0,196
2025-12-11,Store_B,Milk_1L,Dairy,46.79,50.0,1,420
2025-12-12,Store_B,Milk_1L,Dairy,50.0,50.0,0,266
2025-12-13,Store_B,Milk_1L,Dairy,50.0,50.0,1,414
2025-12-14,Store_B,Milk_1L,Dairy,50.01,50.0,1,367
2025-12-15,Store_B,Milk_1L,Dairy,50.0,50.0,0,205
2025-12-16,Store_B,Milk_1L,Dairy,50.0,50.0,0,190
2025-12-17,Store_B,Milk_1L,Dairy,50.0,50.0,0,214
2025-12-18,Store_B,Milk_1L,Dairy,50.0,50.0,0,221
2025-12-19,Store_B,Milk_1L,Dairy,53.05,50.0,0,256
2025-12-20,Store_B,Milk_1L,Dairy,52.57,50.0,0,324
2025-12-21,Store_B,Milk_1L,Dairy,50.0,50.0,0,262
2025-12-22,Store_B,Milk_1L,Dairy,56.75,50.0,0,167
2025-12-23,Store_B,Milk_1L,Dairy,50.0,50.0,0,212
2025-12-24,Store_B,Milk_1L,Dairy,50.0,50.0,0,209
2025-12-25,Store_B,Milk_1L,Dairy,50.0,50.0,0,236
2025-12-26,Store_B,Milk_1L,Dairy,42.62,50.0,1,503
2025-12-27,Store_B,Milk_1L,Dairy,50.0,50.0,0,327
2025-12-28,Store_B,Milk_1L,Dairy,56.98,50.0,0,231
2025-12-29,Store_B,Milk_1L,Dairy,50.0,50.0,0,239
2025-12-30,Store_B,Milk_1L,Dairy,50.0,50.0,1,251
2024-01-01,Store_B,Rice_5kg,Staples,60.0,60.0,1,98
2024-01-02,Store_B,Rice_5kg,Staples,68.02,60.0,0,57
2024-01-03,Store_B,Rice_5kg,Staples,60.0,60.0,0,73
2024-01-04,Store_B,Rice_5kg,Staples,58.58,60.0,0,83
2024-01-05,Store_B,Rice_5kg,Staples,60.0,60.0,0,82
2024-01-06,Store_B,Rice_5kg,Staples,60.0,60.0,0,102
2024-01-07,Store_B,Rice_5kg,Staples,63.38,60.0,0,93
2024-01-08,Store_B,Rice_5kg,Staples,60.0,60.0,1,81
2024-01-09,Store_B,Rice_5kg,Staples,60.0,60.0,0,75
2024-01-10,Store_B,Rice_5kg,Staples,48.94,60.0,0,101
2024-01-11,Store_B,Rice_5kg,Staples,60.0,60.0,0,83
2024-01-12,Store_B,Rice_5kg,Staples,60.0,60.0,0,106
2024-01-13,Store_B,Rice_5kg,Staples,60.0,60.0,1,178
2024-01-14,Store_B,Rice_5kg,Staples,60.0,60.0,0,84
2024-01-15,Store_B,Rice_5kg,Staples,67.34,60.0,0,67
2024-01-16,Store_B,Rice_5kg,Staples,60.0,60.0,0,69
2024-01-17,Store_B,Rice_5kg,Staples,60.0,60.0,0,77
2024-01-18,Store_B,Rice_5kg,Staples,60.0,60.0,0,76
2024-01-19,Store_B,Rice_5kg,Staples,60.0,60.0,0,104
2024-01-20,Store_B,Rice_5kg,Staples,60.0,60.0,0,109
2024-01-21,Store_B,Rice_5kg,Staples,60.0,60.0,0,98
2024-01-22,Store_B,Rice_5kg,Staples,60.0,60.0,0,73
2024-01-23,Store_B,Rice_5kg,Staples,60.0,60.0,0,70
2024-01-24,Store_B,Rice_5kg,Staples,60.0,60.0,0,67
2024-01-25,Store_B,Rice_5kg,Staples,60.0,60.0,0,72
2024-01-26,Store_B,Rice_5kg,Staples,49.25,60.0,0,129
2024-01-27,Store_B,Rice_5kg,Staples,60.0,60.0,0,114
2024-01-28,Store_B,Rice_5kg,Staples,60.0,60.0,0,110
2024-01-29,Store_B,Rice_5kg,Staples,60.0,60.0,0,64
2024-01-30,Store_B,Rice_5kg,Staples,60.0,60.0,0,74
2024-01-31,Store_B,Rice_5kg,Staples,55.58,60.0,0,81
2024-02-01,Store_B,Rice_5kg,Staples,60.0,60.0,0,86
2024-02-02,Store_B,Rice_5kg,Staples,60.0,60.0,0,97
2024-02-03,Store_B,Rice_5kg,Staples,60.0,60.0,0,103
2024-02-04,Store_B,Rice_5kg,Staples,55.55,60.0,0,107
2024-02-05,Store_B,Rice_5kg,Staples,60.0,60.0,1,102
2024-02-06,Store_B,Rice_5kg,Staples,60.0,60.0,0,62
2024-02-07,Store_B,Rice_5kg,Staples,60.0,60.0,0,80
2024-02-08,Store_B,Rice_5kg,Staples,56.17,60.0,0,88
2024-02-09,Store_B,Rice_5kg,Staples,60.0,60.0,0,90
2024-02-10,Store_B,Rice_5kg,Staples,60.0,60.0,0,114
2024-02-11,Store_B,Rice_5kg,Staples,60.0,60.0,0,91
2024-02-12,Store_B,Rice_5kg,Staples,60.0,60.0,0,74
2024-02-13,Store_B,Rice_5kg,Staples,60.0,60.0,0,71
2024-02-14,Store_B,Rice_5kg,Staples,60.0,60.0,0,83
2024-02-15,Store_B,Rice_5kg,Staples,60.0,60.0,0,77
2024-02-16,Store_B,Rice_5kg,Staples,60.0,60.0,0,90
2024-02-17,Store_B,Rice_5kg,Staples,60.0,60.0,0,116
2024-02-18,Store_B,Rice_5kg,Staples,60.0,60.0,0,105
2024-02-19,Store_B,Rice_5kg,Staples,60.0,60.0,0,71
2024-02-20,Store_B,Rice_5kg,Staples,60.0,60.0,0,65
2024-02-21,Store_B,Rice_5kg,Staples,60.0,60.0,0,69
2024-02-22,Store_B,Rice_5kg,Staples,63.63,60.0,1,112
2024-02-23,Store_B,Rice_5kg,Staples,68.66,60.0,0,79
2024-02-24,Store_B,Rice_5kg,Staples,60.0,60.0,0,122
2024-02-25,Store_B,Rice_5kg,Staples,60.0,60.0,0,94
2024-02-26,Store_B,Rice_5kg,Staples,66.7,60.0,0,65
2024-02-27,Store_B,Rice_5kg,Staples,60.0,60.0,0,71
2024-02-28,Store_B,Rice_5kg,Staples,60.0,60.0,0,75
2024-02-29,Store_B,Rice_5kg,Staples,60.0,60.0,0,71
2024-03-01,Store_B,Rice_5kg,Staples,61.98,60.0,0,95
2024-03-02,Store_B,Rice_5kg,Staples,60.0,60.0,0,92
2024-03-03,Store_B,Rice_5kg,Staples,60.0,60.0,0,89
2024-03-04,Store_B,Rice_5kg,Staples,60.0,60.0,0,79
2024-03-05,Store_B,Rice_5kg,Staples,60.0,60.0,1,88
2024-03-06,Store_B,Rice_5kg,Staples,60.0,60.0,0,89
2024-03-07,Store_B,Rice_5kg,Staples,60.0,60.0,0,80
2024-03-08,Store_B,Rice_5kg,Staples,58.26,60.0,0,90
2024-03-09,Store_B,Rice_5kg,Staples,60.0,60.0,0,127
2024-03-10,Store_B,Rice_5kg,Staples,60.0,60.0,0,102
2024-03-11,Store_B,Rice_5kg,Staples,60.0,60.0,0,65
2024-03-12,Store_B,Rice_5kg,Staples,60.0,60.0,0,80
2024-03-13,Store_B,Rice_5kg,Staples,60.0,60.0,0,71
2024-03-14,Store_B,Rice_5kg,Staples,60.0,60.0,0,87
2024-03-15,Store_B,Rice_5kg,Staples,52.95,60.0,0,102
2024-03-16,Store_B,Rice_5kg,Staples,60.0,60.0,0,110
2024-03-17,Store_B,Rice_5kg,Staples,60.0,60.0,0,95
2024-03-18,Store_B,Rice_5kg,Staples,60.0,60.0,1,101
2024-03-19,Store_B,Rice_5kg,Staples,67.56,60.0,0,75
2024-03-20,Store_B,Rice_5kg,Staples,60.0,60.0,0,69
2024-03-21,Store_B,Rice_5kg,Staples,60.0,60.0,0,77
2024-03-22,Store_B,Rice_5kg,Staples,60.0,60.0,0,96
2024-03-23,Store_B,Rice_5kg,Staples,60.0,60.0,0,112
2024-03-24,Store_B,Rice_5kg,Staples,60.0,60.0,0,95
2024-03-25,Store_B,Rice_5kg,Staples,60.0,60.0,1,117
2024-03-26,Store_B,Rice_5kg,Staples,60.0,60.0,0,68
2024-03-27,Store_B,Rice_5kg,Staples,60.0,60.0,0,68
2024-03-28,Store_B,Rice_5kg,Staples,60.0,60.0,0,82
2024-03-29,Store_B,Rice_5kg,Staples,60.0,60.0,0,110
2024-03-30,Store_B,Rice_5kg,Staples,60.0,60.0,1,136
2024-03-31,Store_B,Rice_5kg,Staples,60.0,60.0,1,142
2024-04-01,Store_B,Rice_5kg,Staples,60.0,60.0,1,92
2024-04-02,Store_B,Rice_5kg,Staples,60.0,60.0,0,60
2024-04-03,Store_B,Rice_5kg,Staples,60.0,60.0,0,69
2024-04-04,Store_B,Rice_5kg,Staples,60.0,60.0,0,84
2024-04-05,Store_B,Rice_5kg,Staples,60.0,60.0,0,96
2024-04-06,Store_B,Rice_5kg,Staples,50.34,60.0,0,122
2024-04-07,Store_B,Rice_5kg,Staples,60.0,60.0,0,100
2024-04-08,Store_B,Rice_5kg,Staples,60.0,60.0,0,72
2024-04-09,Store_B,Rice_5kg,Staples,60.0,60.0,0,69
2024-04-10,Store_B,Rice_5kg,Staples,60.0,60.0,0,77
2024-04-11,Store_B,Rice_5kg,Staples,65.16,60.0,0,69
2024-04-12,Store_B,Rice_5kg,Staples,60.0,60.0,0,90
2024-04-13,Store_B,Rice_5kg,Staples,60.0,60.0,0,109
2024-04-14,Store_B,Rice_5kg,Staples,62.35,60.0,0,98
2024-04-15,Store_B,Rice_5kg,Staples,60.0,60.0,0,76
2024-04-16,Store_B,Rice_5kg,Staples,60.0,60.0,0,73
2024-04-17,Store_B,Rice_5kg,Staples,56.33,60.0,0,76
2024-04-18,Store_B,Rice_5kg,Staples,60.0,60.0,0,70
2024-04-19,Store_B,Rice_5kg,Staples,58.63,60.0,0,80
2024-04-20,Store_B,Rice_5kg,Staples,60.0,60.0,0,98
2024-04-21,Store_B,Rice_5kg,Staples,60.0,60.0,0,93
2024-04-22,Store_B,Rice_5kg,Staples,60.0,60.0,0,69
2024-04-23,Store_B,Rice_5kg,Staples,58.88,60.0,0,66
2024-04-24,Store_B,Rice_5kg,Staples,60.0,60.0,0,76
2024-04-25,Store_B,Rice_5kg,Staples,48.37,60.0,0,92
2024-04-26,Store_B,Rice_5kg,Staples,51.94,60.0,1,138
2024-04-27,Store_B,Rice_5kg,Staples,60.0,60.0,1,154
2024-04-28,Store_B,Rice_5kg,Staples,60.0,60.0,0,84
2024-04-29,Store_B,Rice_5kg,Staples,60.0,60.0,0,75
2024-04-30,Store_B,Rice_5kg,Staples,60.0,60.0,0,65
2024-05-01,Store_B,Rice_5kg,Staples,60.0,60.0,0,67
2024-05-02,Store_B,Rice_5kg,Staples,60.0,60.0,0,71
2024-05-03,Store_B,Rice_5kg,Staples,60.0,60.0,0,74
2024-05-04,Store_B,Rice_5kg,Staples,60.0,60.0,0,108
2024-05-05,Store_B,Rice_5kg,Staples,60.0,60.0,0,88
2024-05-06,Store_B,Rice_5kg,Staples,60.0,60.0,0,64
2024-05-07,Store_B,Rice_5kg,Staples,60.0,60.0,0,70
2024-05-08,Store_B,Rice_5kg,Staples,65.8,60.0,0,70
2024-05-09,Store_B,Rice_5kg,Staples,53.77,60.0,0,93
2024-05-10,Store_B,Rice_5kg,Staples,60.0,60.0,0,86
2024-05-11,Store_B,Rice_5kg,Staples,55.81,60.0,0,110
2024-05-12,Store_B,Rice_5kg,Staples,60.0,60.0,0,93
2024-05-13,Store_B,Rice_5kg,Staples,60.0,60.0,0,68
2024-05-14,Store_B,Rice_5kg,Staples,60.0,60.0,0,67
2024-05-15,Store_B,Rice_5kg,Staples,62.81,60.0,0,64
2024-05-16,Store_B,Rice_5kg,Staples,60.0,60.0,0,71
2024-05-17,Store_B,Rice_5kg,Staples,57.83,60.0,0,91
2024-05-18,Store_B,Rice_5kg,Staples,60.0,60.0,0,88
2024-05-19,Store_B,Rice_5kg,Staples,60.0,60.0,0,100
2024-05-20,Store_B,Rice_5kg,Staples,60.0,60.0,0,72
2024-05-21,Store_B,Rice_5kg,Staples,60.0,60.0,0,65
2024-05-22,Store_B,Rice_5kg,Staples,66.82,60.0,0,65
2024-05-23,Store_B,Rice_5kg,Staples,64.71,60.0,0,62
2024-05-24,Store_B,Rice_5kg,Staples,60.0,60.0,0,85
2024-05-25,Store_B,Rice_5kg,Staples,49.46,60.0,0,103
2024-05-26,Store_B,Rice_5kg,Staples,60.0,60.0,0,89
2024-05-27,Store_B,Rice_5kg,Staples,60.0,60.0,0,70
2024-05-28,Store_B,Rice_5kg,Staples,60.0,60.0,0,61
2024-05-29,Store_B,Rice_5kg,Staples,60.0,60.0,0,72
2024-05-30,Store_B,Rice_5kg,Staples,60.0,60.0,0,72
2024-05-31,Store_B,Rice_5kg,Staples,60.0,60.0,0,98
2024-06-01,Store_B,Rice_5kg,Staples,51.59,60.0,0,106
2024-06-02,Store_B,Rice_5kg,Staples,60.0,60.0,0,88
2024-06-03,Store_B,Rice_5kg,Staples,60.0,60.0,0,68
2024-06-04,Store_B,Rice_5kg,Staples,64.42,60.0,0,59
2024-06-05,Store_B,Rice_5kg,Staples,60.0,60.0,0,69
2024-06-06,Store_B,Rice_5kg,Staples,60.0,60.0,0,67
2024-06-07,Store_B,Rice_5kg,Staples,49.29,60.0,1,141
2024-06-08,Store_B,Rice_5kg,Staples,60.0,60.0,0,113
2024-06-09,Store_B,Rice_5kg,Staples,60.0,60.0,0,67
2024-06-10,Store_B,Rice_5kg,Staples,60.0,60.0,0,64
2024-06-11,Store_B,Rice_5kg,Staples,60.0,60.0,0,59
2024-06-12,Store_B,Rice_5kg,Staples,60.0,60.0,0,72
2024-06-13,Store_B,Rice_5kg,Staples,60.0,60.0,0,76
2024-06-14,Store_B,Rice_5kg,Staples,55.24,60.0,1,121
2024-06-15,Store_B,Rice_5kg,Staples,55.32,60.0,0,117
2024-06-16,Store_B,Rice_5kg,Staples,60.0,60.0,0,88
2024-06-17,Store_B,Rice_5kg,Staples,60.0,60.0,0,63
2024-06-18,Store_B,Rice_5kg,Staples,60.0,60.0,0,58
2024-06-19,Store_B,Rice_5kg,Staples,60.0,60.0,0,69
2024-06-20,Store_B,Rice_5kg,Staples,60.0,60.0,0,61
2024-06-21,Store_B,Rice_5kg,Staples,60.0,60.0,0,81
2024-06-22,Store_B,Rice_5kg,Staples,60.0,60.0,0,93
2024-06-23,Store_B,Rice_5kg,Staples,60.0,60.0,0,77
2024-06-24,Store_B,Rice_5kg,Staples,64.15,60.0,0,57
2024-06-25,Store_B,Rice_5kg,Staples,60.0,60.0,0,67
2024-06-26,Store_B,Rice_5kg,Staples,60.0,60.0,0,60
2024-06-27,Store_B,Rice_5kg,Staples,60.0,60.0,0,69
2024-06-28,Store_B,Rice_5kg,Staples,60.0,60.0,0,85
2024-06-29,Store_B,Rice_5kg,Staples,60.0,60.0,0,94
2024-06-30,Store_B,Rice_5kg,Staples,65.46,60.0,0,85
2024-07-01,Store_B,Rice_5kg,Staples,60.0,60.0,0,72
2024-07-02,Store_B,Rice_5kg,Staples,60.0,60.0,0,57
2024-07-03,Store_B,Rice_5kg,Staples,60.0,60.0,0,69
2024-07-04,Store_B,Rice_5kg,Staples,60.0,60.0,0,67
2024-07-05,Store_B,Rice_5kg,Staples,60.0,60.0,0,84
2024-07-06,Store_B,Rice_5kg,Staples,64.31,60.0,0,92
2024-07-07,Store_B,Rice_5kg,Staples,60.0,60.0,0,77
2024-07-08,Store_B,Rice_5kg,Staples,60.0,60.0,0,62
2024-07-09,Store_B,Rice_5kg,Staples,60.0,60.0,0,54
2024-07-10,Store_B,Rice_5kg,Staples,60.04,60.0,0,60
2024-07-11,Store_B,Rice_5kg,Staples,60.0,60.0,1,105
2024-07-12,Store_B,Rice_5kg,Staples,60.0,60.0,0,78
2024-07-13,Store_B,Rice_5kg,Staples,60.0,60.0,1,113
2024-07-14,Store_B,Rice_5kg,Staples,60.0,60.0,0,82
2024-07-15,Store_B,Rice_5kg,Staples,60.0,60.0,0,53
2024-07-16,Store_B,Rice_5kg,Staples,60.0,60.0,0,66
2024-07-17,Store_B,Rice_5kg,Staples,55.84,60.0,0,66
2024-07-18,Store_B,Rice_5kg,Staples,60.0,60.0,0,69
2024-07-19,Store_B,Rice_5kg,Staples,60.0,60.0,0,94
2024-07-20,Store_B,Rice_5kg,Staples,60.0,60.0,0,97
2024-07-21,Store_B,Rice_5kg,Staples,60.0,60.0,1,117
2024-07-22,Store_B,Rice_5kg,Staples,60.0,60.0,0,61
2024-07-23,Store_B,Rice_5kg,Staples,60.0,60.0,1,79
2024-07-24,Store_B,Rice_5kg,Staples,60.0,60.0,1,93
2024-07-25,Store_B,Rice_5kg,Staples,60.0,60.0,0,64
2024-07-26,Store_B,Rice_5kg,Staples,60.0,60.0,0,75
2024-07-27,Store_B,Rice_5kg,Staples,60.0,60.0,1,127
2024-07-28,Store_B,Rice_5kg,Staples,60.0,60.0,0,101
2024-07-29,Store_B,Rice_5kg,Staples,54.26,60.0,0,64
2024-07-30,Store_B,Rice_5kg,Staples,60.0,60.0,0,63
2024-07-31,Store_B,Rice_5kg,Staples,68.35,60.0,0,55
2024-08-01,Store_B,Rice_5kg,Staples,60.0,60.0,0,66
2024-08-02,Store_B,Rice_5kg,Staples,60.0,60.0,0,81
2024-08-03,Store_B,Rice_5kg,Staples,60.0,60.0,0,102
2024-08-04,Store_B,Rice_5kg,Staples,60.0,60.0,1,127
2024-08-05,Store_B,Rice_5kg,Staples,60.0,60.0,0,61
2024-08-06,Store_B,Rice_5kg,Staples,60.0,60.0,0,56
2024-08-07,Store_B,Rice_5kg,Staples,60.0,60.0,1,87
2024-08-08,Store_B,Rice_5kg,Staples,60.0,60.0,0,71
2024-08-09,Store_B,Rice_5kg,Staples,60.0,60.0,1,118
2024-08-10,Store_B,Rice_5kg,Staples,60.0,60.0,0,102
2024-08-11,Store_B,Rice_5kg,Staples,60.0,60.0,0,98
2024-08-12,Store_B,Rice_5kg,Staples,62.74,60.0,0,55
2024-08-13,Store_B,Rice_5kg,Staples,60.0,60.0,1,70
2024-08-14,Store_B,Rice_5kg,Staples,60.0,60.0,0,71
2024-08-15,Store_B,Rice_5kg,Staples,51.78,60.0,0,92
2024-08-16,Store_B,Rice_5kg,Staples,64.71,60.0,0,74
2024-08-17,Store_B,Rice_5kg,Staples,60.0,60.0,0,107
2024-08-18,Store_B,Rice_5kg,Staples,60.0,60.0,0,98
2024-08-19,Store_B,Rice_5kg,Staples,60.0,60.0,1,100
2024-08-20,Store_B,Rice_5kg,Staples,60.0,60.0,0,55
2024-08-21,Store_B,Rice_5kg,Staples,60.0,60.0,0,64
2024-08-22,Store_B,Rice_5kg,Staples,60.0,60.0,0,67
2024-08-23,Store_B,Rice_5kg,Staples,60.0,60.0,1,125
2024-08-24,Store_B,Rice_5kg,Staples,60.0,60.0,0,89
2024-08-25,Store_B,Rice_5kg,Staples,60.0,60.0,0,86
2024-08-26,Store_B,Rice_5kg,Staples,60.0,60.0,0,68
2024-08-27,Store_B,Rice_5kg,Staples,57.87,60.0,0,74
2024-08-28,Store_B,Rice_5kg,Staples,60.0,60.0,0,65
2024-08-29,Store_B,Rice_5kg,Staples,60.0,60.0,0,72
2024-08-30,Store_B,Rice_5kg,Staples,62.06,60.0,0,92
2024-08-31,Store_B,Rice_5kg,Staples,60.0,60.0,0,114
2024-09-01,Store_B,Rice_5kg,Staples,60.0,60.0,0,97
2024-09-02,Store_B,Rice_5kg,Staples,60.0,60.0,1,103
2024-09-03,Store_B,Rice_5kg,Staples,60.0,60.0,0,81
2024-09-04,Store_B,Rice_5kg,Staples,60.91,60.0,0,71
2024-09-05,Store_B,Rice_5kg,Staples,60.0,60.0,0,74
2024-09-06,Store_B,Rice_5kg,Staples,59.84,60.0,0,100
2024-09-07,Store_B,Rice_5kg,Staples,60.0,60.0,0,104
2024-09-08,Store_B,Rice_5kg,Staples,68.72,60.0,0,92
2024-09-09,Store_B,Rice_5kg,Staples,60.0,60.0,0,78
2024-09-10,Store_B,Rice_5kg,Staples,60.0,60.0,0,70
2024-09-11,Store_B,Rice_5kg,Staples,60.0,60.0,0,68
2024-09-12,Store_B,Rice_5kg,Staples,60.0,60.0,0,87
2024-09-13,Store_B,Rice_5kg,Staples,60.0,60.0,1,137
2024-09-14,Store_B,Rice_5kg,Staples,60.0,60.0,0,106
2024-09-15,Store_B,Rice_5kg,Staples,60.0,60.0,0,98
2024-09-16,Store_B,Rice_5kg,Staples,60.0,60.0,0,73
2024-09-17,Store_B,Rice_5kg,Staples,65.19,60.0,0,62
2024-09-18,Store_B,Rice_5kg,Staples,60.0,60.0,0,87
2024-09-19,Store_B,Rice_5kg,Staples,60.0,60.0,0,82
2024-09-20,Store_B,Rice_5kg,Staples,54.57,60.0,0,104
2024-09-21,Store_B,Rice_5kg,Staples,60.0,60.0,0,119
2024-09-22,Store_B,Rice_5kg,Staples,60.0,60.0,0,109
2024-09-23,Store_B,Rice_5kg,Staples,60.0,60.0,0,80
2024-09-24,Store_B,Rice_5kg,Staples,60.0,60.0,0,74
2024-09-25,Store_B,Rice_5kg,Staples,62.41,60.0,1,85
2024-09-26,Store_B,Rice_5kg,Staples,60.0,60.0,0,81
2024-09-27,Store_B,Rice_5kg,Staples,60.0,60.0,0,88
2024-09-28,Store_B,Rice_5kg,Staples,60.0,60.0,0,116
2024-09-29,Store_B,Rice_5kg,Staples,60.0,60.0,0,106
2024-09-30,Store_B,Rice_5kg,Staples,60.0,60.0,0,80
2024-10-01,Store_B,Rice_5kg,Staples,60.0,60.0,0,98
2024-10-02,Store_B,Rice_5kg,Staples,60.0,60.0,0,110
2024-10-03,Store_B,Rice_5kg,Staples,60.0,60.0,0,125
2024-10-04,Store_B,Rice_5kg,Staples,60.0,60.0,1,215
2024-10-05,Store_B,Rice_5kg,Staples,60.0,60.0,0,166
2024-10-06,Store_B,Rice_5kg,Staples,60.0,60.0,0,160
2024-10-07,Store_B,Rice_5kg,Staples,60.0,60.0,0,103
2024-10-08,Store_B,Rice_5kg,Staples,48.63,60.0,0,127
2024-10-09,Store_B,Rice_5kg,Staples,60.0,60.0,0,100
2024-10-10,Store_B,Rice_5kg,Staples,60.0,60.0,0,123
2024-10-11,Store_B,Rice_5kg,Staples,59.74,60.0,0,156
2024-10-12,Store_B,Rice_5kg,Staples,60.0,60.0,0,155
2024-10-13,Store_B,Rice_5kg,Staples,60.0,60.0,0,139
2024-10-14,Store_B,Rice_5kg,Staples,60.0,60.0,0,101
2024-10-15,Store_B,Rice_5kg,Staples,59.55,60.0,0,115
2024-10-16,Store_B,Rice_5kg,Staples,60.0,60.0,0,106
2024-10-17,Store_B,Rice_5kg,Staples,60.0,60.0,0,115
2024-10-18,Store_B,Rice_5kg,Staples,60.0,60.0,0,129
2024-10-19,Store_B,Rice_5kg,Staples,60.0,60.0,0,187
2024-10-20,Store_B,Rice_5kg,Staples,49.5,60.0,0,158
2024-10-21,Store_B,Rice_5kg,Staples,60.0,60.0,0,114
2024-10-22,Store_B,Rice_5kg,Staples,60.0,60.0,0,100
2024-10-23,Store_B,Rice_5kg,Staples,51.85,60.0,0,131
2024-10-24,Store_B,Rice_5kg,Staples,60.0,60.0,0,125
2024-10-25,Store_B,Rice_5kg,Staples,60.0,60.0,0,145
2024-10-26,Store_B,Rice_5kg,Staples,60.0,60.0,0,184
2024-10-27,Store_B,Rice_5kg,Staples,60.0,60.0,1,215
2024-10-28,Store_B,Rice_5kg,Staples,60.0,60.0,0,126
2024-10-29,Store_B,Rice_5kg,Staples,60.0,60.0,1,171
2024-10-30,Store_B,Rice_5kg,Staples,60.0,60.0,1,170
2024-10-31,Store_B,Rice_5kg,Staples,63.22,60.0,0,116
2024-11-01,Store_B,Rice_5kg,Staples,60.0,60.0,1,178
2024-11-02,Store_B,Rice_5kg,Staples,60.0,60.0,0,200
2024-11-03,Store_B,Rice_5kg,Staples,60.0,60.0,0,153
2024-11-04,Store_B,Rice_5kg,Staples,64.79,60.0,0,109
2024-11-05,Store_B,Rice_5kg,Staples,60.0,60.0,0,121
2024-11-06,Store_B,Rice_5kg,Staples,60.0,60.0,0,111
2024-11-07,Store_B,Rice_5kg,Staples,60.0,60.0,1,170
2024-11-08,Store_B,Rice_5kg,Staples,60.0,60.0,0,168
2024-11-09,Store_B,Rice_5kg,Staples,60.0,60.0,0,206
2024-11-10,Store_B,Rice_5kg,Staples,60.0,60.0,0,164
2024-11-11,Store_B,Rice_5kg,Staples,60.0,60.0,0,107
2024-11-12,Store_B,Rice_5kg,Staples,60.0,60.0,1,155
2024-11-13,Store_B,Rice_5kg,Staples,49.08,60.0,0,143
2024-11-14,Store_B,Rice_5kg,Staples,60.0,60.0,0,149
2024-11-15,Store_B,Rice_5kg,Staples,65.18,60.0,0,144
2024-11-16,Store_B,Rice_5kg,Staples,60.0,60.0,0,203
2024-11-17,Store_B,Rice_5kg,Staples,60.0,60.0,0,191
2024-11-18,Store_B,Rice_5kg,Staples,60.0,60.0,0,125
2024-11-19,Store_B,Rice_5kg,Staples,66.0,60.0,0,109
2024-11-20,Store_B,Rice_5kg,Staples,60.0,60.0,0,133
2024-11-21,Store_B,Rice_5kg,Staples,60.0,60.0,0,133
2024-11-22,Store_B,Rice_5kg,Staples,60.0,60.0,0,164
2024-11-23,Store_B,Rice_5kg,Staples,54.12,60.0,0,250
2024-11-24,Store_B,Rice_5kg,Staples,60.0,60.0,0,192
2024-11-25,Store_B,Rice_5kg,Staples,60.0,60.0,0,142
2024-11-26,Store_B,Rice_5kg,Staples,60.0,60.0,0,124
2024-11-27,Store_B,Rice_5kg,Staples,50.19,60.0,0,165
2024-11-28,Store_B,Rice_5kg,Staples,60.0,60.0,1,187
2024-11-29,Store_B,Rice_5kg,Staples,60.0,60.0,0,136
2024-11-30,Store_B,Rice_5kg,Staples,62.23,60.0,0,184
2024-12-01,Store_B,Rice_5kg,Staples,60.0,60.0,0,167
2024-12-02,Store_B,Rice_5kg,Staples,60.0,60.0,0,131
2024-12-03,Store_B,Rice_5kg,Staples,60.0,60.0,0,110
2024-12-04,Store_B,Rice_5kg,Staples,60.0,60.0,0,102
2024-12-05,Store_B,Rice_5kg,Staples,60.0,60.0,0,97
2024-12-06,Store_B,Rice_5kg,Staples,60.0,60.0,0,146
2024-12-07,Store_B,Rice_5kg,Staples,60.0,60.0,0,166
2024-12-08,Store_B,Rice_5kg,Staples,60.0,60.0,0,167
2024-12-09,Store_B,Rice_5kg,Staples,60.0,60.0,0,111
2024-12-10,Store_B,Rice_5kg,Staples,60.0,60.0,0,115
2024-12-11,Store_B,Rice_5kg,Staples,60.0,60.0,0,97
2024-12-12,Store_B,Rice_5kg,Staples,60.0,60.0,0,127
2024-12-13,Store_B,Rice_5kg,Staples,60.0,60.0,0,147
2024-12-14,Store_B,Rice_5kg,Staples,60.0,60.0,0,202
2024-12-15,Store_B,Rice_5kg,Staples,60.0,60.0,0,164
2024-12-16,Store_B,Rice_5kg,Staples,60.0,60.0,0,123
2024-12-17,Store_B,Rice_5kg,Staples,60.0,60.0,0,106
2024-12-18,Store_B,Rice_5kg,Staples,60.0,60.0,0,112
2024-12-19,Store_B,Rice_5kg,Staples,60.0,60.0,1,159
2024-12-20,Store_B,Rice_5kg,Staples,60.0,60.0,0,169
2024-12-21,Store_B,Rice_5kg,Staples,60.0,60.0,0,191
2024-12-22,Store_B,Rice_5kg,Staples,60.0,60.0,0,159
2024-12-23,Store_B,Rice_5kg,Staples,60.0,60.0,1,183
2024-12-24,Store_B,Rice_5kg,Staples,60.0,60.0,0,103
2024-12-25,Store_B,Rice_5kg,Staples,60.0,60.0,0,128
2024-12-26,Store_B,Rice_5kg,Staples,60.0,60.0,0,120
2024-12-27,Store_B,Rice_5kg,Staples,60.0,60.0,0,144
2024-12-28,Store_B,Rice_5kg,Staples,60.0,60.0,0,178
2024-12-29,Store_B,Rice_5kg,Staples,60.0,60.0,0,153
2024-12-30,Store_B,Rice_5kg,Staples,60.0,60.0,0,123
2024-12-31,Store_B,Rice_5kg,Staples,60.0,60.0,0,115
2025-01-01,Store_B,Rice_5kg,Staples,60.0,60.0,0,104
2025-01-02,Store_B,Rice_5kg,Staples,60.0,60.0,0,109
2025-01-03,Store_B,Rice_5kg,Staples,60.0,60.0,0,140
2025-01-04,Store_B,Rice_5kg,Staples,60.0,60.0,1,188
2025-01-05,Store_B,Rice_5kg,Staples,60.0,60.0,0,130
2025-01-06,Store_B,Rice_5kg,Staples,50.93,60.0,0,112
2025-01-07,Store_B,Rice_5kg,Staples,60.0,60.0,0,79
2025-01-08,Store_B,Rice_5kg,Staples,60.0,60.0,0,100
2025-01-09,Store_B,Rice_5kg,Staples,60.0,60.0,0,127
2025-01-10,Store_B,Rice_5kg,Staples,60.0,60.0,0,119
2025-01-11,Store_B,Rice_5kg,Staples,65.79,60.0,0,122
2025-01-12,Store_B,Rice_5kg,Staples,60.0,60.0,0,133
2025-01-13,Store_B,Rice_5kg,Staples,60.0,60.0,0,104
2025-01-14,Store_B,Rice_5kg,Staples,60.0,60.0,1,126
2025-01-15,Store_B,Rice_5kg,Staples,60.0,60.0,0,93
2025-01-16,Store_B,Rice_5kg,Staples,60.0,60.0,0,95
2025-01-17,Store_B,Rice_5kg,Staples,60.0,60.0,0,127
2025-01-18,Store_B,Rice_5kg,Staples,60.0,60.0,0,153
2025-01-19,Store_B,Rice_5kg,Staples,60.0,60.0,0,155
2025-01-20,Store_B,Rice_5kg,Staples,60.0,60.0,0,108
2025-01-21,Store_B,Rice_5kg,Staples,60.0,60.0,0,89
2025-01-22,Store_B,Rice_5kg,Staples,60.0,60.0,0,107
2025-01-23,Store_B,Rice_5kg,Staples,62.41,60.0,0,92
2025-01-24,Store_B,Rice_5kg,Staples,60.0,60.0,0,126
2025-01-25,Store_B,Rice_5kg,Staples,60.0,60.0,0,166
2025-01-26,Store_B,Rice_5kg,Staples,60.0,60.0,0,141
2025-01-27,Store_B,Rice_5kg,Staples,60.0,60.0,0,109
2025-01-28,Store_B,Rice_5kg,Staples,60.0,60.0,0,97
2025-01-29,Store_B,Rice_5kg,Staples,60.0,60.0,0,111
2025-01-30,Store_B,Rice_5kg,Staples,60.0,60.0,0,97
2025-01-31,Store_B,Rice_5kg,Staples,60.0,60.0,0,130
2025-02-01,Store_B,Rice_5kg,Staples,60.0,60.0,0,161
2025-02-02,Store_B,Rice_5kg,Staples,60.0,60.0,0,120
2025-02-03,Store_B,Rice_5kg,Staples,60.0,60.0,0,82
2025-02-04,Store_B,Rice_5kg,Staples,60.0,60.0,0,112
2025-02-05,Store_B,Rice_5kg,Staples,60.0,60.0,0,104
2025-02-06,Store_B,Rice_5kg,Staples,60.0,60.0,0,94
2025-02-07,Store_B,Rice_5kg,Staples,60.0,60.0,0,133
2025-02-08,Store_B,Rice_5kg,Staples,60.0,60.0,0,140
2025-02-09,Store_B,Rice_5kg,Staples,60.0,60.0,0,128
2025-02-10,Store_B,Rice_5kg,Staples,60.0,60.0,0,113
2025-02-11,Store_B,Rice_5kg,Staples,60.0,60.0,0,93
2025-02-12,Store_B,Rice_5kg,Staples,56.71,60.0,0,106
2025-02-13,Store_B,Rice_5kg,Staples,60.0,60.0,0,107
2025-02-14,Store_B,Rice_5kg,Staples,60.0,60.0,0,124
2025-02-15,Store_B,Rice_5kg,Staples,60.0,60.0,0,158
2025-02-16,Store_B,Rice_5kg,Staples,60.0,60.0,0,136
2025-02-17,Store_B,Rice_5kg,Staples,60.0,60.0,0,121
2025-02-18,Store_B,Rice_5kg,Staples,60.0,60.0,0,90
2025-02-19,Store_B,Rice_5kg,Staples,60.0,60.0,0,112
2025-02-20,Store_B,Rice_5kg,Staples,58.92,60.0,0,129
2025-02-21,Store_B,Rice_5kg,Staples,60.0,60.0,0,139
2025-02-22,Store_B,Rice_5kg,Staples,60.0,60.0,0,147
2025-02-23,Store_B,Rice_5kg,Staples,60.0,60.0,0,128
2025-02-24,Store_B,Rice_5kg,Staples,60.0,60.0,0,98
2025-02-25,Store_B,Rice_5kg,Staples,60.0,60.0,0,89
2025-02-26,Store_B,Rice_5kg,Staples,60.0,60.0,0,99
2025-02-27,Store_B,Rice_5kg,Staples,60.0,60.0,0,106
2025-02-28,Store_B,Rice_5kg,Staples,60.0,60.0,0,138
2025-03-01,Store_B,Rice_5kg,Staples,60.0,60.0,0,159
2025-03-02,Store_B,Rice_5kg,Staples,60.0,60.0,0,132
2025-03-03,Store_B,Rice_5kg,Staples,60.0,60.0,0,115
2025-03-04,Store_B,Rice_5kg,Staples,62.01,60.0,0,85
2025-03-05,Store_B,Rice_5kg,Staples,60.0,60.0,0,105
2025-03-06,Store_B,Rice_5kg,Staples,60.0,60.0,0,119
2025-03-07,Store_B,Rice_5kg,Staples,60.0,60.0,0,156
2025-03-08,Store_B,Rice_5kg,Staples,60.0,60.0,0,150
2025-03-09,Store_B,Rice_5kg,Staples,56.93,60.0,0,146
2025-03-10,Store_B,Rice_5kg,Staples,60.0,60.0,0,104
2025-03-11,Store_B,Rice_5kg,Staples,60.0,60.0,0,99
2025-03-12,Store_B,Rice_5kg,Staples,60.0,60.0,0,103
2025-03-13,Store_B,Rice_5kg,Staples,60.0,60.0,0,117
2025-03-14,Store_B,Rice_5kg,Staples,68.04,60.0,0,118
2025-03-15,Store_B,Rice_5kg,Staples,60.0,60.0,1,216
2025-03-16,Store_B,Rice_5kg,Staples,64.59,60.0,0,111
2025-03-17,Store_B,Rice_5kg,Staples,60.0,60.0,0,108
2025-03-18,Store_B,Rice_5kg,Staples,60.0,60.0,0,93
2025-03-19,Store_B,Rice_5kg,Staples,60.0,60.0,0,114
2025-03-20,Store_B,Rice_5kg,Staples,60.0,60.0,0,96
2025-03-21,Store_B,Rice_5kg,Staples,54.86,60.0,0,151
2025-03-22,Store_B,Rice_5kg,Staples,60.0,60.0,0,148
2025-03-23,Store_B,Rice_5kg,Staples,62.34,60.0,0,110
2025-03-24,Store_B,Rice_5kg,Staples,50.29,60.0,0,120
2025-03-25,Store_B,Rice_5kg,Staples,51.07,60.0,0,135
2025-03-26,Store_B,Rice_5kg,Staples,60.0,60.0,0,109
2025-03-27,Store_B,Rice_5kg,Staples,67.02,60.0,0,92
2025-03-28,Store_B,Rice_5kg,Staples,53.57,60.0,1,211
2025-03-29,Store_B,Rice_5kg,Staples,60.0,60.0,0,149
2025-03-30,Store_B,Rice_5kg,Staples,60.0,60.0,0,124
2025-03-31,Store_B,Rice_5kg,Staples,60.0,60.0,0,100
2025-04-01,Store_B,Rice_5kg,Staples,60.0,60.0,0,79
2025-04-02,Store_B,Rice_5kg,Staples,60.0,60.0,0,102
2025-04-03,Store_B,Rice_5kg,Staples,60.0,60.0,0,109
2025-04-04,Store_B,Rice_5kg,Staples,60.0,60.0,0,114
2025-04-05,Store_B,Rice_5kg,Staples,60.0,60.0,0,162
2025-04-06,Store_B,Rice_5kg,Staples,60.0,60.0,0,141
2025-04-07,Store_B,Rice_5kg,Staples,60.0,60.0,0,100
2025-04-08,Store_B,Rice_5kg,Staples,61.0,60.0,0,104
2025-04-09,Store_B,Rice_5kg,Staples,56.35,60.0,0,102
2025-04-10,Store_B,Rice_5kg,Staples,60.0,60.0,0,104
2025-04-11,Store_B,Rice_5kg,Staples,60.0,60.0,0,132
2025-04-12,Store_B,Rice_5kg,Staples,60.0,60.0,0,129
2025-04-13,Store_B,Rice_5kg,Staples,60.0,60.0,0,111
2025-04-14,Store_B,Rice_5kg,Staples,51.66,60.0,0,121
2025-04-15,Store_B,Rice_5kg,Staples,63.44,60.0,0,101
2025-04-16,Store_B,Rice_5kg,Staples,60.0,60.0,0,99
2025-04-17,Store_B,Rice_5kg,Staples,51.41,60.0,0,123
2025-04-18,Store_B,Rice_5kg,Staples,60.0,60.0,0,104
2025-04-19,Store_B,Rice_5kg,Staples,60.94,60.0,0,139
2025-04-20,Store_B,Rice_5kg,Staples,60.0,60.0,0,139
2025-04-21,Store_B,Rice_5kg,Staples,49.92,60.0,0,120
2025-04-22,Store_B,Rice_5kg,Staples,60.0,60.0,0,91
2025-04-23,Store_B,Rice_5kg,Staples,60.0,60.0,0,75
2025-04-24,Store_B,Rice_5kg,Staples,60.0,60.0,0,89
2025-04-25,Store_B,Rice_5kg,Staples,60.0,60.0,0,137
2025-04-26,Store_B,Rice_5kg,Staples,60.0,60.0,1,188
2025-04-27,Store_B,Rice_5kg,Staples,60.0,60.0,0,120
2025-04-28,Store_B,Rice_5kg,Staples,60.0,60.0,0,89
2025-04-29,Store_B,Rice_5kg,Staples,60.0,60.0,0,96
2025-04-30,Store_B,Rice_5kg,Staples,60.0,60.0,0,107
2025-05-01,Store_B,Rice_5kg,Staples,60.0,60.0,0,109
2025-05-02,Store_B,Rice_5kg,Staples,60.0,60.0,0,100
2025-05-03,Store_B,Rice_5kg,Staples,64.65,60.0,0,127
2025-05-04,Store_B,Rice_5kg,Staples,60.0,60.0,0,115
2025-05-05,Store_B,Rice_5kg,Staples,60.0,60.0,0,107
2025-05-06,Store_B,Rice_5kg,Staples,60.0,60.0,0,88
2025-05-07,Store_B,Rice_5kg,Staples,60.0,60.0,0,86
2025-05-08,Store_B,Rice_5kg,Staples,60.0,60.0,0,112
2025-05-09,Store_B,Rice_5kg,Staples,57.96,60.0,0,128
2025-05-10,Store_B,Rice_5kg,Staples,60.0,60.0,0,157
2025-05-11,Store_B,Rice_5kg,Staples,60.0,60.0,0,121
2025-05-12,Store_B,Rice_5kg,Staples,60.0,60.0,0,93
2025-05-13,Store_B,Rice_5kg,Staples,60.0,60.0,0,89
2025-05-14,Store_B,Rice_5kg,Staples,50.87,60.0,0,104
2025-05-15,Store_B,Rice_5kg,Staples,60.0,60.0,0,93
2025-05-16,Store_B,Rice_5kg,Staples,54.7,60.0,0,135
2025-05-17,Store_B,Rice_5kg,Staples,60.0,60.0,0,127
2025-05-18,Store_B,Rice_5kg,Staples,55.41,60.0,0,132
2025-05-19,Store_B,Rice_5kg,Staples,56.56,60.0,0,106
2025-05-20,Store_B,Rice_5kg,Staples,60.69,60.0,0,85
2025-05-21,Store_B,Rice_5kg,Staples,66.12,60.0,0,86
2025-05-22,Store_B,Rice_5kg,Staples,60.0,60.0,0,106
2025-05-23,Store_B,Rice_5kg,Staples,60.0,60.0,0,128
2025-05-24,Store_B,Rice_5kg,Staples,60.0,60.0,0,125
2025-05-25,Store_B,Rice_5kg,Staples,59.58,60.0,0,146
2025-05-26,Store_B,Rice_5kg,Staples,60.0,60.0,0,100
2025-05-27,Store_B,Rice_5kg,Staples,60.0,60.0,0,76
2025-05-28,Store_B,Rice_5kg,Staples,60.0,60.0,0,89
2025-05-29,Store_B,Rice_5kg,Staples,60.0,60.0,0,97
2025-05-30,Store_B,Rice_5kg,Staples,60.0,60.0,0,116
2025-05-31,Store_B,Rice_5kg,Staples,60.0,60.0,0,132
2025-06-01,Store_B,Rice_5kg,Staples,60.0,60.0,0,121
2025-06-02,Store_B,Rice_5kg,Staples,60.0,60.0,0,91
2025-06-03,Store_B,Rice_5kg,Staples,60.0,60.0,0,80
2025-06-04,Store_B,Rice_5kg,Staples,50.2,60.0,1,163
2025-06-05,Store_B,Rice_5kg,Staples,60.0,60.0,0,94
2025-06-06,Store_B,Rice_5kg,Staples,60.0,60.0,0,100
2025-06-07,Store_B,Rice_5kg,Staples,60.0,60.0,0,121
2025-06-08,Store_B,Rice_5kg,Staples,60.0,60.0,0,146
2025-06-09,Store_B,Rice_5kg,Staples,55.16,60.0,0,100
2025-06-10,Store_B,Rice_5kg,Staples,65.43,60.0,0,87
2025-06-11,Store_B,Rice_5kg,Staples,60.0,60.0,0,90
2025-06-12,Store_B,Rice_5kg,Staples,60.0,60.0,0,90
2025-06-13,Store_B,Rice_5kg,Staples,48.74,60.0,0,108
2025-06-14,Store_B,Rice_5kg,Staples,60.0,60.0,0,133
2025-06-15,Store_B,Rice_5kg,Staples,60.0,60.0,0,126
2025-06-16,Store_B,Rice_5kg,Staples,54.85,60.0,0,94
2025-06-17,Store_B,Rice_5kg,Staples,60.0,60.0,0,84
2025-06-18,Store_B,Rice_5kg,Staples,60.0,60.0,0,82
2025-06-19,Store_B,Rice_5kg,Staples,60.0,60.0,0,101
2025-06-20,Store_B,Rice_5kg,Staples,56.79,60.0,0,115
2025-06-21,Store_B,Rice_5kg,Staples,57.71,60.0,0,130
2025-06-22,Store_B,Rice_5kg,Staples,60.0,60.0,0,118
2025-06-23,Store_B,Rice_5kg,Staples,60.0,60.0,0,99
2025-06-24,Store_B,Rice_5kg,Staples,60.0,60.0,0,88
2025-06-25,Store_B,Rice_5kg,Staples,60.0,60.0,0,82
2025-06-26,Store_B,Rice_5kg,Staples,60.0,60.0,0,95
2025-06-27,Store_B,Rice_5kg,Staples,64.82,60.0,0,100
2025-06-28,Store_B,Rice_5kg,Staples,60.0,60.0,0,142
2025-06-29,Store_B,Rice_5kg,Staples,60.0,60.0,0,115
2025-06-30,Store_B,Rice_5kg,Staples,60.0,60.0,0,80
2025-07-01,Store_B,Rice_5kg,Staples,66.86,60.0,0,74
2025-07-02,Store_B,Rice_5kg,Staples,60.0,60.0,1,112
2025-07-03,Store_B,Rice_5kg,Staples,60.0,60.0,0,84
2025-07-04,Store_B,Rice_5kg,Staples,60.0,60.0,0,107
2025-07-05,Store_B,Rice_5kg,Staples,60.0,60.0,0,130
2025-07-06,Store_B,Rice_5kg,Staples,62.83,60.0,0,106
2025-07-07,Store_B,Rice_5kg,Staples,60.0,60.0,0,81
2025-07-08,Store_B,Rice_5kg,Staples,60.0,60.0,0,71
2025-07-09,Store_B,Rice_5kg,Staples,60.0,60.0,0,77
2025-07-10,Store_B,Rice_5kg,Staples,60.0,60.0,0,103
2025-07-11,Store_B,Rice_5kg,Staples,60.0,60.0,0,107
2025-07-12,Store_B,Rice_5kg,Staples,60.0,60.0,0,133
2025-07-13,Store_B,Rice_5kg,Staples,60.0,60.0,0,113
2025-07-14,Store_B,Rice_5kg,Staples,60.9,60.0,1,109
2025-07-15,Store_B,Rice_5kg,Staples,60.0,60.0,0,72
2025-07-16,Store_B,Rice_5kg,Staples,60.0,60.0,0,76
2025-07-17,Store_B,Rice_5kg,Staples,49.59,60.0,0,124
2025-07-18,Store_B,Rice_5kg,Staples,60.0,60.0,0,113
2025-07-19,Store_B,Rice_5kg,Staples,60.0,60.0,0,130
2025-07-20,Store_B,Rice_5kg,Staples,60.0,60.0,0,104
2025-07-21,Store_B,Rice_5kg,Staples,60.0,60.0,0,101
2025-07-22,Store_B,Rice_5kg,Staples,61.67,60.0,0,99
2025-07-23,Store_B,Rice_5kg,Staples,62.55,60.0,0,72
2025-07-24,Store_B,Rice_5kg,Staples,49.56,60.0,0,117
2025-07-25,Store_B,Rice_5kg,Staples,48.74,60.0,0,154
2025-07-26,Store_B,Rice_5kg,Staples,60.0,60.0,0,133
2025-07-27,Store_B,Rice_5kg,Staples,60.0,60.0,0,102
2025-07-28,Store_B,Rice_5kg,Staples,60.0,60.0,0,87
2025-07-29,Store_B,Rice_5kg,Staples,60.0,60.0,0,91
2025-07-30,Store_B,Rice_5kg,Staples,60.0,60.0,0,85
2025-07-31,Store_B,Rice_5kg,Staples,53.9,60.0,0,102
2025-08-01,Store_B,Rice_5kg,Staples,60.0,60.0,0,110
2025-08-02,Store_B,Rice_5kg,Staples,60.0,60.0,0,125
2025-08-03,Store_B,Rice_5kg,Staples,60.0,60.0,0,120
2025-08-04,Store_B,Rice_5kg,Staples,60.0,60.0,0,83
2025-08-05,Store_B,Rice_5kg,Staples,60.0,60.0,0,81
2025-08-06,Store_B,Rice_5kg,Staples,60.0,60.0,0,84
2025-08-07,Store_B,Rice_5kg,Staples,60.0,60.0,0,92
2025-08-08,Store_B,Rice_5kg,Staples,60.0,60.0,0,109
2025-08-09,Store_B,Rice_5kg,Staples,60.0,60.0,1,172
2025-08-10,Store_B,Rice_5kg,Staples,60.0,60.0,0,128
2025-08-11,Store_B,Rice_5kg,Staples,60.0,60.0,0,81
2025-08-12,Store_B,Rice_5kg,Staples,60.0,60.0,0,84
2025-08-13,Store_B,Rice_5kg,Staples,60.0,60.0,0,78
2025-08-14,Store_B,Rice_5kg,Staples,49.72,60.0,0,126
2025-08-15,Store_B,Rice_5kg,Staples,51.21,60.0,0,161
2025-08-16,Store_B,Rice_5kg,Staples,60.0,60.0,0,122
2025-08-17,Store_B,Rice_5kg,Staples,60.0,60.0,0,136
2025-08-18,Store_B,Rice_5kg,Staples,62.68,60.0,1,108
2025-08-19,Store_B,Rice_5kg,Staples,60.0,60.0,0,93
2025-08-20,Store_B,Rice_5kg,Staples,60.0,60.0,0,76
2025-08-21,Store_B,Rice_5kg,Staples,60.0,60.0,0,97
2025-08-22,Store_B,Rice_5kg,Staples,48.59,60.0,0,154
2025-08-23,Store_B,Rice_5kg,Staples,60.0,60.0,0,126
2025-08-24,Store_B,Rice_5kg,Staples,68.75,60.0,0,100
2025-08-25,Store_B,Rice_5kg,Staples,60.0,60.0,0,88
2025-08-26,Store_B,Rice_5kg,Staples,60.0,60.0,0,79
2025-08-27,Store_B,Rice_5kg,Staples,60.0,60.0,0,92
2025-08-28,Store_B,Rice_5kg,Staples,60.0,60.0,0,86
2025-08-29,Store_B,Rice_5kg,Staples,66.06,60.0,0,109
2025-08-30,Store_B,Rice_5kg,Staples,60.0,60.0,0,114
2025-08-31,Store_B,Rice_5kg,Staples,60.0,60.0,0,111
2025-09-01,Store_B,Rice_5kg,Staples,60.0,60.0,0,86
2025-09-02,Store_B,Rice_5kg,Staples,60.0,60.0,0,95
2025-09-03,Store_B,Rice_5kg,Staples,60.0,60.0,0,101
2025-09-04,Store_B,Rice_5kg,Staples,60.0,60.0,0,101
2025-09-05,Store_B,Rice_5kg,Staples,60.0,60.0,0,116
2025-09-06,Store_B,Rice_5kg,Staples,60.0,60.0,0,154
2025-09-07,Store_B,Rice_5kg,Staples,63.2,60.0,0,119
2025-09-08,Store_B,Rice_5kg,Staples,60.0,60.0,0,93
2025-09-09,Store_B,Rice_5kg,Staples,63.27,60.0,0,73
2025-09-10,Store_B,Rice_5kg,Staples,60.0,60.0,0,100
2025-09-11,Store_B,Rice_5kg,Staples,60.0,60.0,0,107
2025-09-12,Store_B,Rice_5kg,Staples,60.0,60.0,0,116
2025-09-13,Store_B,Rice_5kg,Staples,60.0,60.0,0,159
2025-09-14,Store_B,Rice_5kg,Staples,60.0,60.0,0,135
2025-09-15,Store_B,Rice_5kg,Staples,60.0,60.0,0,106
2025-09-16,Store_B,Rice_5kg,Staples,60.0,60.0,0,88
2025-09-17,Store_B,Rice_5kg,Staples,66.06,60.0,0,85
2025-09-18,Store_B,Rice_5kg,Staples,62.77,60.0,0,101
2025-09-19,Store_B,Rice_5kg,Staples,60.0,60.0,0,108
2025-09-20,Store_B,Rice_5kg,Staples,60.0,60.0,0,127
2025-09-21,Store_B,Rice_5kg,Staples,60.0,60.0,0,124
2025-09-22,Store_B,Rice_5kg,Staples,60.0,60.0,0,100
2025-09-23,Store_B,Rice_5kg,Staples,57.07,60.0,0,88
2025-09-24,Store_B,Rice_5kg,Staples,60.0,60.0,0,105
2025-09-25,Store_B,Rice_5kg,Staples,60.0,60.0,0,107
2025-09-26,Store_B,Rice_5kg,Staples,60.0,60.0,0,114
2025-09-27,Store_B,Rice_5kg,Staples,60.0,60.0,0,145
2025-09-28,Store_B,Rice_5kg,Staples,55.02,60.0,0,159
2025-09-29,Store_B,Rice_5kg,Staples,60.0,60.0,0,104
2025-09-30,Store_B,Rice_5kg,Staples,60.0,60.0,1,130
2025-10-01,Store_B,Rice_5kg,Staples,60.0,60.0,0,139
2025-10-02,Store_B,Rice_5kg,Staples,60.0,60.0,0,130
2025-10-03,Store_B,Rice_5kg,Staples,60.0,60.0,0,215
2025-10-04,Store_B,Rice_5kg,Staples,52.39,60.0,0,255
2025-10-05,Store_B,Rice_5kg,Staples,60.0,60.0,0,193
2025-10-06,Store_B,Rice_5kg,Staples,60.0,60.0,1,188
2025-10-07,Store_B,Rice_5kg,Staples,60.0,60.0,0,136
2025-10-08,Store_B,Rice_5kg,Staples,60.0,60.0,0,152
2025-10-09,Store_B,Rice_5kg,Staples,65.83,60.0,0,137
2025-10-10,Store_B,Rice_5kg,Staples,60.0,60.0,0,161
2025-10-11,Store_B,Rice_5kg,Staples,50.12,60.0,0,266
2025-10-12,Store_B,Rice_5kg,Staples,60.0,60.0,0,181
2025-10-13,Store_B,Rice_5kg,Staples,49.66,60.0,0,185
2025-10-14,Store_B,Rice_5kg,Staples,60.0,60.0,0,142
2025-10-15,Store_B,Rice_5kg,Staples,60.0,60.0,0,143
2025-10-16,Store_B,Rice_5kg,Staples,60.0,60.0,0,153
2025-10-17,Store_B,Rice_5kg,Staples,60.0,60.0,0,218
2025-10-18,Store_B,Rice_5kg,Staples,60.0,60.0,1,327
2025-10-19,Store_B,Rice_5kg,Staples,60.0,60.0,0,209
2025-10-20,Store_B,Rice_5kg,Staples,60.0,60.0,1,194
2025-10-21,Store_B,Rice_5kg,Staples,60.0,60.0,0,120
2025-10-22,Store_B,Rice_5kg,Staples,60.0,60.0,0,157
2025-10-23,Store_B,Rice_5kg,Staples,60.0,60.0,0,161
2025-10-24,Store_B,Rice_5kg,Staples,60.0,60.0,0,190
2025-10-25,Store_B,Rice_5kg,Staples,60.0,60.0,0,227
2025-10-26,Store_B,Rice_5kg,Staples,60.0,60.0,0,184
2025-10-27,Store_B,Rice_5kg,Staples,60.0,60.0,0,142
2025-10-28,Store_B,Rice_5kg,Staples,60.0,60.0,0,158
2025-10-29,Store_B,Rice_5kg,Staples,60.0,60.0,0,127
2025-10-30,Store_B,Rice_5kg,Staples,60.0,60.0,0,175
2025-10-31,Store_B,Rice_5kg,Staples,60.0,60.0,0,222
2025-11-01,Store_B,Rice_5kg,Staples,60.0,60.0,0,243
2025-11-02,Store_B,Rice_5kg,Staples,60.0,60.0,0,216
2025-11-03,Store_B,Rice_5kg,Staples,60.0,60.0,0,145
2025-11-04,Store_B,Rice_5kg,Staples,60.0,60.0,0,139
2025-11-05,Store_B,Rice_5kg,Staples,60.0,60.0,0,152
2025-11-06,Store_B,Rice_5kg,Staples,68.88,60.0,0,134
2025-11-07,Store_B,Rice_5kg,Staples,60.0,60.0,0,206
2025-11-08,Store_B,Rice_5kg,Staples,60.0,60.0,0,247
2025-11-09,Store_B,Rice_5kg,Staples,60.0,60.0,0,197
2025-11-10,Store_B,Rice_5kg,Staples,60.0,60.0,0,147
2025-11-11,Store_B,Rice_5kg,Staples,60.0,60.0,0,150
2025-11-12,Store_B,Rice_5kg,Staples,60.0,60.0,0,167
2025-11-13,Store_B,Rice_5kg,Staples,52.53,60.0,0,183
2025-11-14,Store_B,Rice_5kg,Staples,60.0,60.0,0,208
2025-11-15,Store_B,Rice_5kg,Staples,60.0,60.0,1,338
2025-11-16,Store_B,Rice_5kg,Staples,60.0,60.0,0,202
2025-11-17,Store_B,Rice_5kg,Staples,60.0,60.0,0,176
2025-11-18,Store_B,Rice_5kg,Staples,60.0,60.0,0,144
2025-11-19,Store_B,Rice_5kg,Staples,60.0,60.0,0,185
2025-11-20,Store_B,Rice_5kg,Staples,60.0,60.0,0,162
2025-11-21,Store_B,Rice_5kg,Staples,60.0,60.0,0,188
2025-11-22,Store_B,Rice_5kg,Staples,60.0,60.0,0,258
2025-11-23,Store_B,Rice_5kg,Staples,60.0,60.0,0,233
2025-11-24,Store_B,Rice_5kg,Staples,60.0,60.0,0,176
2025-11-25,Store_B,Rice_5kg,Staples,60.0,60.0,0,162
2025-11-26,Store_B,Rice_5kg,Staples,60.0,60.0,0,183
2025-11-27,Store_B,Rice_5kg,Staples,60.0,60.0,0,195
2025-11-28,Store_B,Rice_5kg,Staples,60.0,60.0,0,212
2025-11-29,Store_B,Rice_5kg,Staples,57.71,60.0,0,275
2025-11-30,Store_B,Rice_5kg,Staples,60.0,60.0,0,207
2025-12-01,Store_B,Rice_5kg,Staples,55.38,60.0,0,171
2025-12-02,Store_B,Rice_5kg,Staples,60.0,60.0,0,129
2025-12-03,Store_B,Rice_5kg,Staples,60.0,60.0,0,139
2025-12-04,Store_B,Rice_5kg,Staples,60.0,60.0,0,144
2025-12-05,Store_B,Rice_5kg,Staples,60.0,60.0,0,172
2025-12-06,Store_B,Rice_5kg,Staples,60.0,60.0,0,216
2025-12-07,Store_B,Rice_5kg,Staples,57.53,60.0,0,216
2025-12-08,Store_B,Rice_5kg,Staples,60.0,60.0,0,133
2025-12-09,Store_B,Rice_5kg,Staples,60.0,60.0,0,140
2025-12-10,Store_B,Rice_5kg,Staples,60.0,60.0,1,171
2025-12-11,Store_B,Rice_5kg,Staples,60.0,60.0,0,161
2025-12-12,Store_B,Rice_5kg,Staples,60.0,60.0,0,171
2025-12-13,Store_B,Rice_5kg,Staples,60.0,60.0,0,204
2025-12-14,Store_B,Rice_5kg,Staples,60.0,60.0,0,192
2025-12-15,Store_B,Rice_5kg,Staples,60.0,60.0,0,146
2025-12-16,Store_B,Rice_5kg,Staples,60.0,60.0,0,147
2025-12-17,Store_B,Rice_5kg,Staples,60.0,60.0,0,155
2025-12-18,Store_B,Rice_5kg,Staples,60.0,60.0,1,217
2025-12-19,Store_B,Rice_5kg,Staples,60.0,60.0,0,207
2025-12-20,Store_B,Rice_5kg,Staples,60.0,60.0,0,233
2025-12-21,Store_B,Rice_5kg,Staples,60.0,60.0,0,209
2025-12-22,Store_B,Rice_5kg,Staples,60.0,60.0,0,138
2025-12-23,Store_B,Rice_5kg,Staples,60.0,60.0,0,155
2025-12-24,Store_B,Rice_5kg,Staples,60.0,60.0,0,163
2025-12-25,Store_B,Rice_5kg,Staples,51.11,60.0,0,187
2025-12-26,Store_B,Rice_5kg,Staples,60.39,60.0,0,193
2025-12-27,Store_B,Rice_5kg,Staples,52.68,60.0,1,361
2025-12-28,Store_B,Rice_5kg,Staples,60.0,60.0,0,212
2025-12-29,Store_B,Rice_5kg,Staples,60.0,60.0,0,143
2025-12-30,Store_B,Rice_5kg,Staples,48.03,60.0,0,217
2024-01-01,Store_B,Bread_400g,Bakery,35.0,35.0,0,161
2024-01-02,Store_B,Bread_400g,Bakery,35.0,35.0,0,147
2024-01-03,Store_B,Bread_400g,Bakery,35.0,35.0,0,164
2024-01-04,Store_B,Bread_400g,Bakery,35.0,35.0,0,169
2024-01-05,Store_B,Bread_400g,Bakery,35.0,35.0,0,238
2024-01-06,Store_B,Bread_400g,Bakery,35.0,35.0,1,319
2024-01-07,Store_B,Bread_400g,Bakery,28.71,35.0,0,278
2024-01-08,Store_B,Bread_400g,Bakery,35.0,35.0,1,194
2024-01-09,Store_B,Bread_400g,Bakery,35.0,35.0,0,127
2024-01-10,Store_B,Bread_400g,Bakery,35.0,35.0,0,165
2024-01-11,Store_B,Bread_400g,Bakery,35.0,35.0,0,141
2024-01-12,Store_B,Bread_400g,Bakery,35.0,35.0,0,221
2024-01-13,Store_B,Bread_400g,Bakery,35.0,35.0,1,335
2024-01-14,Store_B,Bread_400g,Bakery,35.0,35.0,0,228
2024-01-15,Store_B,Bread_400g,Bakery,35.0,35.0,0,163
2024-01-16,Store_B,Bread_400g,Bakery,35.0,35.0,0,159
2024-01-17,Store_B,Bread_400g,Bakery,35.0,35.0,0,141
2024-01-18,Store_B,Bread_400g,Bakery,35.0,35.0,1,240
2024-01-19,Store_B,Bread_400g,Bakery,34.26,35.0,0,206
2024-01-20,Store_B,Bread_400g,Bakery,35.0,35.0,0,222
2024-01-21,Store_B,Bread_400g,Bakery,35.6,35.0,0,196
2024-01-22,Store_B,Bread_400g,Bakery,35.0,35.0,0,164
2024-01-23,Store_B,Bread_400g,Bakery,35.0,35.0,1,179
2024-01-24,Store_B,Bread_400g,Bakery,35.0,35.0,0,180
2024-01-25,Store_B,Bread_400g,Bakery,37.75,35.0,0,149
2024-01-26,Store_B,Bread_400g,Bakery,35.0,35.0,0,205
2024-01-27,Store_B,Bread_400g,Bakery,35.0,35.0,0,243
2024-01-28,Store_B,Bread_400g,Bakery,30.01,35.0,0,231
2024-01-29,Store_B,Bread_400g,Bakery,35.0,35.0,0,156
2024-01-30,Store_B,Bread_400g,Bakery,35.0,35.0,0,163
2024-01-31,Store_B,Bread_400g,Bakery,35.0,35.0,1,195
2024-02-01,Store_B,Bread_400g,Bakery,35.0,35.0,0,163
2024-02-02,Store_B,Bread_400g,Bakery,35.0,35.0,0,171
2024-02-03,Store_B,Bread_400g,Bakery,35.0,35.0,0,229
2024-02-04,Store_B,Bread_400g,Bakery,35.0,35.0,0,213
2024-02-05,Store_B,Bread_400g,Bakery,35.0,35.0,0,168
2024-02-06,Store_B,Bread_400g,Bakery,35.0,35.0,0,127
2024-02-07,Store_B,Bread_400g,Bakery,35.0,35.0,0,159
2024-02-08,Store_B,Bread_400g,Bakery,35.0,35.0,0,192
2024-02-09,Store_B,Bread_400g,Bakery,35.0,35.0,1,209
2024-02-10,Store_B,Bread_400g,Bakery,35.0,35.0,0,245
2024-02-11,Store_B,Bread_400g,Bakery,35.0,35.0,0,189
2024-02-12,Store_B,Bread_400g,Bakery,35.0,35.0,0,153
2024-02-13,Store_B,Bread_400g,Bakery,35.0,35.0,0,154
2024-02-14,Store_B,Bread_400g,Bakery,35.0,35.0,0,149
2024-02-15,Store_B,Bread_400g,Bakery,35.0,35.0,0,169
2024-02-16,Store_B,Bread_400g,Bakery,35.0,35.0,0,204
2024-02-17,Store_B,Bread_400g,Bakery,35.0,35.0,0,234
2024-02-18,Store_B,Bread_400g,Bakery,35.0,35.0,0,187
2024-02-19,Store_B,Bread_400g,Bakery,35.0,35.0,0,147
2024-02-20,Store_B,Bread_400g,Bakery,35.0,35.0,0,172
2024-02-21,Store_B,Bread_400g,Bakery,35.0,35.0,0,151
2024-02-22,Store_B,Bread_400g,Bakery,35.0,35.0,0,161
2024-02-23,Store_B,Bread_400g,Bakery,35.0,35.0,0,194
2024-02-24,Store_B,Bread_400g,Bakery,35.0,35.0,0,249
2024-02-25,Store_B,Bread_400g,Bakery,35.0,35.0,0,231
2024-02-26,Store_B,Bread_400g,Bakery,35.0,35.0,1,206
2024-02-27,Store_B,Bread_400g,Bakery,35.0,35.0,0,146
2024-02-28,Store_B,Bread_400g,Bakery,37.38,35.0,0,131
2024-02-29,Store_B,Bread_400g,Bakery,35.0,35.0,0,167
2024-03-01,Store_B,Bread_400g,Bakery,35.0,35.0,0,178
2024-03-02,Store_B,Bread_400g,Bakery,35.0,35.0,0,197
2024-03-03,Store_B,Bread_400g,Bakery,35.0,35.0,0,197
2024-03-04,Store_B,Bread_400g,Bakery,35.0,35.0,0,178
2024-03-05,Store_B,Bread_400g,Bakery,35.0,35.0,0,163
2024-03-06,Store_B,Bread_400g,Bakery,35.0,35.0,0,168
2024-03-07,Store_B,Bread_400g,Bakery,30.94,35.0,0,183
2024-03-08,Store_B,Bread_400g,Bakery,35.0,35.0,0,197
2024-03-09,Store_B,Bread_400g,Bakery,35.0,35.0,0,226
2024-03-10,Store_B,Bread_400g,Bakery,35.0,35.0,0,231
2024-03-11,Store_B,Bread_400g,Bakery,30.19,35.0,0,199
2024-03-12,Store_B,Bread_400g,Bakery,30.31,35.0,0,170
2024-03-13,Store_B,Bread_400g,Bakery,35.0,35.0,0,148
2024-03-14,Store_B,Bread_400g,Bakery,35.0,35.0,0,142
2024-03-15,Store_B,Bread_400g,Bakery,35.0,35.0,0,196
2024-03-16,Store_B,Bread_400g,Bakery,35.0,35.0,1,295
2024-03-17,Store_B,Bread_400g,Bakery,35.0,35.0,0,234
2024-03-18,Store_B,Bread_400g,Bakery,35.0,35.0,0,155
2024-03-19,Store_B,Bread_400g,Bakery,35.0,35.0,0,139
2024-03-20,Store_B,Bread_400g,Bakery,35.0,35.0,1,188
2024-03-21,Store_B,Bread_400g,Bakery,35.0,35.0,0,127
2024-03-22,Store_B,Bread_400g,Bakery,35.0,35.0,0,191
2024-03-23,Store_B,Bread_400g,Bakery,35.0,35.0,0,253
2024-03-24,Store_B,Bread_400g,Bakery,38.95,35.0,0,163
2024-03-25,Store_B,Bread_400g,Bakery,35.0,35.0,0,166
2024-03-26,Store_B,Bread_400g,Bakery,35.0,35.0,0,150
2024-03-27,Store_B,Bread_400g,Bakery,35.0,35.0,0,170
2024-03-28,Store_B,Bread_400g,Bakery,35.0,35.0,0,178
2024-03-29,Store_B,Bread_400g,Bakery,35.0,35.0,0,193
2024-03-30,Store_B,Bread_400g,Bakery,35.0,35.0,0,191
2024-03-31,Store_B,Bread_400g,Bakery,35.0,35.0,0,174
2024-04-01,Store_B,Bread_400g,Bakery,35.0,35.0,0,151
2024-04-02,Store_B,Bread_400g,Bakery,35.66,35.0,0,137
2024-04-03,Store_B,Bread_400g,Bakery,31.9,35.0,0,182
2024-04-04,Store_B,Bread_400g,Bakery,35.0,35.0,0,161
2024-04-05,Store_B,Bread_400g,Bakery,35.0,35.0,0,185
2024-04-06,Store_B,Bread_400g,Bakery,37.85,35.0,0,183
2024-04-07,Store_B,Bread_400g,Bakery,29.49,35.0,0,240
2024-04-08,Store_B,Bread_400g,Bakery,35.0,35.0,0,145
2024-04-09,Store_B,Bread_400g,Bakery,35.0,35.0,0,129
2024-04-10,Store_B,Bread_400g,Bakery,35.0,35.0,0,143
2024-04-11,Store_B,Bread_400g,Bakery,33.38,35.0,0,157
2024-04-12,Store_B,Bread_400g,Bakery,35.0,35.0,0,169
2024-04-13,Store_B,Bread_400g,Bakery,35.0,35.0,0,215
2024-04-14,Store_B,Bread_400g,Bakery,35.0,35.0,1,287
2024-04-15,Store_B,Bread_400g,Bakery,35.0,35.0,0,125
2024-04-16,Store_B,Bread_400g,Bakery,35.0,35.0,0,138
2024-04-17,Store_B,Bread_400g,Bakery,35.0,35.0,0,147
2024-04-18,Store_B,Bread_400g,Bakery,35.0,35.0,0,169
2024-04-19,Store_B,Bread_400g,Bakery,35.0,35.0,0,170
2024-04-20,Store_B,Bread_400g,Bakery,32.48,35.0,0,234
2024-04-21,Store_B,Bread_400g,Bakery,35.0,35.0,0,170
2024-04-22,Store_B,Bread_400g,Bakery,35.0,35.0,0,157
2024-04-23,Store_B,Bread_400g,Bakery,32.81,35.0,0,153
2024-04-24,Store_B,Bread_400g,Bakery,35.0,35.0,0,129
2024-04-25,Store_B,Bread_400g,Bakery,35.0,35.0,0,146
2024-04-26,Store_B,Bread_400g,Bakery,35.0,35.0,0,180
2024-04-27,Store_B,Bread_400g,Bakery,28.89,35.0,0,296
2024-04-28,Store_B,Bread_400g,Bakery,35.0,35.0,1,304
2024-04-29,Store_B,Bread_400g,Bakery,35.0,35.0,0,144
2024-04-30,Store_B,Bread_400g,Bakery,35.0,35.0,0,134
2024-05-01,Store_B,Bread_400g,Bakery,35.0,35.0,0,128
2024-05-02,Store_B,Bread_400g,Bakery,35.0,35.0,0,133
2024-05-03,Store_B,Bread_400g,Bakery,33.19,35.0,1,256
2024-05-04,Store_B,Bread_400g,Bakery,35.0,35.0,0,230
2024-05-05,Store_B,Bread_400g,Bakery,35.0,35.0,0,166
2024-05-06,Store_B,Bread_400g,Bakery,31.74,35.0,0,164
2024-05-07,Store_B,Bread_400g,Bakery,35.0,35.0,0,135
2024-05-08,Store_B,Bread_400g,Bakery,35.0,35.0,0,145
2024-05-09,Store_B,Bread_400g,Bakery,35.0,35.0,0,141
2024-05-10,Store_B,Bread_400g,Bakery,35.0,35.0,1,206
2024-05-11,Store_B,Bread_400g,Bakery,32.2,35.0,0,227
2024-05-12,Store_B,Bread_400g,Bakery,35.0,35.0,0,193
2024-05-13,Store_B,Bread_400g,Bakery,35.0,35.0,0,127
2024-05-14,Store_B,Bread_400g,Bakery,35.0,35.0,0,138
2024-05-15,Store_B,Bread_400g,Bakery,35.0,35.0,0,123
2024-05-16,Store_B,Bread_400g,Bakery,35.0,35.0,0,146
2024-05-17,Store_B,Bread_400g,Bakery,32.01,35.0,0,186
2024-05-18,Store_B,Bread_400g,Bakery,35.0,35.0,0,206
2024-05-19,Store_B,Bread_400g,Bakery,35.0,35.0,0,179
2024-05-20,Store_B,Bread_400g,Bakery,35.0,35.0,0,135
2024-05-21,Store_B,Bread_400g,Bakery,35.0,35.0,0,128
2024-05-22,Store_B,Bread_400g,Bakery,35.0,35.0,0,138
2024-05-23,Store_B,Bread_400g,Bakery,35.0,35.0,0,151
2024-05-24,Store_B,Bread_400g,Bakery,35.0,35.0,0,167
2024-05-25,Store_B,Bread_400g,Bakery,34.64,35.0,0,206
2024-05-26,Store_B,Bread_400g,Bakery,35.0,35.0,0,183
2024-05-27,Store_B,Bread_400g,Bakery,35.0,35.0,0,150
2024-05-28,Store_B,Bread_400g,Bakery,38.35,35.0,0,122
2024-05-29,Store_B,Bread_400g,Bakery,40.01,35.0,0,105
2024-05-30,Store_B,Bread_400g,Bakery,35.0,35.0,0,137
2024-05-31,Store_B,Bread_400g,Bakery,35.0,35.0,0,183
2024-06-01,Store_B,Bread_400g,Bakery,33.71,35.0,0,226
2024-06-02,Store_B,Bread_400g,Bakery,35.0,35.0,0,163
2024-06-03,Store_B,Bread_400g,Bakery,35.0,35.0,0,153
2024-06-04,Store_B,Bread_400g,Bakery,35.0,35.0,0,119
2024-06-05,Store_B,Bread_400g,Bakery,35.0,35.0,0,142
2024-06-06,Store_B,Bread_400g,Bakery,35.0,35.0,0,134
2024-06-07,Store_B,Bread_400g,Bakery,35.0,35.0,0,167
2024-06-08,Store_B,Bread_400g,Bakery,35.0,35.0,0,182
2024-06-09,Store_B,Bread_400g,Bakery,35.0,35.0,0,174
2024-06-10,Store_B,Bread_400g,Bakery,35.0,35.0,0,132
2024-06-11,Store_B,Bread_400g,Bakery,30.13,35.0,0,148
2024-06-12,Store_B,Bread_400g,Bakery,36.01,35.0,0,121
2024-06-13,Store_B,Bread_400g,Bakery,32.69,35.0,0,125
2024-06-14,Store_B,Bread_400g,Bakery,29.79,35.0,0,211
2024-06-15,Store_B,Bread_400g,Bakery,35.0,35.0,0,191
2024-06-16,Store_B,Bread_400g,Bakery,35.0,35.0,0,171
2024-06-17,Store_B,Bread_400g,Bakery,35.0,35.0,0,119
2024-06-18,Store_B,Bread_400g,Bakery,35.0,35.0,0,123
2024-06-19,Store_B,Bread_400g,Bakery,35.0,35.0,0,152
2024-06-20,Store_B,Bread_400g,Bakery,35.0,35.0,0,132
2024-06-21,Store_B,Bread_400g,Bakery,35.0,35.0,0,157
2024-06-22,Store_B,Bread_400g,Bakery,35.0,35.0,0,201
2024-06-23,Store_B,Bread_400g,Bakery,35.0,35.0,0,162
2024-06-24,Store_B,Bread_400g,Bakery,35.0,35.0,0,117
2024-06-25,Store_B,Bread_400g,Bakery,35.0,35.0,0,115
2024-06-26,Store_B,Bread_400g,Bakery,35.0,35.0,0,129
2024-06-27,Store_B,Bread_400g,Bakery,35.0,35.0,0,142
2024-06-28,Store_B,Bread_400g,Bakery,30.73,35.0,0,195
2024-06-29,Store_B,Bread_400g,Bakery,35.0,35.0,0,189
2024-06-30,Store_B,Bread_400g,Bakery,35.0,35.0,0,168
2024-07-01,Store_B,Bread_400g,Bakery,35.0,35.0,0,132
2024-07-02,Store_B,Bread_400g,Bakery,39.24,35.0,0,104
2024-07-03,Store_B,Bread_400g,Bakery,35.0,35.0,0,132
2024-07-04,Store_B,Bread_400g,Bakery,35.0,35.0,0,135
2024-07-05,Store_B,Bread_400g,Bakery,35.0,35.0,0,198
2024-07-06,Store_B,Bread_400g,Bakery,35.0,35.0,0,180
2024-07-07,Store_B,Bread_400g,Bakery,35.0,35.0,0,185
2024-07-08,Store_B,Bread_400g,Bakery,35.0,35.0,0,118
2024-07-09,Store_B,Bread_400g,Bakery,35.0,35.0,0,125
2024-07-10,Store_B,Bread_400g,Bakery,29.54,35.0,0,164
2024-07-11,Store_B,Bread_400g,Bakery,28.64,35.0,0,185
2024-07-12,Store_B,Bread_400g,Bakery,35.0,35.0,0,161
2024-07-13,Store_B,Bread_400g,Bakery,35.0,35.0,0,186
2024-07-14,Store_B,Bread_400g,Bakery,35.0,35.0,0,144
2024-07-15,Store_B,Bread_400g,Bakery,35.0,35.0,0,135
2024-07-16,Store_B,Bread_400g,Bakery,35.0,35.0,0,107
2024-07-17,Store_B,Bread_400g,Bakery,35.0,35.0,0,122
2024-07-18,Store_B,Bread_400g,Bakery,29.75,35.0,0,152
2024-07-19,Store_B,Bread_400g,Bakery,31.41,35.0,0,187
2024-07-20,Store_B,Bread_400g,Bakery,35.0,35.0,0,201
2024-07-21,Store_B,Bread_400g,Bakery,35.0,35.0,0,162
2024-07-22,Store_B,Bread_400g,Bakery,35.0,35.0,0,125
2024-07-23,Store_B,Bread_400g,Bakery,39.65,35.0,0,88
2024-07-24,Store_B,Bread_400g,Bakery,35.0,35.0,0,127
2024-07-25,Store_B,Bread_400g,Bakery,35.0,35.0,0,118
2024-07-26,Store_B,Bread_400g,Bakery,35.0,35.0,1,205
2024-07-27,Store_B,Bread_400g,Bakery,35.0,35.0,0,204
2024-07-28,Store_B,Bread_400g,Bakery,35.0,35.0,0,184
2024-07-29,Store_B,Bread_400g,Bakery,35.0,35.0,0,130
2024-07-30,Store_B,Bread_400g,Bakery,35.0,35.0,0,94
2024-07-31,Store_B,Bread_400g,Bakery,35.0,35.0,0,125
2024-08-01,Store_B,Bread_400g,Bakery,33.56,35.0,0,142
2024-08-02,Store_B,Bread_400g,Bakery,35.0,35.0,0,165
2024-08-03,Store_B,Bread_400g,Bakery,35.0,35.0,0,202
2024-08-04,Store_B,Bread_400g,Bakery,35.0,35.0,0,176
2024-08-05,Store_B,Bread_400g,Bakery,35.0,35.0,0,124
2024-08-06,Store_B,Bread_400g,Bakery,35.0,35.0,0,126
2024-08-07,Store_B,Bread_400g,Bakery,35.0,35.0,0,122
2024-08-08,Store_B,Bread_400g,Bakery,35.0,35.0,0,143
2024-08-09,Store_B,Bread_400g,Bakery,35.0,35.0,0,172
2024-08-10,Store_B,Bread_400g,Bakery,35.0,35.0,1,293
2024-08-11,Store_B,Bread_400g,Bakery,35.0,35.0,0,188
2024-08-12,Store_B,Bread_400g,Bakery,35.0,35.0,0,131
2024-08-13,Store_B,Bread_400g,Bakery,35.2,35.0,0,124
2024-08-14,Store_B,Bread_400g,Bakery,35.0,35.0,0,118
2024-08-15,Store_B,Bread_400g,Bakery,35.0,35.0,0,134
2024-08-16,Store_B,Bread_400g,Bakery,35.0,35.0,0,178
2024-08-17,Store_B,Bread_400g,Bakery,34.0,35.0,0,182
2024-08-18,Store_B,Bread_400g,Bakery,35.0,35.0,1,283
2024-08-19,Store_B,Bread_400g,Bakery,35.0,35.0,0,99
2024-08-20,Store_B,Bread_400g,Bakery,35.0,35.0,0,132
2024-08-21,Store_B,Bread_400g,Bakery,35.0,35.0,0,126
2024-08-22,Store_B,Bread_400g,Bakery,39.29,35.0,0,105
2024-08-23,Store_B,Bread_400g,Bakery,35.0,35.0,0,167
2024-08-24,Store_B,Bread_400g,Bakery,35.0,35.0,0,215
2024-08-25,Store_B,Bread_400g,Bakery,35.0,35.0,0,168
2024-08-26,Store_B,Bread_400g,Bakery,35.0,35.0,0,155
2024-08-27,Store_B,Bread_400g,Bakery,35.0,35.0,0,103
2024-08-28,Store_B,Bread_400g,Bakery,34.51,35.0,1,194
2024-08-29,Store_B,Bread_400g,Bakery,35.0,35.0,0,156
2024-08-30,Store_B,Bread_400g,Bakery,35.0,35.0,1,213
2024-08-31,Store_B,Bread_400g,Bakery,35.0,35.0,0,194
2024-09-01,Store_B,Bread_400g,Bakery,35.0,35.0,0,172
2024-09-02,Store_B,Bread_400g,Bakery,29.89,35.0,0,167
2024-09-03,Store_B,Bread_400g,Bakery,30.32,35.0,0,141
2024-09-04,Store_B,Bread_400g,Bakery,35.0,35.0,0,137
2024-09-05,Store_B,Bread_400g,Bakery,35.0,35.0,0,136
2024-09-06,Store_B,Bread_400g,Bakery,35.0,35.0,0,178
2024-09-07,Store_B,Bread_400g,Bakery,35.0,35.0,0,191
2024-09-08,Store_B,Bread_400g,Bakery,35.0,35.0,0,195
2024-09-09,Store_B,Bread_400g,Bakery,35.0,35.0,0,136
2024-09-10,Store_B,Bread_400g,Bakery,35.0,35.0,0,116
2024-09-11,Store_B,Bread_400g,Bakery,35.0,35.0,0,137
2024-09-12,Store_B,Bread_400g,Bakery,28.88,35.0,0,194
2024-09-13,Store_B,Bread_400g,Bakery,35.0,35.0,0,205
2024-09-14,Store_B,Bread_400g,Bakery,35.0,35.0,0,188
2024-09-15,Store_B,Bread_400g,Bakery,35.0,35.0,0,178
2024-09-16,Store_B,Bread_400g,Bakery,35.0,35.0,0,130
2024-09-17,Store_B,Bread_400g,Bakery,35.0,35.0,0,128
2024-09-18,Store_B,Bread_400g,Bakery,35.0,35.0,0,143
2024-09-19,Store_B,Bread_400g,Bakery,35.0,35.0,0,150
2024-09-20,Store_B,Bread_400g,Bakery,35.0,35.0,0,187
2024-09-21,Store_B,Bread_400g,Bakery,35.0,35.0,0,213
2024-09-22,Store_B,Bread_400g,Bakery,35.0,35.0,0,190
2024-09-23,Store_B,Bread_400g,Bakery,35.81,35.0,0,134
2024-09-24,Store_B,Bread_400g,Bakery,35.0,35.0,0,136
2024-09-25,Store_B,Bread_400g,Bakery,35.0,35.0,0,141
2024-09-26,Store_B,Bread_400g,Bakery,35.0,35.0,0,152
2024-09-27,Store_B,Bread_400g,Bakery,35.0,35.0,0,180
2024-09-28,Store_B,Bread_400g,Bakery,35.0,35.0,0,226
2024-09-29,Store_B,Bread_400g,Bakery,35.0,35.0,0,177
2024-09-30,Store_B,Bread_400g,Bakery,39.93,35.0,0,129
2024-10-01,Store_B,Bread_400g,Bakery,35.0,35.0,0,157
2024-10-02,Store_B,Bread_400g,Bakery,34.67,35.0,0,197
2024-10-03,Store_B,Bread_400g,Bakery,35.0,35.0,0,213
2024-10-04,Store_B,Bread_400g,Bakery,35.0,35.0,0,223
2024-10-05,Store_B,Bread_400g,Bakery,35.0,35.0,0,302
2024-10-06,Store_B,Bread_400g,Bakery,35.0,35.0,0,250
2024-10-07,Store_B,Bread_400g,Bakery,35.0,35.0,0,185
2024-10-08,Store_B,Bread_400g,Bakery,35.0,35.0,0,187
2024-10-09,Store_B,Bread_400g,Bakery,35.0,35.0,0,190
2024-10-10,Store_B,Bread_400g,Bakery,35.0,35.0,0,220
2024-10-11,Store_B,Bread_400g,Bakery,35.0,35.0,0,279
2024-10-12,Store_B,Bread_400g,Bakery,35.0,35.0,0,312
2024-10-13,Store_B,Bread_400g,Bakery,35.0,35.0,0,243
2024-10-14,Store_B,Bread_400g,Bakery,28.97,35.0,0,257
2024-10-15,Store_B,Bread_400g,Bakery,35.0,35.0,0,191
2024-10-16,Store_B,Bread_400g,Bakery,31.03,35.0,0,273
2024-10-17,Store_B,Bread_400g,Bakery,35.0,35.0,0,198
2024-10-18,Store_B,Bread_400g,Bakery,35.0,35.0,0,267
2024-10-19,Store_B,Bread_400g,Bakery,35.0,35.0,1,455
2024-10-20,Store_B,Bread_400g,Bakery,35.0,35.0,0,263
2024-10-21,Store_B,Bread_400g,Bakery,35.0,35.0,1,261
2024-10-22,Store_B,Bread_400g,Bakery,35.0,35.0,0,211
2024-10-23,Store_B,Bread_400g,Bakery,37.92,35.0,0,227
2024-10-24,Store_B,Bread_400g,Bakery,35.0,35.0,0,240
2024-10-25,Store_B,Bread_400g,Bakery,35.0,35.0,0,281
2024-10-26,Store_B,Bread_400g,Bakery,35.0,35.0,0,328
2024-10-27,Store_B,Bread_400g,Bakery,35.0,35.0,0,335
2024-10-28,Store_B,Bread_400g,Bakery,35.0,35.0,0,215
2024-10-29,Store_B,Bread_400g,Bakery,35.0,35.0,0,205
2024-10-30,Store_B,Bread_400g,Bakery,35.0,35.0,0,207
2024-10-31,Store_B,Bread_400g,Bakery,35.0,35.0,0,200
2024-11-01,Store_B,Bread_400g,Bakery,30.97,35.0,0,345
2024-11-02,Store_B,Bread_400g,Bakery,35.0,35.0,0,322
2024-11-03,Store_B,Bread_400g,Bakery,35.0,35.0,0,298
2024-11-04,Store_B,Bread_400g,Bakery,35.0,35.0,0,206
2024-11-05,Store_B,Bread_400g,Bakery,30.52,35.0,0,264
2024-11-06,Store_B,Bread_400g,Bakery,35.0,35.0,0,224
2024-11-07,Store_B,Bread_400g,Bakery,35.0,35.0,0,237
2024-11-08,Store_B,Bread_400g,Bakery,35.0,35.0,0,269
2024-11-09,Store_B,Bread_400g,Bakery,35.0,35.0,0,331
2024-11-10,Store_B,Bread_400g,Bakery,35.0,35.0,1,447
2024-11-11,Store_B,Bread_400g,Bakery,35.0,35.0,0,220
2024-11-12,Store_B,Bread_400g,Bakery,36.74,35.0,0,204
2024-11-13,Store_B,Bread_400g,Bakery,35.0,35.0,0,240
2024-11-14,Store_B,Bread_400g,Bakery,34.85,35.0,0,245
2024-11-15,Store_B,Bread_400g,Bakery,35.0,35.0,0,290
2024-11-16,Store_B,Bread_400g,Bakery,35.0,35.0,0,336
2024-11-17,Store_B,Bread_400g,Bakery,35.0,35.0,0,295
2024-11-18,Store_B,Bread_400g,Bakery,35.0,35.0,0,246
2024-11-19,Store_B,Bread_400g,Bakery,35.0,35.0,0,236
2024-11-20,Store_B,Bread_400g,Bakery,35.0,35.0,0,218
2024-11-21,Store_B,Bread_400g,Bakery,35.0,35.0,0,237
2024-11-22,Store_B,Bread_400g,Bakery,29.0,35.0,0,388
2024-11-23,Store_B,Bread_400g,Bakery,35.0,35.0,0,355
2024-11-24,Store_B,Bread_400g,Bakery,35.0,35.0,0,312
2024-11-25,Store_B,Bread_400g,Bakery,35.0,35.0,0,244
2024-11-26,Store_B,Bread_400g,Bakery,31.7,35.0,0,282
2024-11-27,Store_B,Bread_400g,Bakery,35.0,35.0,0,234
2024-11-28,Store_B,Bread_400g,Bakery,35.0,35.0,0,215
2024-11-29,Store_B,Bread_400g,Bakery,35.0,35.0,0,285
2024-11-30,Store_B,Bread_400g,Bakery,33.15,35.0,0,362
2024-12-01,Store_B,Bread_400g,Bakery,35.0,35.0,0,316
2024-12-02,Store_B,Bread_400g,Bakery,35.0,35.0,0,212
2024-12-03,Store_B,Bread_400g,Bakery,35.0,35.0,0,223
2024-12-04,Store_B,Bread_400g,Bakery,35.0,35.0,0,214
2024-12-05,Store_B,Bread_400g,Bakery,35.0,35.0,0,178
2024-12-06,Store_B,Bread_400g,Bakery,35.0,35.0,0,306
2024-12-07,Store_B,Bread_400g,Bakery,30.19,35.0,0,429
2024-12-08,Store_B,Bread_400g,Bakery,35.0,35.0,0,282
2024-12-09,Store_B,Bread_400g,Bakery,35.0,35.0,1,267
2024-12-10,Store_B,Bread_400g,Bakery,35.0,35.0,0,200
2024-12-11,Store_B,Bread_400g,Bakery,35.0,35.0,0,213
2024-12-12,Store_B,Bread_400g,Bakery,35.0,35.0,1,290
2024-12-13,Store_B,Bread_400g,Bakery,35.0,35.0,0,273
2024-12-14,Store_B,Bread_400g,Bakery,35.0,35.0,0,287
2024-12-15,Store_B,Bread_400g,Bakery,35.0,35.0,0,274
2024-12-16,Store_B,Bread_400g,Bakery,35.0,35.0,0,233
2024-12-17,Store_B,Bread_400g,Bakery,35.0,35.0,1,298
2024-12-18,Store_B,Bread_400g,Bakery,30.5,35.0,0,263
2024-12-19,Store_B,Bread_400g,Bakery,35.0,35.0,0,222
2024-12-20,Store_B,Bread_400g,Bakery,35.0,35.0,0,300
2024-12-21,Store_B,Bread_400g,Bakery,35.0,35.0,0,358
2024-12-22,Store_B,Bread_400g,Bakery,36.61,35.0,0,280
2024-12-23,Store_B,Bread_400g,Bakery,35.0,35.0,0,221
2024-12-24,Store_B,Bread_400g,Bakery,35.0,35.0,0,207
2024-12-25,Store_B,Bread_400g,Bakery,35.0,35.0,1,307
2024-12-26,Store_B,Bread_400g,Bakery,35.0,35.0,0,231
2024-12-27,Store_B,Bread_400g,Bakery,35.0,35.0,0,293
2024-12-28,Store_B,Bread_400g,Bakery,35.0,35.0,0,331
2024-12-29,Store_B,Bread_400g,Bakery,35.0,35.0,0,280
2024-12-30,Store_B,Bread_400g,Bakery,35.0,35.0,0,204
2024-12-31,Store_B,Bread_400g,Bakery,35.0,35.0,0,218
2025-01-01,Store_B,Bread_400g,Bakery,35.0,35.0,0,153
2025-01-02,Store_B,Bread_400g,Bakery,35.0,35.0,0,194
2025-01-03,Store_B,Bread_400g,Bakery,35.0,35.0,0,224
2025-01-04,Store_B,Bread_400g,Bakery,35.0,35.0,0,247
2025-01-05,Store_B,Bread_400g,Bakery,35.0,35.0,0,218
2025-01-06,Store_B,Bread_400g,Bakery,35.0,35.0,0,175
2025-01-07,Store_B,Bread_400g,Bakery,35.0,35.0,0,174
2025-01-08,Store_B,Bread_400g,Bakery,35.0,35.0,0,190
2025-01-09,Store_B,Bread_400g,Bakery,35.0,35.0,0,196
2025-01-10,Store_B,Bread_400g,Bakery,35.0,35.0,0,188
2025-01-11,Store_B,Bread_400g,Bakery,35.0,35.0,0,278
2025-01-12,Store_B,Bread_400g,Bakery,35.0,35.0,1,296
2025-01-13,Store_B,Bread_400g,Bakery,35.0,35.0,0,167
2025-01-14,Store_B,Bread_400g,Bakery,35.0,35.0,0,154
2025-01-15,Store_B,Bread_400g,Bakery,35.0,35.0,0,191
2025-01-16,Store_B,Bread_400g,Bakery,35.0,35.0,0,179
2025-01-17,Store_B,Bread_400g,Bakery,35.0,35.0,0,253
2025-01-18,Store_B,Bread_400g,Bakery,35.0,35.0,0,295
2025-01-19,Store_B,Bread_400g,Bakery,35.0,35.0,0,241
2025-01-20,Store_B,Bread_400g,Bakery,35.0,35.0,0,187
2025-01-21,Store_B,Bread_400g,Bakery,35.0,35.0,0,168
2025-01-22,Store_B,Bread_400g,Bakery,29.15,35.0,0,250
2025-01-23,Store_B,Bread_400g,Bakery,35.0,35.0,0,184
2025-01-24,Store_B,Bread_400g,Bakery,35.0,35.0,0,249
2025-01-25,Store_B,Bread_400g,Bakery,29.75,35.0,0,303
2025-01-26,Store_B,Bread_400g,Bakery,35.0,35.0,0,216
2025-01-27,Store_B,Bread_400g,Bakery,35.0,35.0,0,179
2025-01-28,Store_B,Bread_400g,Bakery,35.0,35.0,1,259
2025-01-29,Store_B,Bread_400g,Bakery,35.0,35.0,0,161
2025-01-30,Store_B,Bread_400g,Bakery,35.0,35.0,0,197
2025-01-31,Store_B,Bread_400g,Bakery,35.0,35.0,0,251
2025-02-01,Store_B,Bread_400g,Bakery,35.0,35.0,0,281
2025-02-02,Store_B,Bread_400g,Bakery,35.0,35.0,1,327
2025-02-03,Store_B,Bread_400g,Bakery,35.0,35.0,0,174
2025-02-04,Store_B,Bread_400g,Bakery,35.0,35.0,0,173
2025-02-05,Store_B,Bread_400g,Bakery,35.0,35.0,0,159
2025-02-06,Store_B,Bread_400g,Bakery,32.23,35.0,0,220
2025-02-07,Store_B,Bread_400g,Bakery,35.0,35.0,0,196
2025-02-08,Store_B,Bread_400g,Bakery,35.0,35.0,0,279
2025-02-09,Store_B,Bread_400g,Bakery,31.17,35.0,0,296
2025-02-10,Store_B,Bread_400g,Bakery,35.0,35.0,0,189
2025-02-11,Store_B,Bread_400g,Bakery,35.0,35.0,0,171
2025-02-12,Store_B,Bread_400g,Bakery,28.31,35.0,0,270
2025-02-13,Store_B,Bread_400g,Bakery,29.53,35.0,0,287
2025-02-14,Store_B,Bread_400g,Bakery,35.0,35.0,0,222
2025-02-15,Store_B,Bread_400g,Bakery,35.0,35.0,0,263
2025-02-16,Store_B,Bread_400g,Bakery,30.99,35.0,0,261
2025-02-17,Store_B,Bread_400g,Bakery,35.0,35.0,0,209
2025-02-18,Store_B,Bread_400g,Bakery,35.0,35.0,0,155
2025-02-19,Store_B,Bread_400g,Bakery,35.0,35.0,0,172
2025-02-20,Store_B,Bread_400g,Bakery,35.0,35.0,0,197
2025-02-21,Store_B,Bread_400g,Bakery,35.0,35.0,0,218
2025-02-22,Store_B,Bread_400g,Bakery,35.0,35.0,0,271
2025-02-23,Store_B,Bread_400g,Bakery,35.0,35.0,0,226
2025-02-24,Store_B,Bread_400g,Bakery,35.0,35.0,0,166
2025-02-25,Store_B,Bread_400g,Bakery,35.0,35.0,0,172
2025-02-26,Store_B,Bread_400g,Bakery,35.0,35.0,0,177
2025-02-27,Store_B,Bread_400g,Bakery,35.0,35.0,0,197
2025-02-28,Store_B,Bread_400g,Bakery,35.0,35.0,0,243
2025-03-01,Store_B,Bread_400g,Bakery,35.0,35.0,0,258
2025-03-02,Store_B,Bread_400g,Bakery,35.0,35.0,0,257
2025-03-03,Store_B,Bread_400g,Bakery,35.0,35.0,0,175
2025-03-04,Store_B,Bread_400g,Bakery,35.0,35.0,0,172
2025-03-05,Store_B,Bread_400g,Bakery,31.99,35.0,0,204
2025-03-06,Store_B,Bread_400g,Bakery,35.0,35.0,0,189
2025-03-07,Store_B,Bread_400g,Bakery,35.0,35.0,0,222
2025-03-08,Store_B,Bread_400g,Bakery,35.0,35.0,0,247
2025-03-09,Store_B,Bread_400g,Bakery,35.0,35.0,0,246
2025-03-10,Store_B,Bread_400g,Bakery,35.0,35.0,0,177
2025-03-11,Store_B,Bread_400g,Bakery,37.01,35.0,1,193
2025-03-12,Store_B,Bread_400g,Bakery,35.0,35.0,0,210
2025-03-13,Store_B,Bread_400g,Bakery,35.0,35.0,1,266
2025-03-14,Store_B,Bread_400g,Bakery,35.0,35.0,1,294
2025-03-15,Store_B,Bread_400g,Bakery,35.0,35.0,0,259
2025-03-16,Store_B,Bread_400g,Bakery,34.07,35.0,0,247
2025-03-17,Store_B,Bread_400g,Bakery,35.74,35.0,0,188
2025-03-18,Store_B,Bread_400g,Bakery,35.0,35.0,0,167
2025-03-19,Store_B,Bread_400g,Bakery,35.0,35.0,0,171
2025-03-20,Store_B,Bread_400g,Bakery,29.8,35.0,0,241
2025-03-21,Store_B,Bread_400g,Bakery,35.0,35.0,1,318
2025-03-22,Store_B,Bread_400g,Bakery,35.0,35.0,0,235
2025-03-23,Store_B,Bread_400g,Bakery,35.0,35.0,0,251
2025-03-24,Store_B,Bread_400g,Bakery,35.0,35.0,0,184
2025-03-25,Store_B,Bread_400g,Bakery,35.0,35.0,0,176
2025-03-26,Store_B,Bread_400g,Bakery,35.0,35.0,0,198
2025-03-27,Store_B,Bread_400g,Bakery,35.0,35.0,0,197
2025-03-28,Store_B,Bread_400g,Bakery,35.0,35.0,0,222
2025-03-29,Store_B,Bread_400g,Bakery,35.87,35.0,0,262
2025-03-30,Store_B,Bread_400g,Bakery,35.0,35.0,0,259
2025-03-31,Store_B,Bread_400g,Bakery,37.1,35.0,0,161
2025-04-01,Store_B,Bread_400g,Bakery,35.0,35.0,0,170
2025-04-02,Store_B,Bread_400g,Bakery,29.92,35.0,1,308
2025-04-03,Store_B,Bread_400g,Bakery,39.44,35.0,0,163
2025-04-04,Store_B,Bread_400g,Bakery,35.0,35.0,0,169
2025-04-05,Store_B,Bread_400g,Bakery,35.0,35.0,0,252
2025-04-06,Store_B,Bread_400g,Bakery,35.0,35.0,0,209
2025-04-07,Store_B,Bread_400g,Bakery,34.56,35.0,0,165
2025-04-08,Store_B,Bread_400g,Bakery,35.0,35.0,0,169
2025-04-09,Store_B,Bread_400g,Bakery,35.0,35.0,0,182
2025-04-10,Store_B,Bread_400g,Bakery,35.0,35.0,0,175
2025-04-11,Store_B,Bread_400g,Bakery,35.0,35.0,0,215
2025-04-12,Store_B,Bread_400g,Bakery,35.0,35.0,0,264
2025-04-13,Store_B,Bread_400g,Bakery,37.62,35.0,0,217
2025-04-14,Store_B,Bread_400g,Bakery,35.0,35.0,0,170
2025-04-15,Store_B,Bread_400g,Bakery,35.0,35.0,0,156
2025-04-16,Store_B,Bread_400g,Bakery,35.0,35.0,1,229
2025-04-17,Store_B,Bread_400g,Bakery,35.0,35.0,0,174
2025-04-18,Store_B,Bread_400g,Bakery,30.11,35.0,0,274
2025-04-19,Store_B,Bread_400g,Bakery,28.3,35.0,0,357
2025-04-20,Store_B,Bread_400g,Bakery,35.0,35.0,0,218
2025-04-21,Store_B,Bread_400g,Bakery,35.0,35.0,0,178
2025-04-22,Store_B,Bread_400g,Bakery,35.0,35.0,1,232
2025-04-23,Store_B,Bread_400g,Bakery,36.42,35.0,0,162
2025-04-24,Store_B,Bread_400g,Bakery,35.0,35.0,0,166
2025-04-25,Store_B,Bread_400g,Bakery,35.0,35.0,0,224
2025-04-26,Store_B,Bread_400g,Bakery,35.0,35.0,0,241
2025-04-27,Store_B,Bread_400g,Bakery,35.0,35.0,0,244
2025-04-28,Store_B,Bread_400g,Bakery,35.0,35.0,0,162
2025-04-29,Store_B,Bread_400g,Bakery,35.65,35.0,0,162
2025-04-30,Store_B,Bread_400g,Bakery,35.0,35.0,0,153
2025-05-01,Store_B,Bread_400g,Bakery,35.0,35.0,1,287
2025-05-02,Store_B,Bread_400g,Bakery,35.0,35.0,0,184
2025-05-03,Store_B,Bread_400g,Bakery,35.0,35.0,1,350
2025-05-04,Store_B,Bread_400g,Bakery,38.89,35.0,1,255
2025-05-05,Store_B,Bread_400g,Bakery,35.0,35.0,0,148
2025-05-06,Store_B,Bread_400g,Bakery,34.22,35.0,0,149
2025-05-07,Store_B,Bread_400g,Bakery,35.0,35.0,0,160
2025-05-08,Store_B,Bread_400g,Bakery,35.0,35.0,0,168
2025-05-09,Store_B,Bread_400g,Bakery,35.0,35.0,0,193
2025-05-10,Store_B,Bread_400g,Bakery,35.0,35.0,0,233
2025-05-11,Store_B,Bread_400g,Bakery,35.0,35.0,0,199
2025-05-12,Store_B,Bread_400g,Bakery,35.0,35.0,0,138
2025-05-13,Store_B,Bread_400g,Bakery,35.77,35.0,0,152
2025-05-14,Store_B,Bread_400g,Bakery,35.32,35.0,1,199
2025-05-15,Store_B,Bread_400g,Bakery,35.0,35.0,0,192
2025-05-16,Store_B,Bread_400g,Bakery,35.0,35.0,0,236
2025-05-17,Store_B,Bread_400g,Bakery,35.0,35.0,0,228
2025-05-18,Store_B,Bread_400g,Bakery,35.0,35.0,0,206
2025-05-19,Store_B,Bread_400g,Bakery,35.0,35.0,0,152
2025-05-20,Store_B,Bread_400g,Bakery,35.0,35.0,0,135
2025-05-21,Store_B,Bread_400g,Bakery,35.0,35.0,1,207
2025-05-22,Store_B,Bread_400g,Bakery,35.0,35.0,0,160
2025-05-23,Store_B,Bread_400g,Bakery,35.0,35.0,0,200
2025-05-24,Store_B,Bread_400g,Bakery,35.0,35.0,0,235
2025-05-25,Store_B,Bread_400g,Bakery,30.94,35.0,0,243
2025-05-26,Store_B,Bread_400g,Bakery,35.0,35.0,0,162
2025-05-27,Store_B,Bread_400g,Bakery,35.0,35.0,0,154
2025-05-28,Store_B,Bread_400g,Bakery,35.0,35.0,0,142
2025-05-29,Store_B,Bread_400g,Bakery,35.52,35.0,0,161
2025-05-30,Store_B,Bread_400g,Bakery,35.0,35.0,0,220
2025-05-31,Store_B,Bread_400g,Bakery,35.0,35.0,1,344
2025-06-01,Store_B,Bread_400g,Bakery,35.0,35.0,1,264
2025-06-02,Store_B,Bread_400g,Bakery,35.0,35.0,0,151
2025-06-03,Store_B,Bread_400g,Bakery,35.0,35.0,0,135
2025-06-04,Store_B,Bread_400g,Bakery,35.0,35.0,0,156
2025-06-05,Store_B,Bread_400g,Bakery,36.21,35.0,1,196
2025-06-06,Store_B,Bread_400g,Bakery,35.0,35.0,0,168
2025-06-07,Store_B,Bread_400g,Bakery,35.0,35.0,0,204
2025-06-08,Store_B,Bread_400g,Bakery,35.0,35.0,0,223
2025-06-09,Store_B,Bread_400g,Bakery,35.0,35.0,0,156
2025-06-10,Store_B,Bread_400g,Bakery,35.0,35.0,0,157
2025-06-11,Store_B,Bread_400g,Bakery,35.0,35.0,0,159
2025-06-12,Store_B,Bread_400g,Bakery,35.0,35.0,0,170
2025-06-13,Store_B,Bread_400g,Bakery,35.0,35.0,0,192
2025-06-14,Store_B,Bread_400g,Bakery,35.0,35.0,0,206
2025-06-15,Store_B,Bread_400g,Bakery,35.0,35.0,0,190
2025-06-16,Store_B,Bread_400g,Bakery,35.0,35.0,0,140
2025-06-17,Store_B,Bread_400g,Bakery,35.0,35.0,0,119
2025-06-18,Store_B,Bread_400g,Bakery,35.0,35.0,0,161
2025-06-19,Store_B,Bread_400g,Bakery,35.0,35.0,1,210
2025-06-20,Store_B,Bread_400g,Bakery,35.0,35.0,0,177
2025-06-21,Store_B,Bread_400g,Bakery,35.0,35.0,0,259
2025-06-22,Store_B,Bread_400g,Bakery,35.0,35.0,0,238
2025-06-23,Store_B,Bread_400g,Bakery,36.45,35.0,0,131
2025-06-24,Store_B,Bread_400g,Bakery,35.0,35.0,0,165
2025-06-25,Store_B,Bread_400g,Bakery,35.0,35.0,0,137
2025-06-26,Store_B,Bread_400g,Bakery,35.0,35.0,0,170
2025-06-27,Store_B,Bread_400g,Bakery,28.83,35.0,0,214
2025-06-28,Store_B,Bread_400g,Bakery,35.0,35.0,0,251
2025-06-29,Store_B,Bread_400g,Bakery,35.0,35.0,0,197
2025-06-30,Store_B,Bread_400g,Bakery,35.0,35.0,0,170
2025-07-01,Store_B,Bread_400g,Bakery,28.06,35.0,1,249
2025-07-02,Store_B,Bread_400g,Bakery,35.0,35.0,0,129
2025-07-03,Store_B,Bread_400g,Bakery,40.12,35.0,0,137
2025-07-04,Store_B,Bread_400g,Bakery,35.0,35.0,0,216
2025-07-05,Store_B,Bread_400g,Bakery,35.0,35.0,0,250
2025-07-06,Store_B,Bread_400g,Bakery,35.0,35.0,0,171
2025-07-07,Store_B,Bread_400g,Bakery,35.0,35.0,0,163
2025-07-08,Store_B,Bread_400g,Bakery,29.83,35.0,0,163
2025-07-09,Store_B,Bread_400g,Bakery,32.7,35.0,0,157
2025-07-10,Store_B,Bread_400g,Bakery,35.0,35.0,0,147
2025-07-11,Store_B,Bread_400g,Bakery,35.0,35.0,0,184
2025-07-12,Store_B,Bread_400g,Bakery,35.0,35.0,0,203
2025-07-13,Store_B,Bread_400g,Bakery,35.0,35.0,0,217
2025-07-14,Store_B,Bread_400g,Bakery,35.0,35.0,0,154
2025-07-15,Store_B,Bread_400g,Bakery,37.57,35.0,0,117
2025-07-16,Store_B,Bread_400g,Bakery,35.66,35.0,0,136
2025-07-17,Store_B,Bread_400g,Bakery,34.77,35.0,0,183
2025-07-18,Store_B,Bread_400g,Bakery,38.62,35.0,0,176
2025-07-19,Store_B,Bread_400g,Bakery,35.0,35.0,0,254
2025-07-20,Store_B,Bread_400g,Bakery,35.0,35.0,0,187
2025-07-21,Store_B,Bread_400g,Bakery,35.0,35.0,0,139
2025-07-22,Store_B,Bread_400g,Bakery,35.0,35.0,0,146
2025-07-23,Store_B,Bread_400g,Bakery,35.0,35.0,0,157
2025-07-24,Store_B,Bread_400g,Bakery,38.56,35.0,0,130
2025-07-25,Store_B,Bread_400g,Bakery,35.0,35.0,0,166
2025-07-26,Store_B,Bread_400g,Bakery,35.0,35.0,0,218
2025-07-27,Store_B,Bread_400g,Bakery,35.0,35.0,0,187
2025-07-28,Store_B,Bread_400g,Bakery,30.14,35.0,0,190
2025-07-29,Store_B,Bread_400g,Bakery,35.0,35.0,0,143
2025-07-30,Store_B,Bread_400g,Bakery,33.04,35.0,0,141
2025-07-31,Store_B,Bread_400g,Bakery,35.0,35.0,0,193
2025-08-01,Store_B,Bread_400g,Bakery,35.0,35.0,0,208
2025-08-02,Store_B,Bread_400g,Bakery,35.0,35.0,0,221
2025-08-03,Store_B,Bread_400g,Bakery,35.0,35.0,0,176
2025-08-04,Store_B,Bread_400g,Bakery,28.79,35.0,0,211
2025-08-05,Store_B,Bread_400g,Bakery,35.0,35.0,0,136
2025-08-06,Store_B,Bread_400g,Bakery,35.0,35.0,0,141
2025-08-07,Store_B,Bread_400g,Bakery,35.0,35.0,0,161
2025-08-08,Store_B,Bread_400g,Bakery,35.0,35.0,0,193
2025-08-09,Store_B,Bread_400g,Bakery,35.0,35.0,0,213
2025-08-10,Store_B,Bread_400g,Bakery,35.6,35.0,0,191
2025-08-11,Store_B,Bread_400g,Bakery,35.0,35.0,0,132
2025-08-12,Store_B,Bread_400g,Bakery,35.0,35.0,0,149
2025-08-13,Store_B,Bread_400g,Bakery,35.0,35.0,0,146
2025-08-14,Store_B,Bread_400g,Bakery,39.4,35.0,0,112
2025-08-15,Store_B,Bread_400g,Bakery,35.0,35.0,0,180
2025-08-16,Store_B,Bread_400g,Bakery,35.0,35.0,0,212
2025-08-17,Store_B,Bread_400g,Bakery,30.25,35.0,0,249
2025-08-18,Store_B,Bread_400g,Bakery,35.0,35.0,1,199
2025-08-19,Store_B,Bread_400g,Bakery,35.0,35.0,0,148
2025-08-20,Store_B,Bread_400g,Bakery,35.0,35.0,0,131
2025-08-21,Store_B,Bread_400g,Bakery,35.0,35.0,0,157
2025-08-22,Store_B,Bread_400g,Bakery,35.0,35.0,0,205
2025-08-23,Store_B,Bread_400g,Bakery,35.0,35.0,0,249
2025-08-24,Store_B,Bread_400g,Bakery,35.0,35.0,0,219
2025-08-25,Store_B,Bread_400g,Bakery,35.0,35.0,0,158
2025-08-26,Store_B,Bread_400g,Bakery,30.52,35.0,0,187
2025-08-27,Store_B,Bread_400g,Bakery,31.49,35.0,0,178
2025-08-28,Store_B,Bread_400g,Bakery,31.71,35.0,0,155
2025-08-29,Store_B,Bread_400g,Bakery,35.0,35.0,0,227
2025-08-30,Store_B,Bread_400g,Bakery,38.41,35.0,0,207
2025-08-31,Store_B,Bread_400g,Bakery,29.45,35.0,0,266
2025-09-01,Store_B,Bread_400g,Bakery,35.0,35.0,0,174
2025-09-02,Store_B,Bread_400g,Bakery,35.0,35.0,0,133
2025-09-03,Store_B,Bread_400g,Bakery,35.0,35.0,0,145
2025-09-04,Store_B,Bread_400g,Bakery,35.3,35.0,0,165
2025-09-05,Store_B,Bread_400g,Bakery,29.16,35.0,0,241
2025-09-06,Store_B,Bread_400g,Bakery,35.0,35.0,0,243
2025-09-07,Store_B,Bread_400g,Bakery,35.0,35.0,0,198
2025-09-08,Store_B,Bread_400g,Bakery,35.0,35.0,0,175
2025-09-09,Store_B,Bread_400g,Bakery,35.0,35.0,0,150
2025-09-10,Store_B,Bread_400g,Bakery,35.0,35.0,0,150
2025-09-11,Store_B,Bread_400g,Bakery,34.54,35.0,0,169
2025-09-12,Store_B,Bread_400g,Bakery,35.0,35.0,0,196
2025-09-13,Store_B,Bread_400g,Bakery,35.0,35.0,0,235
2025-09-14,Store_B,Bread_400g,Bakery,35.0,35.0,0,205
2025-09-15,Store_B,Bread_400g,Bakery,35.0,35.0,0,137
2025-09-16,Store_B,Bread_400g,Bakery,35.0,35.0,0,153
2025-09-17,Store_B,Bread_400g,Bakery,35.0,35.0,0,170
2025-09-18,Store_B,Bread_400g,Bakery,35.0,35.0,0,158
2025-09-19,Store_B,Bread_400g,Bakery,35.0,35.0,0,202
2025-09-20,Store_B,Bread_400g,Bakery,35.0,35.0,0,232
2025-09-21,Store_B,Bread_400g,Bakery,35.0,35.0,0,176
2025-09-22,Store_B,Bread_400g,Bakery,35.0,35.0,0,178
2025-09-23,Store_B,Bread_400g,Bakery,35.0,35.0,0,144
2025-09-24,Store_B,Bread_400g,Bakery,37.0,35.0,0,138
2025-09-25,Store_B,Bread_400g,Bakery,35.0,35.0,0,165
2025-09-26,Store_B,Bread_400g,Bakery,35.0,35.0,0,171
2025-09-27,Store_B,Bread_400g,Bakery,35.0,35.0,1,366
2025-09-28,Store_B,Bread_400g,Bakery,35.0,35.0,0,198
2025-09-29,Store_B,Bread_400g,Bakery,29.61,35.0,0,193
2025-09-30,Store_B,Bread_400g,Bakery,35.0,35.0,0,155
2025-10-01,Store_B,Bread_400g,Bakery,35.0,35.0,0,245
2025-10-02,Store_B,Bread_400g,Bakery,35.0,35.0,1,293
2025-10-03,Store_B,Bread_400g,Bakery,35.0,35.0,0,294
2025-10-04,Store_B,Bread_400g,Bakery,35.0,35.0,0,348
2025-10-05,Store_B,Bread_400g,Bakery,35.0,35.0,0,239
2025-10-06,Store_B,Bread_400g,Bakery,35.0,35.0,0,244
2025-10-07,Store_B,Bread_400g,Bakery,35.0,35.0,0,233
2025-10-08,Store_B,Bread_400g,Bakery,38.99,35.0,0,191
2025-10-09,Store_B,Bread_400g,Bakery,30.76,35.0,0,280
2025-10-10,Store_B,Bread_400g,Bakery,34.25,35.0,0,313
2025-10-11,Store_B,Bread_400g,Bakery,35.0,35.0,0,342
2025-10-12,Store_B,Bread_400g,Bakery,35.0,35.0,1,446
2025-10-13,Store_B,Bread_400g,Bakery,35.0,35.0,0,247
2025-10-14,Store_B,Bread_400g,Bakery,35.0,35.0,0,245
2025-10-15,Store_B,Bread_400g,Bakery,35.0,35.0,0,252
2025-10-16,Store_B,Bread_400g,Bakery,35.0,35.0,0,256
2025-10-17,Store_B,Bread_400g,Bakery,35.0,35.0,0,313
2025-10-18,Store_B,Bread_400g,Bakery,35.0,35.0,0,324
2025-10-19,Store_B,Bread_400g,Bakery,35.0,35.0,0,339
2025-10-20,Store_B,Bread_400g,Bakery,35.0,35.0,0,230
2025-10-21,Store_B,Bread_400g,Bakery,35.0,35.0,0,238
2025-10-22,Store_B,Bread_400g,Bakery,35.0,35.0,0,280
2025-10-23,Store_B,Bread_400g,Bakery,31.15,35.0,0,279
2025-10-24,Store_B,Bread_400g,Bakery,35.0,35.0,0,325
2025-10-25,Store_B,Bread_400g,Bakery,35.0,35.0,0,362
2025-10-26,Store_B,Bread_400g,Bakery,35.0,35.0,0,377
2025-10-27,Store_B,Bread_400g,Bakery,35.0,35.0,1,372
2025-10-28,Store_B,Bread_400g,Bakery,35.0,35.0,0,260
2025-10-29,Store_B,Bread_400g,Bakery,29.85,35.0,0,317
2025-10-30,Store_B,Bread_400g,Bakery,35.0,35.0,0,286
2025-10-31,Store_B,Bread_400g,Bakery,37.53,35.0,0,281
2025-11-01,Store_B,Bread_400g,Bakery,35.0,35.0,0,416
2025-11-02,Store_B,Bread_400g,Bakery,35.0,35.0,0,346
2025-11-03,Store_B,Bread_400g,Bakery,30.41,35.0,1,436
2025-11-04,Store_B,Bread_400g,Bakery,35.0,35.0,0,218
2025-11-05,Store_B,Bread_400g,Bakery,35.0,35.0,0,233
2025-11-06,Store_B,Bread_400g,Bakery,35.0,35.0,0,275
2025-11-07,Store_B,Bread_400g,Bakery,34.25,35.0,0,346
2025-11-08,Store_B,Bread_400g,Bakery,35.0,35.0,0,410
2025-11-09,Store_B,Bread_400g,Bakery,35.0,35.0,0,413
2025-11-10,Store_B,Bread_400g,Bakery,35.0,35.0,0,238
2025-11-11,Store_B,Bread_400g,Bakery,29.42,35.0,0,312
2025-11-12,Store_B,Bread_400g,Bakery,28.72,35.0,0,344
2025-11-13,Store_B,Bread_400g,Bakery,35.0,35.0,0,301
2025-11-14,Store_B,Bread_400g,Bakery,35.0,35.0,0,404
2025-11-15,Store_B,Bread_400g,Bakery,35.0,35.0,0,373
2025-11-16,Store_B,Bread_400g,Bakery,35.0,35.0,0,420
2025-11-17,Store_B,Bread_400g,Bakery,35.0,35.0,0,295
2025-11-18,Store_B,Bread_400g,Bakery,35.0,35.0,0,240
2025-11-19,Store_B,Bread_400g,Bakery,33.13,35.0,1,441
2025-11-20,Store_B,Bread_400g,Bakery,28.29,35.0,0,416
2025-11-21,Store_B,Bread_400g,Bakery,35.0,35.0,0,347
2025-11-22,Store_B,Bread_400g,Bakery,35.0,35.0,0,397
2025-11-23,Store_B,Bread_400g,Bakery,35.0,35.0,0,344
2025-11-24,Store_B,Bread_400g,Bakery,35.0,35.0,0,277
2025-11-25,Store_B,Bread_400g,Bakery,35.0,35.0,1,358
2025-11-26,Store_B,Bread_400g,Bakery,35.0,35.0,0,289
2025-11-27,Store_B,Bread_400g,Bakery,35.0,35.0,0,278
2025-11-28,Store_B,Bread_400g,Bakery,35.0,35.0,0,344
2025-11-29,Store_B,Bread_400g,Bakery,35.0,35.0,1,555
2025-11-30,Store_B,Bread_400g,Bakery,35.0,35.0,0,395
2025-12-01,Store_B,Bread_400g,Bakery,36.07,35.0,0,216
2025-12-02,Store_B,Bread_400g,Bakery,35.0,35.0,0,214
2025-12-03,Store_B,Bread_400g,Bakery,35.0,35.0,0,218
2025-12-04,Store_B,Bread_400g,Bakery,35.0,35.0,0,280
2025-12-05,Store_B,Bread_400g,Bakery,35.0,35.0,0,361
2025-12-06,Store_B,Bread_400g,Bakery,39.21,35.0,0,297
2025-12-07,Store_B,Bread_400g,Bakery,35.0,35.0,0,369
2025-12-08,Store_B,Bread_400g,Bakery,35.0,35.0,0,209
2025-12-09,Store_B,Bread_400g,Bakery,35.0,35.0,0,243
2025-12-10,Store_B,Bread_400g,Bakery,35.0,35.0,0,253
2025-12-11,Store_B,Bread_400g,Bakery,35.0,35.0,1,401
2025-12-12,Store_B,Bread_400g,Bakery,37.85,35.0,0,306
2025-12-13,Store_B,Bread_400g,Bakery,35.0,35.0,0,351
2025-12-14,Store_B,Bread_400g,Bakery,35.0,35.0,0,310
2025-12-15,Store_B,Bread_400g,Bakery,35.0,35.0,0,247
2025-12-16,Store_B,Bread_400g,Bakery,35.0,35.0,0,227
2025-12-17,Store_B,Bread_400g,Bakery,35.0,35.0,0,255
2025-12-18,Store_B,Bread_400g,Bakery,35.0,35.0,0,263
2025-12-19,Store_B,Bread_400g,Bakery,35.0,35.0,0,268
2025-12-20,Store_B,Bread_400g,Bakery,35.0,35.0,1,463
2025-12-21,Store_B,Bread_400g,Bakery,39.87,35.0,0,237
2025-12-22,Store_B,Bread_400g,Bakery,35.0,35.0,0,272
2025-12-23,Store_B,Bread_400g,Bakery,35.0,35.0,1,262
2025-12-24,Store_B,Bread_400g,Bakery,35.0,35.0,0,222
2025-12-25,Store_B,Bread_400g,Bakery,35.0,35.0,0,270
2025-12-26,Store_B,Bread_400g,Bakery,37.54,35.0,0,304
2025-12-27,Store_B,Bread_400g,Bakery,35.0,35.0,0,377
2025-12-28,Store_B,Bread_400g,Bakery,35.0,35.0,0,304
2025-12-29,Store_B,Bread_400g,Bakery,38.84,35.0,0,224
2025-12-30,Store_B,Bread_400g,Bakery,35.0,35.0,0,237
2024-01-01,Store_B,Eggs_12pk,Dairy,80.0,80.0,0,62
2024-01-02,Store_B,Eggs_12pk,Dairy,80.0,80.0,0,55
2024-01-03,Store_B,Eggs_12pk,Dairy,80.0,80.0,0,54
2024-01-04,Store_B,Eggs_12pk,Dairy,75.65,80.0,0,65
2024-01-05,Store_B,Eggs_12pk,Dairy,80.0,80.0,0,73
2024-01-06,Store_B,Eggs_12pk,Dairy,80.0,80.0,0,90
2024-01-07,Store_B,Eggs_12pk,Dairy,80.0,80.0,0,90
2024-01-08,Store_B,Eggs_12pk,Dairy,80.0,80.0,0,72
2024-01-09,Store_B,Eggs_12pk,Dairy,80.0,80.0,0,55
2024-01-10,Store_B,Eggs_12pk,Dairy,80.0,80.0,0,60
2024-01-11,Store_B,Eggs_12pk,Dairy,80.0,80.0,0,67
2024-01-12,Store_B,Eggs_12pk,Dairy,80.0,80.0,0,86
2024-01-13,Store_B,Eggs_12pk,Dairy,80.0,80.0,0,90
2024-01-14,Store_B,Eggs_12pk,Dairy,80.0,80.0,0,81
2024-01-15,Store_B,Eggs_12pk,Dairy,91.38,80.0,0,56
2024-01-16,Store_B,Eggs_12pk,Dairy,80.0,80.0,0,65
2024-01-17,Store_B,Eggs_12pk,Dairy,80.0,80.0,0,53
2024-01-18,Store_B,Eggs_12pk,Dairy,80.0,80.0,0,59
2024-01-19,Store_B,Eggs_12pk,Dairy,80.0,80.0,0,81
2024-01-20,Store_B,Eggs_12pk,Dairy,80.0,80.0,0,100
2024-01-21,Store_B,Eggs_12pk,Dairy,80.0,80.0,0,87
2024-01-22,Store_B,Eggs_12pk,Dairy,78.83,80.0,0,56
2024-01-23,Store_B,Eggs_12pk,Dairy,80.0,80.0,0,53
2024-01-24,Store_B,Eggs_12pk,Dairy,65.91,80.0,0,76
2024-01-25,Store_B,Eggs_12pk,Dairy,80.0,80.0,0,64
2024-01-26,Store_B,Eggs_12pk,Dairy,80.0,80.0,0,82
2024-01-27,Store_B,Eggs_12pk,Dairy,74.83,80.0,1,152
2024-01-28,Store_B,Eggs_12pk,Dairy,80.0,80.0,0,76
2024-01-29,Store_B,Eggs_12pk,Dairy,80.0,80.0,0,65
2024-01-30,Store_B,Eggs_12pk,Dairy,80.0,80.0,0,54
2024-01-31,Store_B,Eggs_12pk,Dairy,80.0,80.0,0,58
2024-02-01,Store_B,Eggs_12pk,Dairy,80.0,80.0,0,69
2024-02-02,Store_B,Eggs_12pk,Dairy,80.0,80.0,0,77
2024-02-03,Store_B,Eggs_12pk,Dairy,80.0,80.0,0,96
2024-02-04,Store_B,Eggs_12pk,Dairy,80.0,80.0,0,76
2024-02-05,Store_B,Eggs_12pk,Dairy,80.0,80.0,0,66
2024-02-06,Store_B,Eggs_12pk,Dairy,80.0,80.0,1,81
2024-02-07,Store_B,Eggs_12pk,Dairy,82.41,80.0,1,83
2024-02-08,Store_B,Eggs_12pk,Dairy,86.29,80.0,1,98
2024-02-09,Store_B,Eggs_12pk,Dairy,80.0,80.0,0,78
2024-02-10,Store_B,Eggs_12pk,Dairy,80.0,80.0,0,73
2024-02-11,Store_B,Eggs_12pk,Dairy,80.0,80.0,0,89
2024-02-12,Store_B,Eggs_12pk,Dairy,80.0,80.0,0,56
2024-02-13,Store_B,Eggs_12pk,Dairy,82.34,80.0,0,57
2024-02-14,Store_B,Eggs_12pk,Dairy,80.0,80.0,0,63
2024-02-15,Store_B,Eggs_12pk,Dairy,80.0,80.0,0,68
2024-02-16,Store_B,Eggs_12pk,Dairy,80.0,80.0,0,67
2024-02-17,Store_B,Eggs_12pk,Dairy,80.0,80.0,0,91
2024-02-18,Store_B,Eggs_12pk,Dairy,91.82,80.0,1,93
2024-02-19,Store_B,Eggs_12pk,Dairy,80.0,80.0,0,53
2024-02-20,Store_B,Eggs_12pk,Dairy,80.0,80.0,0,57
2024-02-21,Store_B,Eggs_12pk,Dairy,80.0,80.0,0,59
2024-02-22,Store_B,Eggs_12pk,Dairy,80.0,80.0,0,70
2024-02-23,Store_B,Eggs_12pk,Dairy,80.0,80.0,1,110
2024-02-24,Store_B,Eggs_12pk,Dairy,80.0,80.0,0,92
2024-02-25,Store_B,Eggs_12pk,Dairy,80.0,80.0,0,89
2024-02-26,Store_B,Eggs_12pk,Dairy,85.05,80.0,0,52
2024-02-27,Store_B,Eggs_12pk,Dairy,71.3,80.0,0,58
2024-02-28,Store_B,Eggs_12pk,Dairy,67.66,80.0,0,69
2024-02-29,Store_B,Eggs_12pk,Dairy,80.0,80.0,0,64
2024-03-01,Store_B,Eggs_12pk,Dairy,80.0,80.0,0,81
2024-03-02,Store_B,Eggs_12pk,Dairy,80.0,80.0,0,92
2024-03-03,Store_B,Eggs_12pk,Dairy,76.83,80.0,0,82
2024-03-04,Store_B,Eggs_12pk,Dairy,80.0,80.0,0,57
2024-03-05,Store_B,Eggs_12pk,Dairy,80.0,80.0,0,63
2024-03-06,Store_B,Eggs_12pk,Dairy,90.71,80.0,0,60
2024-03-07,Store_B,Eggs_12pk,Dairy,80.0,80.0,0,59
2024-03-08,Store_B,Eggs_12pk,Dairy,80.0,80.0,0,83
2024-03-09,Store_B,Eggs_12pk,Dairy,80.0,80.0,0,89
2024-03-10,Store_B,Eggs_12pk,Dairy,80.0,80.0,0,84
2024-03-11,Store_B,Eggs_12pk,Dairy,80.0,80.0,0,55
2024-03-12,Store_B,Eggs_12pk,Dairy,80.0,80.0,0,63
2024-03-13,Store_B,Eggs_12pk,Dairy,80.0,80.0,0,57
2024-03-14,Store_B,Eggs_12pk,Dairy,80.0,80.0,0,69
2024-03-15,Store_B,Eggs_12pk,Dairy,80.0,80.0,0,71
2024-03-16,Store_B,Eggs_12pk,Dairy,80.0,80.0,0,81
2024-03-17,Store_B,Eggs_12pk,Dairy,80.0,80.0,0,80
2024-03-18,Store_B,Eggs_12pk,Dairy,68.17,80.0,0,73
2024-03-19,Store_B,Eggs_12pk,Dairy,80.0,80.0,0,50
2024-03-20,Store_B,Eggs_12pk,Dairy,78.34,80.0,0,57
2024-03-21,Store_B,Eggs_12pk,Dairy,80.0,80.0,0,68
2024-03-22,Store_B,Eggs_12pk,Dairy,83.27,80.0,0,61
2024-03-23,Store_B,Eggs_12pk,Dairy,80.0,80.0,0,101
2024-03-24,Store_B,Eggs_12pk,Dairy,80.0,80.0,0,84
2024-03-25,Store_B,Eggs_12pk,Dairy,80.0,80.0,1,69
2024-03-26,Store_B,Eggs_12pk,Dairy,88.38,80.0,0,47
2024-03-27,Store_B,Eggs_12pk,Dairy,78.6,80.0,0,51
2024-03-28,Store_B,Eggs_12pk,Dairy,80.0,80.0,0,60
2024-03-29,Store_B,Eggs_12pk,Dairy,80.0,80.0,0,80
2024-03-30,Store_B,Eggs_12pk,Dairy,69.64,80.0,0,115
2024-03-31,Store_B,Eggs_12pk,Dairy,80.0,80.0,1,106
2024-04-01,Store_B,Eggs_12pk,Dairy,80.0,80.0,1,78
2024-04-02,Store_B,Eggs_12pk,Dairy,80.0,80.0,0,56
2024-04-03,Store_B,Eggs_12pk,Dairy,80.0,80.0,0,49
2024-04-04,Store_B,Eggs_12pk,Dairy,80.0,80.0,0,52
2024-04-05,Store_B,Eggs_12pk,Dairy,80.0,80.0,0,65
2024-04-06,Store_B,Eggs_12pk,Dairy,80.0,80.0,0,91
2024-04-07,Store_B,Eggs_12pk,Dairy,89.34,80.0,0,61
2024-04-08,Store_B,Eggs_12pk,Dairy,80.0,80.0,1,82
2024-04-09,Store_B,Eggs_12pk,Dairy,80.0,80.0,0,59
2024-04-10,Store_B,Eggs_12pk,Dairy,80.0,80.0,0,57
2024-04-11,Store_B,Eggs_12pk,Dairy,80.0,80.0,0,58
2024-04-12,Store_B,Eggs_12pk,Dairy,80.0,80.0,0,70
2024-04-13,Store_B,Eggs_12pk,Dairy,80.0,80.0,1,118
2024-04-14,Store_B,Eggs_12pk,Dairy,80.0,80.0,0,74
2024-04-15,Store_B,Eggs_12pk,Dairy,80.0,80.0,0,52
2024-04-16,Store_B,Eggs_12pk,Dairy,80.0,80.0,0,58
2024-04-17,Store_B,Eggs_12pk,Dairy,80.0,80.0,0,64
2024-04-18,Store_B,Eggs_12pk,Dairy,80.0,80.0,0,59
2024-04-19,Store_B,Eggs_12pk,Dairy,72.05,80.0,0,69
2024-04-20,Store_B,Eggs_12pk,Dairy,80.0,80.0,0,82
2024-04-21,Store_B,Eggs_12pk,Dairy,75.77,80.0,0,70
2024-04-22,Store_B,Eggs_12pk,Dairy,80.0,80.0,0,58
2024-04-23,Store_B,Eggs_12pk,Dairy,80.0,80.0,0,56
2024-04-24,Store_B,Eggs_12pk,Dairy,80.0,80.0,0,59
2024-04-25,Store_B,Eggs_12pk,Dairy,80.0,80.0,0,65
2024-04-26,Store_B,Eggs_12pk,Dairy,80.0,80.0,0,77
2024-04-27,Store_B,Eggs_12pk,Dairy,80.0,80.0,0,87
2024-04-28,Store_B,Eggs_12pk,Dairy,80.0,80.0,0,75
2024-04-29,Store_B,Eggs_12pk,Dairy,80.0,80.0,1,71
2024-04-30,Store_B,Eggs_12pk,Dairy,80.0,80.0,0,52
2024-05-01,Store_B,Eggs_12pk,Dairy,80.0,80.0,0,55
2024-05-02,Store_B,Eggs_12pk,Dairy,80.0,80.0,0,62
2024-05-03,Store_B,Eggs_12pk,Dairy,87.51,80.0,0,71
2024-05-04,Store_B,Eggs_12pk,Dairy,80.0,80.0,0,94
2024-05-05,Store_B,Eggs_12pk,Dairy,81.6,80.0,0,76
2024-05-06,Store_B,Eggs_12pk,Dairy,80.0,80.0,0,56
2024-05-07,Store_B,Eggs_12pk,Dairy,80.0,80.0,0,46
2024-05-08,Store_B,Eggs_12pk,Dairy,80.0,80.0,0,53
2024-05-09,Store_B,Eggs_12pk,Dairy,80.0,80.0,0,60
2024-05-10,Store_B,Eggs_12pk,Dairy,80.0,80.0,0,65
2024-05-11,Store_B,Eggs_12pk,Dairy,80.0,80.0,0,77
2024-05-12,Store_B,Eggs_12pk,Dairy,80.0,80.0,0,69
2024-05-13,Store_B,Eggs_12pk,Dairy,65.01,80.0,0,73
2024-05-14,Store_B,Eggs_12pk,Dairy,80.0,80.0,0,57
2024-05-15,Store_B,Eggs_12pk,Dairy,83.69,80.0,0,56
2024-05-16,Store_B,Eggs_12pk,Dairy,80.0,80.0,0,56
2024-05-17,Store_B,Eggs_12pk,Dairy,80.0,80.0,1,93
2024-05-18,Store_B,Eggs_12pk,Dairy,80.0,80.0,0,82
2024-05-19,Store_B,Eggs_12pk,Dairy,80.0,80.0,0,60
2024-05-20,Store_B,Eggs_12pk,Dairy,80.0,80.0,0,52
2024-05-21,Store_B,Eggs_12pk,Dairy,80.0,80.0,0,53
2024-05-22,Store_B,Eggs_12pk,Dairy,80.0,80.0,0,58
2024-05-23,Store_B,Eggs_12pk,Dairy,80.0,80.0,0,57
2024-05-24,Store_B,Eggs_12pk,Dairy,70.48,80.0,0,76
2024-05-25,Store_B,Eggs_12pk,Dairy,80.0,80.0,0,72
2024-05-26,Store_B,Eggs_12pk,Dairy,80.0,80.0,1,91
2024-05-27,Store_B,Eggs_12pk,Dairy,80.0,80.0,0,51
2024-05-28,Store_B,Eggs_12pk,Dairy,80.0,80.0,0,45
2024-05-29,Store_B,Eggs_12pk,Dairy,80.0,80.0,0,55
2024-05-30,Store_B,Eggs_12pk,Dairy,80.0,80.0,0,59
2024-05-31,Store_B,Eggs_12pk,Dairy,85.32,80.0,0,68
2024-06-01,Store_B,Eggs_12pk,Dairy,80.0,80.0,0,89
2024-06-02,Store_B,Eggs_12pk,Dairy,80.0,80.0,0,57
2024-06-03,Store_B,Eggs_12pk,Dairy,80.0,80.0,0,59
2024-06-04,Store_B,Eggs_12pk,Dairy,79.96,80.0,0,51
2024-06-05,Store_B,Eggs_12pk,Dairy,80.0,80.0,0,52
2024-06-06,Store_B,Eggs_12pk,Dairy,80.0,80.0,0,53
2024-06-07,Store_B,Eggs_12pk,Dairy,80.0,80.0,0,70
2024-06-08,Store_B,Eggs_12pk,Dairy,80.0,80.0,0,75
2024-06-09,Store_B,Eggs_12pk,Dairy,81.12,80.0,0,73
2024-06-10,Store_B,Eggs_12pk,Dairy,89.48,80.0,0,39
2024-06-11,Store_B,Eggs_12pk,Dairy,80.0,80.0,0,50
2024-06-12,Store_B,Eggs_12pk,Dairy,80.0,80.0,0,53
2024-06-13,Store_B,Eggs_12pk,Dairy,80.0,80.0,0,52
2024-06-14,Store_B,Eggs_12pk,Dairy,80.0,80.0,0,63
2024-06-15,Store_B,Eggs_12pk,Dairy,80.0,80.0,0,83
2024-06-16,Store_B,Eggs_12pk,Dairy,77.4,80.0,0,69
2024-06-17,Store_B,Eggs_12pk,Dairy,80.0,80.0,0,55
2024-06-18,Store_B,Eggs_12pk,Dairy,80.0,80.0,0,47
2024-06-19,Store_B,Eggs_12pk,Dairy,80.0,80.0,0,52
2024-06-20,Store_B,Eggs_12pk,Dairy,80.0,80.0,0,54
2024-06-21,Store_B,Eggs_12pk,Dairy,80.0,80.0,0,71
2024-06-22,Store_B,Eggs_12pk,Dairy,85.12,80.0,1,96
2024-06-23,Store_B,Eggs_12pk,Dairy,80.0,80.0,0,69
2024-06-24,Store_B,Eggs_12pk,Dairy,80.0,80.0,1,58
2024-06-25,Store_B,Eggs_12pk,Dairy,80.0,80.0,0,46
2024-06-26,Store_B,Eggs_12pk,Dairy,80.0,80.0,0,49
2024-06-27,Store_B,Eggs_12pk,Dairy,80.0,80.0,0,51
2024-06-28,Store_B,Eggs_12pk,Dairy,80.0,80.0,0,68
2024-06-29,Store_B,Eggs_12pk,Dairy,80.0,80.0,0,69
2024-06-30,Store_B,Eggs_12pk,Dairy,88.46,80.0,1,71
2024-07-01,Store_B,Eggs_12pk,Dairy,80.0,80.0,0,51
2024-07-02,Store_B,Eggs_12pk,Dairy,79.75,80.0,0,45
2024-07-03,Store_B,Eggs_12pk,Dairy,80.0,80.0,1,68
2024-07-04,Store_B,Eggs_12pk,Dairy,80.0,80.0,0,50
2024-07-05,Store_B,Eggs_12pk,Dairy,80.0,80.0,0,63
2024-07-06,Store_B,Eggs_12pk,Dairy,80.0,80.0,0,73
2024-07-07,Store_B,Eggs_12pk,Dairy,80.0,80.0,0,74
2024-07-08,Store_B,Eggs_12pk,Dairy,80.0,80.0,0,47
2024-07-09,Store_B,Eggs_12pk,Dairy,80.0,80.0,0,50
2024-07-10,Store_B,Eggs_12pk,Dairy,80.0,80.0,0,50
2024-07-11,Store_B,Eggs_12pk,Dairy,80.0,80.0,1,77
2024-07-12,Store_B,Eggs_12pk,Dairy,80.0,80.0,0,72
2024-07-13,Store_B,Eggs_12pk,Dairy,80.0,80.0,0,75
2024-07-14,Store_B,Eggs_12pk,Dairy,80.0,80.0,0,59
2024-07-15,Store_B,Eggs_12pk,Dairy,80.0,80.0,0,46
2024-07-16,Store_B,Eggs_12pk,Dairy,80.0,80.0,0,43
2024-07-17,Store_B,Eggs_12pk,Dairy,90.54,80.0,1,64
2024-07-18,Store_B,Eggs_12pk,Dairy,80.0,80.0,0,55
2024-07-19,Store_B,Eggs_12pk,Dairy,80.0,80.0,0,69
2024-07-20,Store_B,Eggs_12pk,Dairy,80.0,80.0,0,75
2024-07-21,Store_B,Eggs_12pk,Dairy,80.0,80.0,0,66
2024-07-22,Store_B,Eggs_12pk,Dairy,80.0,80.0,0,52
2024-07-23,Store_B,Eggs_12pk,Dairy,80.0,80.0,0,52
2024-07-24,Store_B,Eggs_12pk,Dairy,80.0,80.0,0,47
2024-07-25,Store_B,Eggs_12pk,Dairy,80.0,80.0,1,83
2024-07-26,Store_B,Eggs_12pk,Dairy,80.0,80.0,0,70
2024-07-27,Store_B,Eggs_12pk,Dairy,80.0,80.0,0,72
2024-07-28,Store_B,Eggs_12pk,Dairy,80.0,80.0,0,69
2024-07-29,Store_B,Eggs_12pk,Dairy,76.07,80.0,0,53
2024-07-30,Store_B,Eggs_12pk,Dairy,80.0,80.0,0,47
2024-07-31,Store_B,Eggs_12pk,Dairy,80.0,80.0,0,45
2024-08-01,Store_B,Eggs_12pk,Dairy,80.0,80.0,0,60
2024-08-02,Store_B,Eggs_12pk,Dairy,80.0,80.0,0,62
2024-08-03,Store_B,Eggs_12pk,Dairy,80.0,80.0,0,70
2024-08-04,Store_B,Eggs_12pk,Dairy,80.0,80.0,1,84
2024-08-05,Store_B,Eggs_12pk,Dairy,80.0,80.0,0,50
2024-08-06,Store_B,Eggs_12pk,Dairy,80.0,80.0,0,48
2024-08-07,Store_B,Eggs_12pk,Dairy,80.0,80.0,0,59
2024-08-08,Store_B,Eggs_12pk,Dairy,80.0,80.0,0,59
2024-08-09,Store_B,Eggs_12pk,Dairy,80.0,80.0,0,64
2024-08-10,Store_B,Eggs_12pk,Dairy,80.0,80.0,0,87
2024-08-11,Store_B,Eggs_12pk,Dairy,80.0,80.0,0,76
2024-08-12,Store_B,Eggs_12pk,Dairy,80.0,80.0,0,48
2024-08-13,Store_B,Eggs_12pk,Dairy,87.32,80.0,0,49
2024-08-14,Store_B,Eggs_12pk,Dairy,80.0,80.0,0,49
2024-08-15,Store_B,Eggs_12pk,Dairy,80.0,80.0,0,54
2024-08-16,Store_B,Eggs_12pk,Dairy,80.0,80.0,0,70
2024-08-17,Store_B,Eggs_12pk,Dairy,80.0,80.0,0,81
2024-08-18,Store_B,Eggs_12pk,Dairy,80.0,80.0,0,70
2024-08-19,Store_B,Eggs_12pk,Dairy,80.0,80.0,0,57
2024-08-20,Store_B,Eggs_12pk,Dairy,80.0,80.0,0,46
2024-08-21,Store_B,Eggs_12pk,Dairy,80.0,80.0,0,54
2024-08-22,Store_B,Eggs_12pk,Dairy,80.0,80.0,0,53
2024-08-23,Store_B,Eggs_12pk,Dairy,80.0,80.0,0,67
2024-08-24,Store_B,Eggs_12pk,Dairy,80.0,80.0,0,68
2024-08-25,Store_B,Eggs_12pk,Dairy,80.0,80.0,0,70
2024-08-26,Store_B,Eggs_12pk,Dairy,80.0,80.0,0,49
2024-08-27,Store_B,Eggs_12pk,Dairy,80.0,80.0,0,45
2024-08-28,Store_B,Eggs_12pk,Dairy,80.0,80.0,0,49
2024-08-29,Store_B,Eggs_12pk,Dairy,80.0,80.0,0,66
2024-08-30,Store_B,Eggs_12pk,Dairy,80.0,80.0,0,70
2024-08-31,Store_B,Eggs_12pk,Dairy,80.0,80.0,0,87
2024-09-01,Store_B,Eggs_12pk,Dairy,80.0,80.0,0,67
2024-09-02,Store_B,Eggs_12pk,Dairy,80.0,80.0,0,62
2024-09-03,Store_B,Eggs_12pk,Dairy,80.0,80.0,0,49
2024-09-04,Store_B,Eggs_12pk,Dairy,72.5,80.0,0,65
2024-09-05,Store_B,Eggs_12pk,Dairy,80.0,80.0,0,55
2024-09-06,Store_B,Eggs_12pk,Dairy,80.0,80.0,0,76
2024-09-07,Store_B,Eggs_12pk,Dairy,80.0,80.0,0,81
2024-09-08,Store_B,Eggs_12pk,Dairy,66.96,80.0,1,125
2024-09-09,Store_B,Eggs_12pk,Dairy,80.0,80.0,0,55
2024-09-10,Store_B,Eggs_12pk,Dairy,80.0,80.0,0,46
2024-09-11,Store_B,Eggs_12pk,Dairy,80.0,80.0,1,82
2024-09-12,Store_B,Eggs_12pk,Dairy,80.0,80.0,0,59
2024-09-13,Store_B,Eggs_12pk,Dairy,80.0,80.0,0,65
2024-09-14,Store_B,Eggs_12pk,Dairy,80.0,80.0,0,95
2024-09-15,Store_B,Eggs_12pk,Dairy,80.0,80.0,0,78
2024-09-16,Store_B,Eggs_12pk,Dairy,80.0,80.0,0,55
2024-09-17,Store_B,Eggs_12pk,Dairy,80.0,80.0,0,51
2024-09-18,Store_B,Eggs_12pk,Dairy,80.0,80.0,0,58
2024-09-19,Store_B,Eggs_12pk,Dairy,80.0,80.0,0,66
2024-09-20,Store_B,Eggs_12pk,Dairy,80.0,80.0,0,71
2024-09-21,Store_B,Eggs_12pk,Dairy,77.92,80.0,0,96
2024-09-22,Store_B,Eggs_12pk,Dairy,80.0,80.0,0,79
2024-09-23,Store_B,Eggs_12pk,Dairy,80.0,80.0,0,59
2024-09-24,Store_B,Eggs_12pk,Dairy,74.66,80.0,0,62
2024-09-25,Store_B,Eggs_12pk,Dairy,80.0,80.0,0,60
2024-09-26,Store_B,Eggs_12pk,Dairy,80.0,80.0,0,68
2024-09-27,Store_B,Eggs_12pk,Dairy,80.0,80.0,0,77
2024-09-28,Store_B,Eggs_12pk,Dairy,80.0,80.0,0,94
2024-09-29,Store_B,Eggs_12pk,Dairy,80.0,80.0,0,76
2024-09-30,Store_B,Eggs_12pk,Dairy,80.0,80.0,0,59
2024-10-01,Store_B,Eggs_12pk,Dairy,80.0,80.0,0,84
2024-10-02,Store_B,Eggs_12pk,Dairy,80.0,80.0,0,97
2024-10-03,Store_B,Eggs_12pk,Dairy,80.0,80.0,0,91
2024-10-04,Store_B,Eggs_12pk,Dairy,88.04,80.0,0,95
2024-10-05,Store_B,Eggs_12pk,Dairy,80.0,80.0,0,121
2024-10-06,Store_B,Eggs_12pk,Dairy,80.0,80.0,0,108
2024-10-07,Store_B,Eggs_12pk,Dairy,80.0,80.0,0,78
2024-10-08,Store_B,Eggs_12pk,Dairy,80.0,80.0,0,81
2024-10-09,Store_B,Eggs_12pk,Dairy,80.0,80.0,0,72
2024-10-10,Store_B,Eggs_12pk,Dairy,80.0,80.0,0,92
2024-10-11,Store_B,Eggs_12pk,Dairy,80.0,80.0,0,112
2024-10-12,Store_B,Eggs_12pk,Dairy,80.0,80.0,1,184
2024-10-13,Store_B,Eggs_12pk,Dairy,80.0,80.0,0,140
2024-10-14,Store_B,Eggs_12pk,Dairy,80.0,80.0,0,70
2024-10-15,Store_B,Eggs_12pk,Dairy,80.0,80.0,0,83
2024-10-16,Store_B,Eggs_12pk,Dairy,80.0,80.0,0,90
2024-10-17,Store_B,Eggs_12pk,Dairy,80.0,80.0,0,85
2024-10-18,Store_B,Eggs_12pk,Dairy,80.0,80.0,0,108
2024-10-19,Store_B,Eggs_12pk,Dairy,80.0,80.0,0,124
2024-10-20,Store_B,Eggs_12pk,Dairy,80.0,80.0,0,120
2024-10-21,Store_B,Eggs_12pk,Dairy,80.0,80.0,1,127
2024-10-22,Store_B,Eggs_12pk,Dairy,80.0,80.0,0,74
2024-10-23,Store_B,Eggs_12pk,Dairy,80.0,80.0,0,90
2024-10-24,Store_B,Eggs_12pk,Dairy,80.0,80.0,0,102
2024-10-25,Store_B,Eggs_12pk,Dairy,80.0,80.0,0,106
2024-10-26,Store_B,Eggs_12pk,Dairy,80.0,80.0,0,107
2024-10-27,Store_B,Eggs_12pk,Dairy,80.0,80.0,0,109
2024-10-28,Store_B,Eggs_12pk,Dairy,80.0,80.0,0,82
2024-10-29,Store_B,Eggs_12pk,Dairy,80.0,80.0,0,78
2024-10-30,Store_B,Eggs_12pk,Dairy,80.0,80.0,0,102
2024-10-31,Store_B,Eggs_12pk,Dairy,80.0,80.0,0,110
2024-11-01,Store_B,Eggs_12pk,Dairy,80.0,80.0,0,128
2024-11-02,Store_B,Eggs_12pk,Dairy,80.0,80.0,0,131
2024-11-03,Store_B,Eggs_12pk,Dairy,80.0,80.0,0,135
2024-11-04,Store_B,Eggs_12pk,Dairy,77.64,80.0,0,84
2024-11-05,Store_B,Eggs_12pk,Dairy,80.0,80.0,0,92
2024-11-06,Store_B,Eggs_12pk,Dairy,80.0,80.0,0,88
2024-11-07,Store_B,Eggs_12pk,Dairy,80.0,80.0,0,101
2024-11-08,Store_B,Eggs_12pk,Dairy,80.0,80.0,0,109
2024-11-09,Store_B,Eggs_12pk,Dairy,86.18,80.0,0,128
2024-11-10,Store_B,Eggs_12pk,Dairy,80.0,80.0,0,126
2024-11-11,Store_B,Eggs_12pk,Dairy,80.0,80.0,0,96
2024-11-12,Store_B,Eggs_12pk,Dairy,80.0,80.0,0,91
2024-11-13,Store_B,Eggs_12pk,Dairy,80.0,80.0,0,95
2024-11-14,Store_B,Eggs_12pk,Dairy,80.0,80.0,0,97
2024-11-15,Store_B,Eggs_12pk,Dairy,85.21,80.0,1,134
2024-11-16,Store_B,Eggs_12pk,Dairy,70.25,80.0,0,169
2024-11-17,Store_B,Eggs_12pk,Dairy,80.0,80.0,1,162
2024-11-18,Store_B,Eggs_12pk,Dairy,80.0,80.0,0,88
2024-11-19,Store_B,Eggs_12pk,Dairy,80.0,80.0,0,89
2024-11-20,Store_B,Eggs_12pk,Dairy,80.0,80.0,0,104
2024-11-21,Store_B,Eggs_12pk,Dairy,75.97,80.0,0,119
2024-11-22,Store_B,Eggs_12pk,Dairy,80.0,80.0,1,171
2024-11-23,Store_B,Eggs_12pk,Dairy,80.0,80.0,0,126
2024-11-24,Store_B,Eggs_12pk,Dairy,73.12,80.0,0,146
2024-11-25,Store_B,Eggs_12pk,Dairy,80.0,80.0,0,102
2024-11-26,Store_B,Eggs_12pk,Dairy,80.0,80.0,1,119
2024-11-27,Store_B,Eggs_12pk,Dairy,80.0,80.0,0,101
2024-11-28,Store_B,Eggs_12pk,Dairy,80.0,80.0,0,112
2024-11-29,Store_B,Eggs_12pk,Dairy,80.0,80.0,0,122
2024-11-30,Store_B,Eggs_12pk,Dairy,65.59,80.0,0,192
2024-12-01,Store_B,Eggs_12pk,Dairy,80.0,80.0,0,121
2024-12-02,Store_B,Eggs_12pk,Dairy,80.0,80.0,0,72
2024-12-03,Store_B,Eggs_12pk,Dairy,80.0,80.0,0,80
2024-12-04,Store_B,Eggs_12pk,Dairy,76.59,80.0,0,102
2024-12-05,Store_B,Eggs_12pk,Dairy,89.42,80.0,0,82
2024-12-06,Store_B,Eggs_12pk,Dairy,76.82,80.0,0,104
2024-12-07,Store_B,Eggs_12pk,Dairy,80.0,80.0,0,116
2024-12-08,Store_B,Eggs_12pk,Dairy,80.0,80.0,0,119
2024-12-09,Store_B,Eggs_12pk,Dairy,83.39,80.0,0,89
2024-12-10,Store_B,Eggs_12pk,Dairy,80.0,80.0,1,120
2024-12-11,Store_B,Eggs_12pk,Dairy,80.0,80.0,0,88
2024-12-12,Store_B,Eggs_12pk,Dairy,80.0,80.0,0,85
2024-12-13,Store_B,Eggs_12pk,Dairy,80.0,80.0,0,98
2024-12-14,Store_B,Eggs_12pk,Dairy,80.0,80.0,0,135
2024-12-15,Store_B,Eggs_12pk,Dairy,80.0,80.0,0,120
2024-12-16,Store_B,Eggs_12pk,Dairy,80.0,80.0,0,96
2024-12-17,Store_B,Eggs_12pk,Dairy,80.0,80.0,0,90
2024-12-18,Store_B,Eggs_12pk,Dairy,80.0,80.0,0,85
2024-12-19,Store_B,Eggs_12pk,Dairy,79.59,80.0,0,83
2024-12-20,Store_B,Eggs_12pk,Dairy,80.0,80.0,0,98
2024-12-21,Store_B,Eggs_12pk,Dairy,80.0,80.0,0,126
2024-12-22,Store_B,Eggs_12pk,Dairy,80.0,80.0,0,116
2024-12-23,Store_B,Eggs_12pk,Dairy,74.22,80.0,0,110
2024-12-24,Store_B,Eggs_12pk,Dairy,80.0,80.0,0,77
2024-12-25,Store_B,Eggs_12pk,Dairy,80.0,80.0,0,87
2024-12-26,Store_B,Eggs_12pk,Dairy,80.0,80.0,1,115
2024-12-27,Store_B,Eggs_12pk,Dairy,80.0,80.0,0,109
2024-12-28,Store_B,Eggs_12pk,Dairy,80.0,80.0,0,136
2024-12-29,Store_B,Eggs_12pk,Dairy,80.0,80.0,0,122
2024-12-30,Store_B,Eggs_12pk,Dairy,86.66,80.0,0,72
2024-12-31,Store_B,Eggs_12pk,Dairy,80.0,80.0,0,78
2025-01-01,Store_B,Eggs_12pk,Dairy,80.0,80.0,0,67
2025-01-02,Store_B,Eggs_12pk,Dairy,80.0,80.0,0,79
2025-01-03,Store_B,Eggs_12pk,Dairy,80.0,80.0,0,96
2025-01-04,Store_B,Eggs_12pk,Dairy,80.0,80.0,0,112
2025-01-05,Store_B,Eggs_12pk,Dairy,80.0,80.0,0,96
2025-01-06,Store_B,Eggs_12pk,Dairy,80.0,80.0,0,71
2025-01-07,Store_B,Eggs_12pk,Dairy,80.0,80.0,0,71
2025-01-08,Store_B,Eggs_12pk,Dairy,80.0,80.0,1,118
2025-01-09,Store_B,Eggs_12pk,Dairy,64.95,80.0,0,93
2025-01-10,Store_B,Eggs_12pk,Dairy,76.02,80.0,1,142
2025-01-11,Store_B,Eggs_12pk,Dairy,80.0,80.0,0,107
2025-01-12,Store_B,Eggs_12pk,Dairy,80.0,80.0,0,102
2025-01-13,Store_B,Eggs_12pk,Dairy,80.0,80.0,0,75
2025-01-14,Store_B,Eggs_12pk,Dairy,80.0,80.0,0,69
2025-01-15,Store_B,Eggs_12pk,Dairy,88.82,80.0,0,70
2025-01-16,Store_B,Eggs_12pk,Dairy,80.0,80.0,0,79
2025-01-17,Store_B,Eggs_12pk,Dairy,80.0,80.0,0,96
2025-01-18,Store_B,Eggs_12pk,Dairy,90.12,80.0,0,98
2025-01-19,Store_B,Eggs_12pk,Dairy,90.99,80.0,0,83
2025-01-20,Store_B,Eggs_12pk,Dairy,80.0,80.0,1,103
2025-01-21,Store_B,Eggs_12pk,Dairy,91.1,80.0,0,63
2025-01-22,Store_B,Eggs_12pk,Dairy,80.0,80.0,0,71
2025-01-23,Store_B,Eggs_12pk,Dairy,80.0,80.0,0,80
2025-01-24,Store_B,Eggs_12pk,Dairy,80.0,80.0,1,131
2025-01-25,Store_B,Eggs_12pk,Dairy,80.0,80.0,0,120
2025-01-26,Store_B,Eggs_12pk,Dairy,80.0,80.0,0,118
2025-01-27,Store_B,Eggs_12pk,Dairy,76.15,80.0,0,80
2025-01-28,Store_B,Eggs_12pk,Dairy,80.0,80.0,0,68
2025-01-29,Store_B,Eggs_12pk,Dairy,80.0,80.0,0,68
2025-01-30,Store_B,Eggs_12pk,Dairy,80.0,80.0,0,67
2025-01-31,Store_B,Eggs_12pk,Dairy,65.36,80.0,0,121
2025-02-01,Store_B,Eggs_12pk,Dairy,80.0,80.0,0,107
2025-02-02,Store_B,Eggs_12pk,Dairy,80.0,80.0,0,103
2025-02-03,Store_B,Eggs_12pk,Dairy,80.0,80.0,1,96
2025-02-04,Store_B,Eggs_12pk,Dairy,80.0,80.0,0,69
2025-02-05,Store_B,Eggs_12pk,Dairy,80.0,80.0,0,62
2025-02-06,Store_B,Eggs_12pk,Dairy,80.0,80.0,0,79
2025-02-07,Store_B,Eggs_12pk,Dairy,84.0,80.0,0,89
2025-02-08,Store_B,Eggs_12pk,Dairy,80.0,80.0,0,112
2025-02-09,Store_B,Eggs_12pk,Dairy,80.0,80.0,0,104
2025-02-10,Store_B,Eggs_12pk,Dairy,80.0,80.0,0,78
2025-02-11,Store_B,Eggs_12pk,Dairy,80.0,80.0,0,70
2025-02-12,Store_B,Eggs_12pk,Dairy,80.0,80.0,0,69
2025-02-13,Store_B,Eggs_12pk,Dairy,66.63,80.0,0,101
2025-02-14,Store_B,Eggs_12pk,Dairy,80.78,80.0,0,76
2025-02-15,Store_B,Eggs_12pk,Dairy,80.0,80.0,0,113
2025-02-16,Store_B,Eggs_12pk,Dairy,80.0,80.0,0,101
2025-02-17,Store_B,Eggs_12pk,Dairy,80.0,80.0,0,72
2025-02-18,Store_B,Eggs_12pk,Dairy,80.0,80.0,0,62
2025-02-19,Store_B,Eggs_12pk,Dairy,80.0,80.0,0,64
2025-02-20,Store_B,Eggs_12pk,Dairy,75.16,80.0,0,91
2025-02-21,Store_B,Eggs_12pk,Dairy,80.0,80.0,0,98
2025-02-22,Store_B,Eggs_12pk,Dairy,80.0,80.0,0,110
2025-02-23,Store_B,Eggs_12pk,Dairy,85.66,80.0,0,87
2025-02-24,Store_B,Eggs_12pk,Dairy,80.0,80.0,0,84
2025-02-25,Store_B,Eggs_12pk,Dairy,80.0,80.0,0,57
2025-02-26,Store_B,Eggs_12pk,Dairy,80.0,80.0,0,73
2025-02-27,Store_B,Eggs_12pk,Dairy,81.2,80.0,0,65
2025-02-28,Store_B,Eggs_12pk,Dairy,80.0,80.0,0,89
2025-03-01,Store_B,Eggs_12pk,Dairy,80.0,80.0,1,135
2025-03-02,Store_B,Eggs_12pk,Dairy,80.0,80.0,0,91
2025-03-03,Store_B,Eggs_12pk,Dairy,80.0,80.0,0,63
2025-03-04,Store_B,Eggs_12pk,Dairy,80.0,80.0,0,71
2025-03-05,Store_B,Eggs_12pk,Dairy,80.0,80.0,0,70
2025-03-06,Store_B,Eggs_12pk,Dairy,80.0,80.0,0,80
2025-03-07,Store_B,Eggs_12pk,Dairy,80.0,80.0,0,88
2025-03-08,Store_B,Eggs_12pk,Dairy,80.0,80.0,0,112
2025-03-09,Store_B,Eggs_12pk,Dairy,80.0,80.0,0,96
2025-03-10,Store_B,Eggs_12pk,Dairy,80.0,80.0,0,75
2025-03-11,Store_B,Eggs_12pk,Dairy,80.0,80.0,0,71
2025-03-12,Store_B,Eggs_12pk,Dairy,67.97,80.0,0,92
2025-03-13,Store_B,Eggs_12pk,Dairy,80.0,80.0,0,72
2025-03-14,Store_B,Eggs_12pk,Dairy,80.0,80.0,0,96
2025-03-15,Store_B,Eggs_12pk,Dairy,77.15,80.0,0,111
2025-03-16,Store_B,Eggs_12pk,Dairy,80.0,80.0,0,107
2025-03-17,Store_B,Eggs_12pk,Dairy,80.0,80.0,0,72
2025-03-18,Store_B,Eggs_12pk,Dairy,80.0,80.0,0,71
2025-03-19,Store_B,Eggs_12pk,Dairy,80.0,80.0,0,68
2025-03-20,Store_B,Eggs_12pk,Dairy,85.44,80.0,0,55
2025-03-21,Store_B,Eggs_12pk,Dairy,80.0,80.0,0,92
2025-03-22,Store_B,Eggs_12pk,Dairy,80.0,80.0,0,108
2025-03-23,Store_B,Eggs_12pk,Dairy,80.0,80.0,0,73
2025-03-24,Store_B,Eggs_12pk,Dairy,80.0,80.0,0,72
2025-03-25,Store_B,Eggs_12pk,Dairy,89.99,80.0,0,48
2025-03-26,Store_B,Eggs_12pk,Dairy,80.0,80.0,0,82
2025-03-27,Store_B,Eggs_12pk,Dairy,80.0,80.0,0,74
2025-03-28,Store_B,Eggs_12pk,Dairy,81.58,80.0,0,86
2025-03-29,Store_B,Eggs_12pk,Dairy,80.0,80.0,0,109
2025-03-30,Store_B,Eggs_12pk,Dairy,80.0,80.0,0,92
2025-03-31,Store_B,Eggs_12pk,Dairy,80.0,80.0,0,75
2025-04-01,Store_B,Eggs_12pk,Dairy,80.0,80.0,0,64
2025-04-02,Store_B,Eggs_12pk,Dairy,81.34,80.0,0,76
2025-04-03,Store_B,Eggs_12pk,Dairy,80.0,80.0,0,68
2025-04-04,Store_B,Eggs_12pk,Dairy,80.0,80.0,0,84
2025-04-05,Store_B,Eggs_12pk,Dairy,80.0,80.0,1,135
2025-04-06,Store_B,Eggs_12pk,Dairy,80.0,80.0,0,99
2025-04-07,Store_B,Eggs_12pk,Dairy,69.92,80.0,0,75
2025-04-08,Store_B,Eggs_12pk,Dairy,80.0,80.0,0,67
2025-04-09,Store_B,Eggs_12pk,Dairy,80.0,80.0,0,77
2025-04-10,Store_B,Eggs_12pk,Dairy,80.0,80.0,0,69
2025-04-11,Store_B,Eggs_12pk,Dairy,80.0,80.0,0,86
2025-04-12,Store_B,Eggs_12pk,Dairy,80.0,80.0,1,152
2025-04-13,Store_B,Eggs_12pk,Dairy,80.0,80.0,0,91
2025-04-14,Store_B,Eggs_12pk,Dairy,79.51,80.0,0,69
2025-04-15,Store_B,Eggs_12pk,Dairy,66.43,80.0,0,85
2025-04-16,Store_B,Eggs_12pk,Dairy,80.0,80.0,1,86
2025-04-17,Store_B,Eggs_12pk,Dairy,80.0,80.0,0,67
2025-04-18,Store_B,Eggs_12pk,Dairy,80.0,80.0,0,91
2025-04-19,Store_B,Eggs_12pk,Dairy,87.51,80.0,0,88
2025-04-20,Store_B,Eggs_12pk,Dairy,80.0,80.0,0,91
2025-04-21,Store_B,Eggs_12pk,Dairy,80.0,80.0,0,60
2025-04-22,Store_B,Eggs_12pk,Dairy,80.0,80.0,1,75
2025-04-23,Store_B,Eggs_12pk,Dairy,80.0,80.0,0,65
2025-04-24,Store_B,Eggs_12pk,Dairy,71.54,80.0,0,92
2025-04-25,Store_B,Eggs_12pk,Dairy,80.0,80.0,1,123
2025-04-26,Store_B,Eggs_12pk,Dairy,80.0,80.0,0,110
2025-04-27,Store_B,Eggs_12pk,Dairy,80.0,80.0,0,105
2025-04-28,Store_B,Eggs_12pk,Dairy,80.0,80.0,0,73
2025-04-29,Store_B,Eggs_12pk,Dairy,71.75,80.0,0,70
2025-04-30,Store_B,Eggs_12pk,Dairy,80.0,80.0,0,70
2025-05-01,Store_B,Eggs_12pk,Dairy,80.0,80.0,0,65
2025-05-02,Store_B,Eggs_12pk,Dairy,80.0,80.0,0,78
2025-05-03,Store_B,Eggs_12pk,Dairy,80.0,80.0,0,99
2025-05-04,Store_B,Eggs_12pk,Dairy,80.0,80.0,0,83
2025-05-05,Store_B,Eggs_12pk,Dairy,80.0,80.0,0,64
2025-05-06,Store_B,Eggs_12pk,Dairy,80.0,80.0,0,60
2025-05-07,Store_B,Eggs_12pk,Dairy,80.0,80.0,0,59
2025-05-08,Store_B,Eggs_12pk,Dairy,80.0,80.0,0,70
2025-05-09,Store_B,Eggs_12pk,Dairy,80.0,80.0,0,94
2025-05-10,Store_B,Eggs_12pk,Dairy,80.0,80.0,0,90
2025-05-11,Store_B,Eggs_12pk,Dairy,80.0,80.0,0,87
2025-05-12,Store_B,Eggs_12pk,Dairy,80.0,80.0,0,71
2025-05-13,Store_B,Eggs_12pk,Dairy,80.0,80.0,0,68
2025-05-14,Store_B,Eggs_12pk,Dairy,80.0,80.0,1,85
2025-05-15,Store_B,Eggs_12pk,Dairy,80.0,80.0,0,65
2025-05-16,Store_B,Eggs_12pk,Dairy,80.0,80.0,0,88
2025-05-17,Store_B,Eggs_12pk,Dairy,74.06,80.0,0,93
2025-05-18,Store_B,Eggs_12pk,Dairy,80.0,80.0,0,87
2025-05-19,Store_B,Eggs_12pk,Dairy,80.0,80.0,0,62
2025-05-20,Store_B,Eggs_12pk,Dairy,80.0,80.0,0,48
2025-05-21,Store_B,Eggs_12pk,Dairy,80.0,80.0,0,65
2025-05-22,Store_B,Eggs_12pk,Dairy,80.0,80.0,0,68
2025-05-23,Store_B,Eggs_12pk,Dairy,80.0,80.0,0,75
2025-05-24,Store_B,Eggs_12pk,Dairy,80.0,80.0,0,98
2025-05-25,Store_B,Eggs_12pk,Dairy,80.0,80.0,0,75
2025-05-26,Store_B,Eggs_12pk,Dairy,82.07,80.0,0,70
2025-05-27,Store_B,Eggs_12pk,Dairy,80.0,80.0,0,53
2025-05-28,Store_B,Eggs_12pk,Dairy,80.0,80.0,0,63
2025-05-29,Store_B,Eggs_12pk,Dairy,80.0,80.0,0,67
2025-05-30,Store_B,Eggs_12pk,Dairy,80.0,80.0,0,80
2025-05-31,Store_B,Eggs_12pk,Dairy,80.0,80.0,0,88
2025-06-01,Store_B,Eggs_12pk,Dairy,80.0,80.0,1,109
2025-06-02,Store_B,Eggs_12pk,Dairy,80.0,80.0,0,57
2025-06-03,Store_B,Eggs_12pk,Dairy,76.21,80.0,0,53
2025-06-04,Store_B,Eggs_12pk,Dairy,67.12,80.0,0,86
2025-06-05,Store_B,Eggs_12pk,Dairy,80.0,80.0,0,73
2025-06-06,Store_B,Eggs_12pk,Dairy,80.0,80.0,0,76
2025-06-07,Store_B,Eggs_12pk,Dairy,80.0,80.0,0,94
2025-06-08,Store_B,Eggs_12pk,Dairy,80.0,80.0,0,79
2025-06-09,Store_B,Eggs_12pk,Dairy,80.0,80.0,0,60
2025-06-10,Store_B,Eggs_12pk,Dairy,80.0,80.0,0,50
2025-06-11,Store_B,Eggs_12pk,Dairy,80.0,80.0,0,59
2025-06-12,Store_B,Eggs_12pk,Dairy,79.1,80.0,0,62
2025-06-13,Store_B,Eggs_12pk,Dairy,80.0,80.0,0,82
2025-06-14,Store_B,Eggs_12pk,Dairy,80.0,80.0,0,85
2025-06-15,Store_B,Eggs_12pk,Dairy,81.82,80.0,0,86
2025-06-16,Store_B,Eggs_12pk,Dairy,80.0,80.0,0,60
2025-06-17,Store_B,Eggs_12pk,Dairy,80.0,80.0,0,47
2025-06-18,Store_B,Eggs_12pk,Dairy,80.0,80.0,0,61
2025-06-19,Store_B,Eggs_12pk,Dairy,80.0,80.0,0,64
2025-06-20,Store_B,Eggs_12pk,Dairy,84.33,80.0,0,68
2025-06-21,Store_B,Eggs_12pk,Dairy,80.0,80.0,0,92
2025-06-22,Store_B,Eggs_12pk,Dairy,87.32,80.0,0,65
2025-06-23,Store_B,Eggs_12pk,Dairy,80.0,80.0,0,63
2025-06-24,Store_B,Eggs_12pk,Dairy,80.0,80.0,0,54
2025-06-25,Store_B,Eggs_12pk,Dairy,69.58,80.0,0,68
2025-06-26,Store_B,Eggs_12pk,Dairy,80.0,80.0,1,92
2025-06-27,Store_B,Eggs_12pk,Dairy,80.0,80.0,0,82
2025-06-28,Store_B,Eggs_12pk,Dairy,80.85,80.0,0,95
2025-06-29,Store_B,Eggs_12pk,Dairy,82.45,80.0,0,72
2025-06-30,Store_B,Eggs_12pk,Dairy,80.0,80.0,0,52
2025-07-01,Store_B,Eggs_12pk,Dairy,73.34,80.0,1,84
2025-07-02,Store_B,Eggs_12pk,Dairy,80.0,80.0,0,52
2025-07-03,Store_B,Eggs_12pk,Dairy,80.0,80.0,0,64
2025-07-04,Store_B,Eggs_12pk,Dairy,80.0,80.0,0,78
2025-07-05,Store_B,Eggs_12pk,Dairy,90.58,80.0,1,79
2025-07-06,Store_B,Eggs_12pk,Dairy,80.0,80.0,0,67
2025-07-07,Store_B,Eggs_12pk,Dairy,84.76,80.0,0,51
2025-07-08,Store_B,Eggs_12pk,Dairy,80.0,80.0,0,46
2025-07-09,Store_B,Eggs_12pk,Dairy,80.0,80.0,0,64
2025-07-10,Store_B,Eggs_12pk,Dairy,80.0,80.0,0,55
2025-07-11,Store_B,Eggs_12pk,Dairy,80.0,80.0,0,73
2025-07-12,Store_B,Eggs_12pk,Dairy,80.0,80.0,0,80
2025-07-13,Store_B,Eggs_12pk,Dairy,80.0,80.0,0,82
2025-07-14,Store_B,Eggs_12pk,Dairy,80.0,80.0,0,54
2025-07-15,Store_B,Eggs_12pk,Dairy,80.0,80.0,0,51
2025-07-16,Store_B,Eggs_12pk,Dairy,80.0,80.0,0,66
2025-07-17,Store_B,Eggs_12pk,Dairy,80.0,80.0,0,56
2025-07-18,Store_B,Eggs_12pk,Dairy,80.0,80.0,0,74
2025-07-19,Store_B,Eggs_12pk,Dairy,80.0,80.0,0,91
2025-07-20,Store_B,Eggs_12pk,Dairy,80.0,80.0,0,79
2025-07-21,Store_B,Eggs_12pk,Dairy,80.0,80.0,0,60
2025-07-22,Store_B,Eggs_12pk,Dairy,80.0,80.0,0,61
2025-07-23,Store_B,Eggs_12pk,Dairy,80.0,80.0,0,59
2025-07-24,Store_B,Eggs_12pk,Dairy,72.95,80.0,0,71
2025-07-25,Store_B,Eggs_12pk,Dairy,80.0,80.0,0,74
2025-07-26,Store_B,Eggs_12pk,Dairy,80.0,80.0,0,96
2025-07-27,Store_B,Eggs_12pk,Dairy,85.46,80.0,0,72
2025-07-28,Store_B,Eggs_12pk,Dairy,80.0,80.0,0,49
2025-07-29,Store_B,Eggs_12pk,Dairy,80.0,80.0,0,52
2025-07-30,Store_B,Eggs_12pk,Dairy,75.64,80.0,0,68
2025-07-31,Store_B,Eggs_12pk,Dairy,80.0,80.0,0,69
2025-08-01,Store_B,Eggs_12pk,Dairy,80.0,80.0,0,75
2025-08-02,Store_B,Eggs_12pk,Dairy,80.0,80.0,0,87
2025-08-03,Store_B,Eggs_12pk,Dairy,80.0,80.0,0,80
2025-08-04,Store_B,Eggs_12pk,Dairy,80.0,80.0,0,51
2025-08-05,Store_B,Eggs_12pk,Dairy,87.01,80.0,0,42
2025-08-06,Store_B,Eggs_12pk,Dairy,82.95,80.0,0,53
2025-08-07,Store_B,Eggs_12pk,Dairy,80.98,80.0,0,69
2025-08-08,Store_B,Eggs_12pk,Dairy,80.0,80.0,0,77
2025-08-09,Store_B,Eggs_12pk,Dairy,80.0,80.0,0,90
2025-08-10,Store_B,Eggs_12pk,Dairy,80.0,80.0,0,79
2025-08-11,Store_B,Eggs_12pk,Dairy,80.0,80.0,1,80
2025-08-12,Store_B,Eggs_12pk,Dairy,76.64,80.0,0,60
2025-08-13,Store_B,Eggs_12pk,Dairy,80.0,80.0,0,61
2025-08-14,Store_B,Eggs_12pk,Dairy,80.0,80.0,0,67
2025-08-15,Store_B,Eggs_12pk,Dairy,80.0,80.0,0,77
2025-08-16,Store_B,Eggs_12pk,Dairy,80.0,80.0,0,103
2025-08-17,Store_B,Eggs_12pk,Dairy,80.0,80.0,0,93
2025-08-18,Store_B,Eggs_12pk,Dairy,76.34,80.0,0,63
2025-08-19,Store_B,Eggs_12pk,Dairy,80.0,80.0,1,85
2025-08-20,Store_B,Eggs_12pk,Dairy,80.0,80.0,0,63
2025-08-21,Store_B,Eggs_12pk,Dairy,80.0,80.0,0,63
2025-08-22,Store_B,Eggs_12pk,Dairy,80.0,80.0,1,116
2025-08-23,Store_B,Eggs_12pk,Dairy,80.0,80.0,0,86
2025-08-24,Store_B,Eggs_12pk,Dairy,75.61,80.0,0,81
2025-08-25,Store_B,Eggs_12pk,Dairy,80.0,80.0,0,64
2025-08-26,Store_B,Eggs_12pk,Dairy,69.87,80.0,0,61
2025-08-27,Store_B,Eggs_12pk,Dairy,80.0,80.0,0,63
2025-08-28,Store_B,Eggs_12pk,Dairy,80.0,80.0,0,73
2025-08-29,Store_B,Eggs_12pk,Dairy,80.0,80.0,0,76
2025-08-30,Store_B,Eggs_12pk,Dairy,80.0,80.0,0,81
2025-08-31,Store_B,Eggs_12pk,Dairy,80.0,80.0,0,76
2025-09-01,Store_B,Eggs_12pk,Dairy,80.0,80.0,0,63
2025-09-02,Store_B,Eggs_12pk,Dairy,80.0,80.0,0,54
2025-09-03,Store_B,Eggs_12pk,Dairy,80.0,80.0,0,65
2025-09-04,Store_B,Eggs_12pk,Dairy,67.56,80.0,0,79
2025-09-05,Store_B,Eggs_12pk,Dairy,79.19,80.0,0,77
2025-09-06,Store_B,Eggs_12pk,Dairy,80.0,80.0,0,89
2025-09-07,Store_B,Eggs_12pk,Dairy,80.0,80.0,0,89
2025-09-08,Store_B,Eggs_12pk,Dairy,80.0,80.0,0,57
2025-09-09,Store_B,Eggs_12pk,Dairy,80.0,80.0,0,70
2025-09-10,Store_B,Eggs_12pk,Dairy,85.45,80.0,0,59
2025-09-11,Store_B,Eggs_12pk,Dairy,80.0,80.0,0,65
2025-09-12,Store_B,Eggs_12pk,Dairy,85.89,80.0,0,79
2025-09-13,Store_B,Eggs_12pk,Dairy,80.0,80.0,0,103
2025-09-14,Store_B,Eggs_12pk,Dairy,80.0,80.0,0,95
2025-09-15,Store_B,Eggs_12pk,Dairy,80.0,80.0,0,71
2025-09-16,Store_B,Eggs_12pk,Dairy,87.69,80.0,0,57
2025-09-17,Store_B,Eggs_12pk,Dairy,80.0,80.0,0,62
2025-09-18,Store_B,Eggs_12pk,Dairy,65.13,80.0,0,84
2025-09-19,Store_B,Eggs_12pk,Dairy,80.0,80.0,0,82
2025-09-20,Store_B,Eggs_12pk,Dairy,74.46,80.0,0,114
2025-09-21,Store_B,Eggs_12pk,Dairy,80.0,80.0,0,88
2025-09-22,Store_B,Eggs_12pk,Dairy,75.76,80.0,0,72
2025-09-23,Store_B,Eggs_12pk,Dairy,80.0,80.0,0,63
2025-09-24,Store_B,Eggs_12pk,Dairy,80.0,80.0,0,66
2025-09-25,Store_B,Eggs_12pk,Dairy,70.23,80.0,0,81
2025-09-26,Store_B,Eggs_12pk,Dairy,80.0,80.0,0,80
2025-09-27,Store_B,Eggs_12pk,Dairy,80.0,80.0,0,85
2025-09-28,Store_B,Eggs_12pk,Dairy,80.0,80.0,0,88
2025-09-29,Store_B,Eggs_12pk,Dairy,80.0,80.0,0,70
2025-09-30,Store_B,Eggs_12pk,Dairy,80.0,80.0,0,59
2025-10-01,Store_B,Eggs_12pk,Dairy,80.0,80.0,0,105
2025-10-02,Store_B,Eggs_12pk,Dairy,80.0,80.0,0,103
2025-10-03,Store_B,Eggs_12pk,Dairy,87.25,80.0,0,123
2025-10-04,Store_B,Eggs_12pk,Dairy,80.0,80.0,0,136
2025-10-05,Store_B,Eggs_12pk,Dairy,80.0,80.0,0,123
2025-10-06,Store_B,Eggs_12pk,Dairy,80.0,80.0,0,100
2025-10-07,Store_B,Eggs_12pk,Dairy,80.0,80.0,0,98
2025-10-08,Store_B,Eggs_12pk,Dairy,80.0,80.0,0,89
2025-10-09,Store_B,Eggs_12pk,Dairy,80.0,80.0,0,97
2025-10-10,Store_B,Eggs_12pk,Dairy,77.63,80.0,0,148
2025-10-11,Store_B,Eggs_12pk,Dairy,80.0,80.0,0,147
2025-10-12,Store_B,Eggs_12pk,Dairy,80.0,80.0,0,132
2025-10-13,Store_B,Eggs_12pk,Dairy,80.0,80.0,0,110
2025-10-14,Store_B,Eggs_12pk,Dairy,80.0,80.0,0,95
2025-10-15,Store_B,Eggs_12pk,Dairy,80.0,80.0,0,98
2025-10-16,Store_B,Eggs_12pk,Dairy,80.0,80.0,0,112
2025-10-17,Store_B,Eggs_12pk,Dairy,65.54,80.0,0,155
2025-10-18,Store_B,Eggs_12pk,Dairy,80.0,80.0,0,160
2025-10-19,Store_B,Eggs_12pk,Dairy,80.0,80.0,0,127
2025-10-20,Store_B,Eggs_12pk,Dairy,80.0,80.0,0,108
2025-10-21,Store_B,Eggs_12pk,Dairy,80.0,80.0,0,87
2025-10-22,Store_B,Eggs_12pk,Dairy,80.0,80.0,0,97
2025-10-23,Store_B,Eggs_12pk,Dairy,84.99,80.0,1,121
2025-10-24,Store_B,Eggs_12pk,Dairy,80.0,80.0,0,127
2025-10-25,Store_B,Eggs_12pk,Dairy,80.0,80.0,0,148
2025-10-26,Store_B,Eggs_12pk,Dairy,80.0,80.0,0,143
2025-10-27,Store_B,Eggs_12pk,Dairy,80.0,80.0,0,110
2025-10-28,Store_B,Eggs_12pk,Dairy,80.0,80.0,0,113
2025-10-29,Store_B,Eggs_12pk,Dairy,80.0,80.0,0,89
2025-10-30,Store_B,Eggs_12pk,Dairy,80.0,80.0,1,152
2025-10-31,Store_B,Eggs_12pk,Dairy,69.08,80.0,0,166
2025-11-01,Store_B,Eggs_12pk,Dairy,80.0,80.0,0,143
2025-11-02,Store_B,Eggs_12pk,Dairy,80.0,80.0,0,145
2025-11-03,Store_B,Eggs_12pk,Dairy,80.0,80.0,0,118
2025-11-04,Store_B,Eggs_12pk,Dairy,80.0,80.0,0,89
2025-11-05,Store_B,Eggs_12pk,Dairy,80.0,80.0,0,96
2025-11-06,Store_B,Eggs_12pk,Dairy,80.0,80.0,0,108
2025-11-07,Store_B,Eggs_12pk,Dairy,80.0,80.0,0,142
2025-11-08,Store_B,Eggs_12pk,Dairy,72.53,80.0,0,167
2025-11-09,Store_B,Eggs_12pk,Dairy,80.0,80.0,0,132
2025-11-10,Store_B,Eggs_12pk,Dairy,80.0,80.0,0,105
2025-11-11,Store_B,Eggs_12pk,Dairy,80.0,80.0,0,98
2025-11-12,Store_B,Eggs_12pk,Dairy,80.0,80.0,0,118
2025-11-13,Store_B,Eggs_12pk,Dairy,80.0,80.0,0,111
2025-11-14,Store_B,Eggs_12pk,Dairy,80.0,80.0,0,126
2025-11-15,Store_B,Eggs_12pk,Dairy,80.0,80.0,0,161
2025-11-16,Store_B,Eggs_12pk,Dairy,80.0,80.0,0,147
2025-11-17,Store_B,Eggs_12pk,Dairy,80.0,80.0,0,109
2025-11-18,Store_B,Eggs_12pk,Dairy,80.0,80.0,0,94
2025-11-19,Store_B,Eggs_12pk,Dairy,80.0,80.0,0,121
2025-11-20,Store_B,Eggs_12pk,Dairy,88.34,80.0,1,140
2025-11-21,Store_B,Eggs_12pk,Dairy,80.0,80.0,0,134
2025-11-22,Store_B,Eggs_12pk,Dairy,80.0,80.0,0,150
2025-11-23,Store_B,Eggs_12pk,Dairy,78.32,80.0,0,156
2025-11-24,Store_B,Eggs_12pk,Dairy,80.0,80.0,0,112
2025-11-25,Store_B,Eggs_12pk,Dairy,80.0,80.0,0,102
2025-11-26,Store_B,Eggs_12pk,Dairy,80.0,80.0,0,123
2025-11-27,Store_B,Eggs_12pk,Dairy,80.0,80.0,1,155
2025-11-28,Store_B,Eggs_12pk,Dairy,80.0,80.0,0,163
2025-11-29,Store_B,Eggs_12pk,Dairy,80.0,80.0,0,156
2025-11-30,Store_B,Eggs_12pk,Dairy,80.0,80.0,0,149
2025-12-01,Store_B,Eggs_12pk,Dairy,72.19,80.0,0,98
2025-12-02,Store_B,Eggs_12pk,Dairy,80.0,80.0,0,98
2025-12-03,Store_B,Eggs_12pk,Dairy,80.0,80.0,0,94
2025-12-04,Store_B,Eggs_12pk,Dairy,80.0,80.0,0,107
2025-12-05,Store_B,Eggs_12pk,Dairy,76.7,80.0,0,127
2025-12-06,Store_B,Eggs_12pk,Dairy,80.0,80.0,0,138
2025-12-07,Store_B,Eggs_12pk,Dairy,80.0,80.0,0,138
2025-12-08,Store_B,Eggs_12pk,Dairy,80.0,80.0,0,83
2025-12-09,Store_B,Eggs_12pk,Dairy,80.0,80.0,0,92
2025-12-10,Store_B,Eggs_12pk,Dairy,74.27,80.0,1,156
2025-12-11,Store_B,Eggs_12pk,Dairy,80.0,80.0,0,105
2025-12-12,Store_B,Eggs_12pk,Dairy,80.0,80.0,0,133
2025-12-13,Store_B,Eggs_12pk,Dairy,85.54,80.0,0,130
2025-12-14,Store_B,Eggs_12pk,Dairy,80.0,80.0,0,145
2025-12-15,Store_B,Eggs_12pk,Dairy,80.0,80.0,0,110
2025-12-16,Store_B,Eggs_12pk,Dairy,80.0,80.0,0,96
2025-12-17,Store_B,Eggs_12pk,Dairy,80.0,80.0,0,111
2025-12-18,Store_B,Eggs_12pk,Dairy,80.0,80.0,0,97
2025-12-19,Store_B,Eggs_12pk,Dairy,80.0,80.0,0,125
2025-12-20,Store_B,Eggs_12pk,Dairy,80.0,80.0,0,123
2025-12-21,Store_B,Eggs_12pk,Dairy,75.98,80.0,0,146
2025-12-22,Store_B,Eggs_12pk,Dairy,80.0,80.0,0,114
2025-12-23,Store_B,Eggs_12pk,Dairy,80.0,80.0,0,111
2025-12-24,Store_B,Eggs_12pk,Dairy,80.0,80.0,0,112
2025-12-25,Store_B,Eggs_12pk,Dairy,80.0,80.0,0,107
2025-12-26,Store_B,Eggs_12pk,Dairy,78.85,80.0,0,125
2025-12-27,Store_B,Eggs_12pk,Dairy,80.0,80.0,0,135
2025-12-28,Store_B,Eggs_12pk,Dairy,80.0,80.0,0,135
2025-12-29,Store_B,Eggs_12pk,Dairy,80.0,80.0,1,138
2025-12-30,Store_B,Eggs_12pk,Dairy,80.0,80.0,1,113
2024-01-01,Store_B,Cooking_Oil_1L,Staples,140.0,140.0,0,45
2024-01-02,Store_B,Cooking_Oil_1L,Staples,140.0,140.0,0,37
2024-01-03,Store_B,Cooking_Oil_1L,Staples,140.0,140.0,0,37
2024-01-04,Store_B,Cooking_Oil_1L,Staples,115.43,140.0,0,50
2024-01-05,Store_B,Cooking_Oil_1L,Staples,140.0,140.0,0,50
2024-01-06,Store_B,Cooking_Oil_1L,Staples,140.0,140.0,1,84
2024-01-07,Store_B,Cooking_Oil_1L,Staples,140.0,140.0,0,60
2024-01-08,Store_B,Cooking_Oil_1L,Staples,140.9,140.0,0,37
2024-01-09,Store_B,Cooking_Oil_1L,Staples,140.0,140.0,0,44
2024-01-10,Store_B,Cooking_Oil_1L,Staples,140.0,140.0,0,40
2024-01-11,Store_B,Cooking_Oil_1L,Staples,140.0,140.0,0,41
2024-01-12,Store_B,Cooking_Oil_1L,Staples,140.0,140.0,0,53
2024-01-13,Store_B,Cooking_Oil_1L,Staples,140.0,140.0,0,74
2024-01-14,Store_B,Cooking_Oil_1L,Staples,140.0,140.0,0,56
2024-01-15,Store_B,Cooking_Oil_1L,Staples,140.0,140.0,0,41
2024-01-16,Store_B,Cooking_Oil_1L,Staples,140.0,140.0,0,40
2024-01-17,Store_B,Cooking_Oil_1L,Staples,140.0,140.0,0,45
2024-01-18,Store_B,Cooking_Oil_1L,Staples,140.0,140.0,0,47
2024-01-19,Store_B,Cooking_Oil_1L,Staples,140.0,140.0,0,55
2024-01-20,Store_B,Cooking_Oil_1L,Staples,140.0,140.0,0,68
2024-01-21,Store_B,Cooking_Oil_1L,Staples,140.0,140.0,0,56
2024-01-22,Store_B,Cooking_Oil_1L,Staples,140.0,140.0,0,41
2024-01-23,Store_B,Cooking_Oil_1L,Staples,140.0,140.0,0,40
2024-01-24,Store_B,Cooking_Oil_1L,Staples,140.0,140.0,0,40
2024-01-25,Store_B,Cooking_Oil_1L,Staples,140.0,140.0,0,47
2024-01-26,Store_B,Cooking_Oil_1L,Staples,140.0,140.0,1,69
2024-01-27,Store_B,Cooking_Oil_1L,Staples,140.0,140.0,0,54
2024-01-28,Store_B,Cooking_Oil_1L,Staples,140.0,140.0,0,50
2024-01-29,Store_B,Cooking_Oil_1L,Staples,140.0,140.0,0,43
2024-01-30,Store_B,Cooking_Oil_1L,Staples,140.0,140.0,0,37
2024-01-31,Store_B,Cooking_Oil_1L,Staples,140.0,140.0,0,45
2024-02-01,Store_B,Cooking_Oil_1L,Staples,148.95,140.0,0,41
2024-02-02,Store_B,Cooking_Oil_1L,Staples,140.0,140.0,1,85
2024-02-03,Store_B,Cooking_Oil_1L,Staples,115.47,140.0,0,66
2024-02-04,Store_B,Cooking_Oil_1L,Staples,121.69,140.0,0,66
2024-02-05,Store_B,Cooking_Oil_1L,Staples,140.0,140.0,0,44
2024-02-06,Store_B,Cooking_Oil_1L,Staples,140.0,140.0,0,40
2024-02-07,Store_B,Cooking_Oil_1L,Staples,112.93,140.0,0,46
2024-02-08,Store_B,Cooking_Oil_1L,Staples,113.32,140.0,0,51
2024-02-09,Store_B,Cooking_Oil_1L,Staples,140.0,140.0,1,73
2024-02-10,Store_B,Cooking_Oil_1L,Staples,145.26,140.0,1,90
2024-02-11,Store_B,Cooking_Oil_1L,Staples,140.0,140.0,0,52
2024-02-12,Store_B,Cooking_Oil_1L,Staples,140.0,140.0,0,48
2024-02-13,Store_B,Cooking_Oil_1L,Staples,140.0,140.0,0,38
2024-02-14,Store_B,Cooking_Oil_1L,Staples,158.41,140.0,0,35
2024-02-15,Store_B,Cooking_Oil_1L,Staples,140.0,140.0,0,48
2024-02-16,Store_B,Cooking_Oil_1L,Staples,140.0,140.0,0,51
2024-02-17,Store_B,Cooking_Oil_1L,Staples,140.0,140.0,0,65
2024-02-18,Store_B,Cooking_Oil_1L,Staples,140.0,140.0,0,62
2024-02-19,Store_B,Cooking_Oil_1L,Staples,140.0,140.0,0,41
2024-02-20,Store_B,Cooking_Oil_1L,Staples,140.0,140.0,0,44
2024-02-21,Store_B,Cooking_Oil_1L,Staples,121.61,140.0,0,42
2024-02-22,Store_B,Cooking_Oil_1L,Staples,140.0,140.0,0,46
2024-02-23,Store_B,Cooking_Oil_1L,Staples,140.0,140.0,1,83
2024-02-24,Store_B,Cooking_Oil_1L,Staples,140.0,140.0,0,59
2024-02-25,Store_B,Cooking_Oil_1L,Staples,140.0,140.0,0,53
2024-02-26,Store_B,Cooking_Oil_1L,Staples,140.0,140.0,0,41
2024-02-27,Store_B,Cooking_Oil_1L,Staples,140.0,140.0,0,37
2024-02-28,Store_B,Cooking_Oil_1L,Staples,140.0,140.0,0,37
2024-02-29,Store_B,Cooking_Oil_1L,Staples,140.0,140.0,0,42
2024-03-01,Store_B,Cooking_Oil_1L,Staples,140.0,140.0,0,56
2024-03-02,Store_B,Cooking_Oil_1L,Staples,140.0,140.0,0,57
2024-03-03,Store_B,Cooking_Oil_1L,Staples,140.0,140.0,0,51
2024-03-04,Store_B,Cooking_Oil_1L,Staples,140.0,140.0,0,40
2024-03-05,Store_B,Cooking_Oil_1L,Staples,140.0,140.0,0,36
2024-03-06,Store_B,Cooking_Oil_1L,Staples,140.0,140.0,0,40
2024-03-07,Store_B,Cooking_Oil_1L,Staples,140.0,140.0,0,44
2024-03-08,Store_B,Cooking_Oil_1L,Staples,140.0,140.0,0,48
2024-03-09,Store_B,Cooking_Oil_1L,Staples,139.72,140.0,0,57
2024-03-10,Store_B,Cooking_Oil_1L,Staples,142.35,140.0,0,51
2024-03-11,Store_B,Cooking_Oil_1L,Staples,140.0,140.0,0,37
2024-03-12,Store_B,Cooking_Oil_1L,Staples,140.0,140.0,0,37
2024-03-13,Store_B,Cooking_Oil_1L,Staples,140.0,140.0,0,40
2024-03-14,Store_B,Cooking_Oil_1L,Staples,140.0,140.0,0,38
2024-03-15,Store_B,Cooking_Oil_1L,Staples,140.0,140.0,0,55
2024-03-16,Store_B,Cooking_Oil_1L,Staples,140.0,140.0,1,81
2024-03-17,Store_B,Cooking_Oil_1L,Staples,140.37,140.0,0,57
2024-03-18,Store_B,Cooking_Oil_1L,Staples,140.0,140.0,0,44
2024-03-19,Store_B,Cooking_Oil_1L,Staples,140.0,140.0,0,39
2024-03-20,Store_B,Cooking_Oil_1L,Staples,140.0,140.0,0,40
2024-03-21,Store_B,Cooking_Oil_1L,Staples,140.0,140.0,0,48
2024-03-22,Store_B,Cooking_Oil_1L,Staples,140.0,140.0,0,50
2024-03-23,Store_B,Cooking_Oil_1L,Staples,140.0,140.0,0,67
2024-03-24,Store_B,Cooking_Oil_1L,Staples,140.0,140.0,0,57
2024-03-25,Store_B,Cooking_Oil_1L,Staples,140.0,140.0,0,39
2024-03-26,Store_B,Cooking_Oil_1L,Staples,140.0,140.0,0,39
2024-03-27,Store_B,Cooking_Oil_1L,Staples,158.13,140.0,0,34
2024-03-28,Store_B,Cooking_Oil_1L,Staples,140.0,140.0,0,46
2024-03-29,Store_B,Cooking_Oil_1L,Staples,140.0,140.0,0,54
2024-03-30,Store_B,Cooking_Oil_1L,Staples,140.0,140.0,0,70
2024-03-31,Store_B,Cooking_Oil_1L,Staples,140.0,140.0,0,55
2024-04-01,Store_B,Cooking_Oil_1L,Staples,140.0,140.0,0,42
2024-04-02,Store_B,Cooking_Oil_1L,Staples,140.43,140.0,0,35
2024-04-03,Store_B,Cooking_Oil_1L,Staples,140.0,140.0,0,46
2024-04-04,Store_B,Cooking_Oil_1L,Staples,135.02,140.0,0,44
2024-04-05,Store_B,Cooking_Oil_1L,Staples,140.0,140.0,0,53
2024-04-06,Store_B,Cooking_Oil_1L,Staples,140.0,140.0,0,61
2024-04-07,Store_B,Cooking_Oil_1L,Staples,140.0,140.0,0,53
2024-04-08,Store_B,Cooking_Oil_1L,Staples,140.0,140.0,0,39
2024-04-09,Store_B,Cooking_Oil_1L,Staples,140.0,140.0,0,38
2024-04-10,Store_B,Cooking_Oil_1L,Staples,145.66,140.0,0,37
2024-04-11,Store_B,Cooking_Oil_1L,Staples,140.0,140.0,0,35
2024-04-12,Store_B,Cooking_Oil_1L,Staples,129.57,140.0,0,52
2024-04-13,Store_B,Cooking_Oil_1L,Staples,140.0,140.0,1,73
2024-04-14,Store_B,Cooking_Oil_1L,Staples,140.0,140.0,0,65
2024-04-15,Store_B,Cooking_Oil_1L,Staples,140.0,140.0,0,40
2024-04-16,Store_B,Cooking_Oil_1L,Staples,140.0,140.0,0,33
2024-04-17,Store_B,Cooking_Oil_1L,Staples,140.0,140.0,0,39
2024-04-18,Store_B,Cooking_Oil_1L,Staples,140.0,140.0,0,45
2024-04-19,Store_B,Cooking_Oil_1L,Staples,140.0,140.0,0,51
2024-04-20,Store_B,Cooking_Oil_1L,Staples,140.0,140.0,0,58
2024-04-21,Store_B,Cooking_Oil_1L,Staples,140.0,140.0,0,49
2024-04-22,Store_B,Cooking_Oil_1L,Staples,150.69,140.0,1,47
2024-04-23,Store_B,Cooking_Oil_1L,Staples,140.0,140.0,0,40
2024-04-24,Store_B,Cooking_Oil_1L,Staples,140.0,140.0,0,36
2024-04-25,Store_B,Cooking_Oil_1L,Staples,140.0,140.0,0,38
2024-04-26,Store_B,Cooking_Oil_1L,Staples,140.0,140.0,0,46
2024-04-27,Store_B,Cooking_Oil_1L,Staples,140.0,140.0,0,62
2024-04-28,Store_B,Cooking_Oil_1L,Staples,140.0,140.0,1,75
2024-04-29,Store_B,Cooking_Oil_1L,Staples,140.0,140.0,0,37
2024-04-30,Store_B,Cooking_Oil_1L,Staples,140.0,140.0,0,36
2024-05-01,Store_B,Cooking_Oil_1L,Staples,140.0,140.0,0,41
2024-05-02,Store_B,Cooking_Oil_1L,Staples,140.0,140.0,0,45
2024-05-03,Store_B,Cooking_Oil_1L,Staples,140.0,140.0,0,49
2024-05-04,Store_B,Cooking_Oil_1L,Staples,140.0,140.0,0,50
2024-05-05,Store_B,Cooking_Oil_1L,Staples,140.0,140.0,1,64
2024-05-06,Store_B,Cooking_Oil_1L,Staples,140.0,140.0,0,41
2024-05-07,Store_B,Cooking_Oil_1L,Staples,140.0,140.0,0,38
2024-05-08,Store_B,Cooking_Oil_1L,Staples,140.0,140.0,0,40
2024-05-09,Store_B,Cooking_Oil_1L,Staples,140.0,140.0,0,37
2024-05-10,Store_B,Cooking_Oil_1L,Staples,140.0,140.0,0,52
2024-05-11,Store_B,Cooking_Oil_1L,Staples,120.83,140.0,1,80
2024-05-12,Store_B,Cooking_Oil_1L,Staples,140.0,140.0,0,48
2024-05-13,Store_B,Cooking_Oil_1L,Staples,140.0,140.0,0,37
2024-05-14,Store_B,Cooking_Oil_1L,Staples,140.0,140.0,0,36
2024-05-15,Store_B,Cooking_Oil_1L,Staples,140.0,140.0,0,43
2024-05-16,Store_B,Cooking_Oil_1L,Staples,140.0,140.0,0,44
2024-05-17,Store_B,Cooking_Oil_1L,Staples,140.0,140.0,0,41
2024-05-18,Store_B,Cooking_Oil_1L,Staples,116.93,140.0,0,70
2024-05-19,Store_B,Cooking_Oil_1L,Staples,141.79,140.0,0,54
2024-05-20,Store_B,Cooking_Oil_1L,Staples,140.0,140.0,0,32
2024-05-21,Store_B,Cooking_Oil_1L,Staples,155.88,140.0,0,32
2024-05-22,Store_B,Cooking_Oil_1L,Staples,140.0,140.0,0,38
2024-05-23,Store_B,Cooking_Oil_1L,Staples,140.0,140.0,0,38
2024-05-24,Store_B,Cooking_Oil_1L,Staples,140.0,140.0,0,49
2024-05-25,Store_B,Cooking_Oil_1L,Staples,140.0,140.0,0,50
2024-05-26,Store_B,Cooking_Oil_1L,Staples,140.0,140.0,0,45
2024-05-27,Store_B,Cooking_Oil_1L,Staples,151.01,140.0,0,33
2024-05-28,Store_B,Cooking_Oil_1L,Staples,140.0,140.0,0,37
2024-05-29,Store_B,Cooking_Oil_1L,Staples,140.0,140.0,0,33
2024-05-30,Store_B,Cooking_Oil_1L,Staples,140.0,140.0,0,43
2024-05-31,Store_B,Cooking_Oil_1L,Staples,140.0,140.0,0,44
2024-06-01,Store_B,Cooking_Oil_1L,Staples,140.0,140.0,0,51
2024-06-02,Store_B,Cooking_Oil_1L,Staples,140.0,140.0,0,44
2024-06-03,Store_B,Cooking_Oil_1L,Staples,140.0,140.0,0,39
2024-06-04,Store_B,Cooking_Oil_1L,Staples,140.0,140.0,0,33
2024-06-05,Store_B,Cooking_Oil_1L,Staples,143.08,140.0,1,45
2024-06-06,Store_B,Cooking_Oil_1L,Staples,140.0,140.0,1,53
2024-06-07,Store_B,Cooking_Oil_1L,Staples,140.0,140.0,0,47
2024-06-08,Store_B,Cooking_Oil_1L,Staples,140.0,140.0,0,57
2024-06-09,Store_B,Cooking_Oil_1L,Staples,158.36,140.0,1,58
2024-06-10,Store_B,Cooking_Oil_1L,Staples,137.45,140.0,0,38
2024-06-11,Store_B,Cooking_Oil_1L,Staples,140.0,140.0,0,31
2024-06-12,Store_B,Cooking_Oil_1L,Staples,140.0,140.0,0,36
2024-06-13,Store_B,Cooking_Oil_1L,Staples,140.0,140.0,0,36
2024-06-14,Store_B,Cooking_Oil_1L,Staples,140.0,140.0,0,39
2024-06-15,Store_B,Cooking_Oil_1L,Staples,140.0,140.0,0,62
2024-06-16,Store_B,Cooking_Oil_1L,Staples,140.0,140.0,0,44
2024-06-17,Store_B,Cooking_Oil_1L,Staples,140.0,140.0,0,35
2024-06-18,Store_B,Cooking_Oil_1L,Staples,140.0,140.0,0,33
2024-06-19,Store_B,Cooking_Oil_1L,Staples,140.0,140.0,0,35
2024-06-20,Store_B,Cooking_Oil_1L,Staples,140.0,140.0,0,34
2024-06-21,Store_B,Cooking_Oil_1L,Staples,159.16,140.0,0,44
2024-06-22,Store_B,Cooking_Oil_1L,Staples,140.0,140.0,0,44
2024-06-23,Store_B,Cooking_Oil_1L,Staples,140.0,140.0,1,70
2024-06-24,Store_B,Cooking_Oil_1L,Staples,140.0,140.0,0,39
2024-06-25,Store_B,Cooking_Oil_1L,Staples,140.0,140.0,0,30
2024-06-26,Store_B,Cooking_Oil_1L,Staples,124.29,140.0,0,45
2024-06-27,Store_B,Cooking_Oil_1L,Staples,140.0,140.0,0,37
2024-06-28,Store_B,Cooking_Oil_1L,Staples,140.0,140.0,0,46
2024-06-29,Store_B,Cooking_Oil_1L,Staples,140.0,140.0,0,50
2024-06-30,Store_B,Cooking_Oil_1L,Staples,140.0,140.0,0,52
2024-07-01,Store_B,Cooking_Oil_1L,Staples,122.49,140.0,0,34
2024-07-02,Store_B,Cooking_Oil_1L,Staples,151.25,140.0,0,31
2024-07-03,Store_B,Cooking_Oil_1L,Staples,126.05,140.0,0,39
2024-07-04,Store_B,Cooking_Oil_1L,Staples,140.0,140.0,0,35
2024-07-05,Store_B,Cooking_Oil_1L,Staples,138.6,140.0,0,54
2024-07-06,Store_B,Cooking_Oil_1L,Staples,140.0,140.0,0,51
2024-07-07,Store_B,Cooking_Oil_1L,Staples,129.12,140.0,0,44
2024-07-08,Store_B,Cooking_Oil_1L,Staples,140.0,140.0,0,34
2024-07-09,Store_B,Cooking_Oil_1L,Staples,140.0,140.0,0,31
2024-07-10,Store_B,Cooking_Oil_1L,Staples,139.28,140.0,0,36
2024-07-11,Store_B,Cooking_Oil_1L,Staples,140.0,140.0,0,38
2024-07-12,Store_B,Cooking_Oil_1L,Staples,140.0,140.0,0,42
2024-07-13,Store_B,Cooking_Oil_1L,Staples,131.88,140.0,0,57
2024-07-14,Store_B,Cooking_Oil_1L,Staples,141.93,140.0,0,46
2024-07-15,Store_B,Cooking_Oil_1L,Staples,140.0,140.0,1,52
2024-07-16,Store_B,Cooking_Oil_1L,Staples,140.0,140.0,0,34
2024-07-17,Store_B,Cooking_Oil_1L,Staples,140.0,140.0,0,37
2024-07-18,Store_B,Cooking_Oil_1L,Staples,140.0,140.0,0,31
2024-07-19,Store_B,Cooking_Oil_1L,Staples,138.89,140.0,0,51
2024-07-20,Store_B,Cooking_Oil_1L,Staples,140.0,140.0,0,51
2024-07-21,Store_B,Cooking_Oil_1L,Staples,140.0,140.0,0,48
2024-07-22,Store_B,Cooking_Oil_1L,Staples,140.0,140.0,0,36
2024-07-23,Store_B,Cooking_Oil_1L,Staples,140.0,140.0,0,33
2024-07-24,Store_B,Cooking_Oil_1L,Staples,140.0,140.0,0,37
2024-07-25,Store_B,Cooking_Oil_1L,Staples,140.0,140.0,0,35
2024-07-26,Store_B,Cooking_Oil_1L,Staples,140.0,140.0,0,44
2024-07-27,Store_B,Cooking_Oil_1L,Staples,140.0,140.0,0,46
2024-07-28,Store_B,Cooking_Oil_1L,Staples,153.51,140.0,0,43
2024-07-29,Store_B,Cooking_Oil_1L,Staples,140.0,140.0,0,37
2024-07-30,Store_B,Cooking_Oil_1L,Staples,140.0,140.0,0,32
2024-07-31,Store_B,Cooking_Oil_1L,Staples,140.0,140.0,0,35
2024-08-01,Store_B,Cooking_Oil_1L,Staples,140.0,140.0,0,34
2024-08-02,Store_B,Cooking_Oil_1L,Staples,141.79,140.0,0,36
2024-08-03,Store_B,Cooking_Oil_1L,Staples,140.0,140.0,0,56
2024-08-04,Store_B,Cooking_Oil_1L,Staples,140.0,140.0,0,45
2024-08-05,Store_B,Cooking_Oil_1L,Staples,140.0,140.0,0,35
2024-08-06,Store_B,Cooking_Oil_1L,Staples,140.0,140.0,0,33
2024-08-07,Store_B,Cooking_Oil_1L,Staples,140.0,140.0,0,39
2024-08-08,Store_B,Cooking_Oil_1L,Staples,140.0,140.0,0,33
2024-08-09,Store_B,Cooking_Oil_1L,Staples,140.0,140.0,0,45
2024-08-10,Store_B,Cooking_Oil_1L,Staples,143.03,140.0,0,54
2024-08-11,Store_B,Cooking_Oil_1L,Staples,120.09,140.0,1,70
2024-08-12,Store_B,Cooking_Oil_1L,Staples,148.6,140.0,0,37
2024-08-13,Store_B,Cooking_Oil_1L,Staples,140.0,140.0,0,36
2024-08-14,Store_B,Cooking_Oil_1L,Staples,151.29,140.0,0,34
2024-08-15,Store_B,Cooking_Oil_1L,Staples,140.0,140.0,0,35
2024-08-16,Store_B,Cooking_Oil_1L,Staples,140.0,140.0,0,46
2024-08-17,Store_B,Cooking_Oil_1L,Staples,140.0,140.0,0,61
2024-08-18,Store_B,Cooking_Oil_1L,Staples,133.48,140.0,0,50
2024-08-19,Store_B,Cooking_Oil_1L,Staples,140.0,140.0,0,36
2024-08-20,Store_B,Cooking_Oil_1L,Staples,140.0,140.0,0,35
2024-08-21,Store_B,Cooking_Oil_1L,Staples,140.0,140.0,0,30
2024-08-22,Store_B,Cooking_Oil_1L,Staples,140.0,140.0,0,41
2024-08-23,Store_B,Cooking_Oil_1L,Staples,140.0,140.0,0,52
2024-08-24,Store_B,Cooking_Oil_1L,Staples,140.0,140.0,0,62
2024-08-25,Store_B,Cooking_Oil_1L,Staples,140.0,140.0,0,54
2024-08-26,Store_B,Cooking_Oil_1L,Staples,140.0,140.0,0,37
2024-08-27,Store_B,Cooking_Oil_1L,Staples,140.0,140.0,0,36
2024-08-28,Store_B,Cooking_Oil_1L,Staples,140.0,140.0,1,45
2024-08-29,Store_B,Cooking_Oil_1L,Staples,140.0,140.0,0,37
2024-08-30,Store_B,Cooking_Oil_1L,Staples,152.54,140.0,0,35
2024-08-31,Store_B,Cooking_Oil_1L,Staples,140.0,140.0,0,68
2024-09-01,Store_B,Cooking_Oil_1L,Staples,154.11,140.0,0,46
2024-09-02,Store_B,Cooking_Oil_1L,Staples,140.0,140.0,0,40
2024-09-03,Store_B,Cooking_Oil_1L,Staples,140.0,140.0,0,37
2024-09-04,Store_B,Cooking_Oil_1L,Staples,140.0,140.0,0,46
2024-09-05,Store_B,Cooking_Oil_1L,Staples,140.0,140.0,1,54
2024-09-06,Store_B,Cooking_Oil_1L,Staples,146.0,140.0,0,44
2024-09-07,Store_B,Cooking_Oil_1L,Staples,140.0,140.0,0,65
2024-09-08,Store_B,Cooking_Oil_1L,Staples,140.0,140.0,0,43
2024-09-09,Store_B,Cooking_Oil_1L,Staples,140.0,140.0,0,41
2024-09-10,Store_B,Cooking_Oil_1L,Staples,140.0,140.0,0,36
2024-09-11,Store_B,Cooking_Oil_1L,Staples,140.0,140.0,0,36
2024-09-12,Store_B,Cooking_Oil_1L,Staples,138.08,140.0,0,44
2024-09-13,Store_B,Cooking_Oil_1L,Staples,140.0,140.0,1,66
2024-09-14,Store_B,Cooking_Oil_1L,Staples,140.0,140.0,0,62
2024-09-15,Store_B,Cooking_Oil_1L,Staples,140.0,140.0,0,50
2024-09-16,Store_B,Cooking_Oil_1L,Staples,146.67,140.0,0,36
2024-09-17,Store_B,Cooking_Oil_1L,Staples,140.0,140.0,0,40
2024-09-18,Store_B,Cooking_Oil_1L,Staples,140.0,140.0,0,39
2024-09-19,Store_B,Cooking_Oil_1L,Staples,140.0,140.0,0,43
2024-09-20,Store_B,Cooking_Oil_1L,Staples,153.89,140.0,0,51
2024-09-21,Store_B,Cooking_Oil_1L,Staples,140.0,140.0,0,67
2024-09-22,Store_B,Cooking_Oil_1L,Staples,145.08,140.0,0,56
2024-09-23,Store_B,Cooking_Oil_1L,Staples,140.0,140.0,0,43
2024-09-24,Store_B,Cooking_Oil_1L,Staples,160.49,140.0,1,43
2024-09-25,Store_B,Cooking_Oil_1L,Staples,140.0,140.0,0,40
2024-09-26,Store_B,Cooking_Oil_1L,Staples,140.0,140.0,0,36
2024-09-27,Store_B,Cooking_Oil_1L,Staples,140.0,140.0,0,48
2024-09-28,Store_B,Cooking_Oil_1L,Staples,160.97,140.0,0,58
2024-09-29,Store_B,Cooking_Oil_1L,Staples,140.0,140.0,1,69
2024-09-30,Store_B,Cooking_Oil_1L,Staples,140.0,140.0,0,42
2024-10-01,Store_B,Cooking_Oil_1L,Staples,140.0,140.0,0,52
2024-10-02,Store_B,Cooking_Oil_1L,Staples,140.0,140.0,0,62
2024-10-03,Store_B,Cooking_Oil_1L,Staples,147.13,140.0,0,58
2024-10-04,Store_B,Cooking_Oil_1L,Staples,140.0,140.0,0,83
2024-10-05,Store_B,Cooking_Oil_1L,Staples,140.0,140.0,0,85
2024-10-06,Store_B,Cooking_Oil_1L,Staples,140.0,140.0,0,91
2024-10-07,Store_B,Cooking_Oil_1L,Staples,140.0,140.0,0,55
2024-10-08,Store_B,Cooking_Oil_1L,Staples,114.68,140.0,0,64
2024-10-09,Store_B,Cooking_Oil_1L,Staples,140.0,140.0,0,67
2024-10-10,Store_B,Cooking_Oil_1L,Staples,140.0,140.0,1,95
2024-10-11,Store_B,Cooking_Oil_1L,Staples,150.06,140.0,0,80
2024-10-12,Store_B,Cooking_Oil_1L,Staples,140.0,140.0,0,88
2024-10-13,Store_B,Cooking_Oil_1L,Staples,140.0,140.0,1,106
2024-10-14,Store_B,Cooking_Oil_1L,Staples,140.0,140.0,0,59
2024-10-15,Store_B,Cooking_Oil_1L,Staples,140.0,140.0,1,68
2024-10-16,Store_B,Cooking_Oil_1L,Staples,140.0,140.0,0,54
2024-10-17,Store_B,Cooking_Oil_1L,Staples,140.0,140.0,0,56
2024-10-18,Store_B,Cooking_Oil_1L,Staples,151.18,140.0,0,81
2024-10-19,Store_B,Cooking_Oil_1L,Staples,140.0,140.0,0,82
2024-10-20,Store_B,Cooking_Oil_1L,Staples,147.98,140.0,0,77
2024-10-21,Store_B,Cooking_Oil_1L,Staples,140.0,140.0,0,68
2024-10-22,Store_B,Cooking_Oil_1L,Staples,140.0,140.0,0,60
2024-10-23,Store_B,Cooking_Oil_1L,Staples,140.0,140.0,0,64
2024-10-24,Store_B,Cooking_Oil_1L,Staples,157.51,140.0,0,65
2024-10-25,Store_B,Cooking_Oil_1L,Staples,140.0,140.0,0,82
2024-10-26,Store_B,Cooking_Oil_1L,Staples,140.0,140.0,0,85
2024-10-27,Store_B,Cooking_Oil_1L,Staples,140.0,140.0,0,82
2024-10-28,Store_B,Cooking_Oil_1L,Staples,140.0,140.0,0,62
2024-10-29,Store_B,Cooking_Oil_1L,Staples,140.0,140.0,0,62
2024-10-30,Store_B,Cooking_Oil_1L,Staples,140.0,140.0,0,58
2024-10-31,Store_B,Cooking_Oil_1L,Staples,140.0,140.0,0,60
2024-11-01,Store_B,Cooking_Oil_1L,Staples,140.0,140.0,0,82
2024-11-02,Store_B,Cooking_Oil_1L,Staples,140.0,140.0,0,88
2024-11-03,Store_B,Cooking_Oil_1L,Staples,140.0,140.0,0,96
2024-11-04,Store_B,Cooking_Oil_1L,Staples,140.0,140.0,0,68
2024-11-05,Store_B,Cooking_Oil_1L,Staples,140.0,140.0,0,65
2024-11-06,Store_B,Cooking_Oil_1L,Staples,140.0,140.0,0,54
2024-11-07,Store_B,Cooking_Oil_1L,Staples,144.58,140.0,0,63
2024-11-08,Store_B,Cooking_Oil_1L,Staples,140.0,140.0,0,85
2024-11-09,Store_B,Cooking_Oil_1L,Staples,140.0,140.0,0,96
2024-11-10,Store_B,Cooking_Oil_1L,Staples,140.0,140.0,0,89
2024-11-11,Store_B,Cooking_Oil_1L,Staples,140.0,140.0,0,64
2024-11-12,Store_B,Cooking_Oil_1L,Staples,140.0,140.0,0,67
2024-11-13,Store_B,Cooking_Oil_1L,Staples,140.0,140.0,0,68
2024-11-14,Store_B,Cooking_Oil_1L,Staples,158.74,140.0,1,101
2024-11-15,Store_B,Cooking_Oil_1L,Staples,140.0,140.0,0,84
2024-11-16,Store_B,Cooking_Oil_1L,Staples,140.0,140.0,0,98
2024-11-17,Store_B,Cooking_Oil_1L,Staples,140.0,140.0,0,93
2024-11-18,Store_B,Cooking_Oil_1L,Staples,120.92,140.0,0,69
2024-11-19,Store_B,Cooking_Oil_1L,Staples,140.0,140.0,0,63
2024-11-20,Store_B,Cooking_Oil_1L,Staples,140.0,140.0,0,61
2024-11-21,Store_B,Cooking_Oil_1L,Staples,140.0,140.0,0,67
2024-11-22,Store_B,Cooking_Oil_1L,Staples,139.83,140.0,0,83
2024-11-23,Store_B,Cooking_Oil_1L,Staples,140.0,140.0,0,110
2024-11-24,Store_B,Cooking_Oil_1L,Staples,140.0,140.0,0,92
2024-11-25,Store_B,Cooking_Oil_1L,Staples,140.0,140.0,0,67
2024-11-26,Store_B,Cooking_Oil_1L,Staples,140.0,140.0,0,67
2024-11-27,Store_B,Cooking_Oil_1L,Staples,140.0,140.0,0,58
2024-11-28,Store_B,Cooking_Oil_1L,Staples,156.04,140.0,0,65
2024-11-29,Store_B,Cooking_Oil_1L,Staples,140.0,140.0,0,79
2024-11-30,Store_B,Cooking_Oil_1L,Staples,140.0,140.0,0,97
2024-12-01,Store_B,Cooking_Oil_1L,Staples,140.0,140.0,1,114
2024-12-02,Store_B,Cooking_Oil_1L,Staples,140.0,140.0,0,59
2024-12-03,Store_B,Cooking_Oil_1L,Staples,143.15,140.0,0,60
2024-12-04,Store_B,Cooking_Oil_1L,Staples,158.82,140.0,0,50
2024-12-05,Store_B,Cooking_Oil_1L,Staples,156.18,140.0,0,60
2024-12-06,Store_B,Cooking_Oil_1L,Staples,140.0,140.0,0,78
2024-12-07,Store_B,Cooking_Oil_1L,Staples,140.0,140.0,0,92
2024-12-08,Store_B,Cooking_Oil_1L,Staples,140.0,140.0,1,97
2024-12-09,Store_B,Cooking_Oil_1L,Staples,140.0,140.0,0,54
2024-12-10,Store_B,Cooking_Oil_1L,Staples,125.81,140.0,0,56
2024-12-11,Store_B,Cooking_Oil_1L,Staples,140.0,140.0,1,76
2024-12-12,Store_B,Cooking_Oil_1L,Staples,139.84,140.0,0,59
2024-12-13,Store_B,Cooking_Oil_1L,Staples,140.0,140.0,0,77
2024-12-14,Store_B,Cooking_Oil_1L,Staples,140.0,140.0,0,88
2024-12-15,Store_B,Cooking_Oil_1L,Staples,140.0,140.0,0,94
2024-12-16,Store_B,Cooking_Oil_1L,Staples,140.0,140.0,0,68
2024-12-17,Store_B,Cooking_Oil_1L,Staples,140.0,140.0,0,62
2024-12-18,Store_B,Cooking_Oil_1L,Staples,140.0,140.0,1,93
2024-12-19,Store_B,Cooking_Oil_1L,Staples,142.18,140.0,0,62
2024-12-20,Store_B,Cooking_Oil_1L,Staples,140.0,140.0,0,73
2024-12-21,Store_B,Cooking_Oil_1L,Staples,140.0,140.0,0,87
2024-12-22,Store_B,Cooking_Oil_1L,Staples,140.0,140.0,0,73
2024-12-23,Store_B,Cooking_Oil_1L,Staples,140.0,140.0,0,56
2024-12-24,Store_B,Cooking_Oil_1L,Staples,140.0,140.0,0,58
2024-12-25,Store_B,Cooking_Oil_1L,Staples,140.0,140.0,0,65
2024-12-26,Store_B,Cooking_Oil_1L,Staples,124.85,140.0,0,72
2024-12-27,Store_B,Cooking_Oil_1L,Staples,140.0,140.0,0,76
2024-12-28,Store_B,Cooking_Oil_1L,Staples,134.55,140.0,0,91
2024-12-29,Store_B,Cooking_Oil_1L,Staples,140.0,140.0,0,80
2024-12-30,Store_B,Cooking_Oil_1L,Staples,140.0,140.0,0,60
2024-12-31,Store_B,Cooking_Oil_1L,Staples,140.0,140.0,0,54
2025-01-01,Store_B,Cooking_Oil_1L,Staples,140.0,140.0,0,51
2025-01-02,Store_B,Cooking_Oil_1L,Staples,140.0,140.0,0,52
2025-01-03,Store_B,Cooking_Oil_1L,Staples,116.99,140.0,0,75
2025-01-04,Store_B,Cooking_Oil_1L,Staples,140.0,140.0,0,87
2025-01-05,Store_B,Cooking_Oil_1L,Staples,140.0,140.0,0,76
2025-01-06,Store_B,Cooking_Oil_1L,Staples,140.0,140.0,0,56
2025-01-07,Store_B,Cooking_Oil_1L,Staples,140.0,140.0,0,45
2025-01-08,Store_B,Cooking_Oil_1L,Staples,140.0,140.0,0,54
2025-01-09,Store_B,Cooking_Oil_1L,Staples,145.82,140.0,0,57
2025-01-10,Store_B,Cooking_Oil_1L,Staples,140.0,140.0,0,61
2025-01-11,Store_B,Cooking_Oil_1L,Staples,140.0,140.0,0,92
2025-01-12,Store_B,Cooking_Oil_1L,Staples,140.0,140.0,0,61
2025-01-13,Store_B,Cooking_Oil_1L,Staples,140.0,140.0,0,51
2025-01-14,Store_B,Cooking_Oil_1L,Staples,140.0,140.0,0,50
2025-01-15,Store_B,Cooking_Oil_1L,Staples,140.0,140.0,0,51
2025-01-16,Store_B,Cooking_Oil_1L,Staples,140.0,140.0,0,50
2025-01-17,Store_B,Cooking_Oil_1L,Staples,140.0,140.0,0,68
2025-01-18,Store_B,Cooking_Oil_1L,Staples,140.0,140.0,0,84
2025-01-19,Store_B,Cooking_Oil_1L,Staples,140.0,140.0,0,70
2025-01-20,Store_B,Cooking_Oil_1L,Staples,159.1,140.0,0,42
2025-01-21,Store_B,Cooking_Oil_1L,Staples,125.27,140.0,0,61
2025-01-22,Store_B,Cooking_Oil_1L,Staples,140.0,140.0,0,52
2025-01-23,Store_B,Cooking_Oil_1L,Staples,140.0,140.0,1,78
2025-01-24,Store_B,Cooking_Oil_1L,Staples,140.0,140.0,0,73
2025-01-25,Store_B,Cooking_Oil_1L,Staples,140.0,140.0,0,84
2025-01-26,Store_B,Cooking_Oil_1L,Staples,140.0,140.0,1,99
2025-01-27,Store_B,Cooking_Oil_1L,Staples,140.0,140.0,0,56
2025-01-28,Store_B,Cooking_Oil_1L,Staples,140.0,140.0,0,52
2025-01-29,Store_B,Cooking_Oil_1L,Staples,140.0,140.0,1,72
2025-01-30,Store_B,Cooking_Oil_1L,Staples,141.17,140.0,0,62
2025-01-31,Store_B,Cooking_Oil_1L,Staples,140.0,140.0,0,73
2025-02-01,Store_B,Cooking_Oil_1L,Staples,152.67,140.0,0,71
2025-02-02,Store_B,Cooking_Oil_1L,Staples,113.98,140.0,0,86
2025-02-03,Store_B,Cooking_Oil_1L,Staples,140.0,140.0,0,62
2025-02-04,Store_B,Cooking_Oil_1L,Staples,140.0,140.0,0,47
2025-02-05,Store_B,Cooking_Oil_1L,Staples,129.06,140.0,0,48
2025-02-06,Store_B,Cooking_Oil_1L,Staples,122.21,140.0,0,66
2025-02-07,Store_B,Cooking_Oil_1L,Staples,140.0,140.0,0,80
2025-02-08,Store_B,Cooking_Oil_1L,Staples,140.0,140.0,0,76
2025-02-09,Store_B,Cooking_Oil_1L,Staples,140.0,140.0,0,72
2025-02-10,Store_B,Cooking_Oil_1L,Staples,140.0,140.0,1,75
2025-02-11,Store_B,Cooking_Oil_1L,Staples,140.0,140.0,0,45
2025-02-12,Store_B,Cooking_Oil_1L,Staples,113.59,140.0,1,85
2025-02-13,Store_B,Cooking_Oil_1L,Staples,140.0,140.0,0,57
2025-02-14,Store_B,Cooking_Oil_1L,Staples,140.0,140.0,0,75
2025-02-15,Store_B,Cooking_Oil_1L,Staples,140.0,140.0,0,76
2025-02-16,Store_B,Cooking_Oil_1L,Staples,140.0,140.0,0,82
2025-02-17,Store_B,Cooking_Oil_1L,Staples,140.0,140.0,0,54
2025-02-18,Store_B,Cooking_Oil_1L,Staples,146.12,140.0,0,53
2025-02-19,Store_B,Cooking_Oil_1L,Staples,140.0,140.0,0,58
2025-02-20,Store_B,Cooking_Oil_1L,Staples,140.0,140.0,0,59
2025-02-21,Store_B,Cooking_Oil_1L,Staples,140.0,140.0,0,67
2025-02-22,Store_B,Cooking_Oil_1L,Staples,140.0,140.0,0,73
2025-02-23,Store_B,Cooking_Oil_1L,Staples,140.0,140.0,0,69
2025-02-24,Store_B,Cooking_Oil_1L,Staples,140.0,140.0,0,54
2025-02-25,Store_B,Cooking_Oil_1L,Staples,140.0,140.0,0,51
2025-02-26,Store_B,Cooking_Oil_1L,Staples,142.23,140.0,0,56
2025-02-27,Store_B,Cooking_Oil_1L,Staples,140.0,140.0,0,54
2025-02-28,Store_B,Cooking_Oil_1L,Staples,140.0,140.0,1,86
2025-03-01,Store_B,Cooking_Oil_1L,Staples,154.33,140.0,0,71
2025-03-02,Store_B,Cooking_Oil_1L,Staples,132.05,140.0,0,84
2025-03-03,Store_B,Cooking_Oil_1L,Staples,140.0,140.0,0,61
2025-03-04,Store_B,Cooking_Oil_1L,Staples,158.25,140.0,0,43
2025-03-05,Store_B,Cooking_Oil_1L,Staples,140.0,140.0,0,50
2025-03-06,Store_B,Cooking_Oil_1L,Staples,140.0,140.0,0,63
2025-03-07,Store_B,Cooking_Oil_1L,Staples,140.0,140.0,0,70
2025-03-08,Store_B,Cooking_Oil_1L,Staples,124.14,140.0,0,98
2025-03-09,Store_B,Cooking_Oil_1L,Staples,140.0,140.0,0,77
2025-03-10,Store_B,Cooking_Oil_1L,Staples,140.0,140.0,0,62
2025-03-11,Store_B,Cooking_Oil_1L,Staples,140.0,140.0,0,46
2025-03-12,Store_B,Cooking_Oil_1L,Staples,140.0,140.0,1,70
2025-03-13,Store_B,Cooking_Oil_1L,Staples,140.0,140.0,0,48
2025-03-14,Store_B,Cooking_Oil_1L,Staples,124.04,140.0,1,81
2025-03-15,Store_B,Cooking_Oil_1L,Staples,116.2,140.0,0,88
2025-03-16,Store_B,Cooking_Oil_1L,Staples,140.0,140.0,0,65
2025-03-17,Store_B,Cooking_Oil_1L,Staples,140.0,140.0,0,50
2025-03-18,Store_B,Cooking_Oil_1L,Staples,140.0,140.0,0,55
2025-03-19,Store_B,Cooking_Oil_1L,Staples,140.0,140.0,0,56
2025-03-20,Store_B,Cooking_Oil_1L,Staples,140.0,140.0,0,50
2025-03-21,Store_B,Cooking_Oil_1L,Staples,140.0,140.0,0,72
2025-03-22,Store_B,Cooking_Oil_1L,Staples,140.0,140.0,0,73
2025-03-23,Store_B,Cooking_Oil_1L,Staples,140.0,140.0,0,61
2025-03-24,Store_B,Cooking_Oil_1L,Staples,140.0,140.0,0,49
2025-03-25,Store_B,Cooking_Oil_1L,Staples,118.77,140.0,0,62
2025-03-26,Store_B,Cooking_Oil_1L,Staples,140.0,140.0,0,48
2025-03-27,Store_B,Cooking_Oil_1L,Staples,125.5,140.0,0,58
2025-03-28,Store_B,Cooking_Oil_1L,Staples,140.0,140.0,0,67
2025-03-29,Store_B,Cooking_Oil_1L,Staples,140.0,140.0,0,71
2025-03-30,Store_B,Cooking_Oil_1L,Staples,140.0,140.0,0,68
2025-03-31,Store_B,Cooking_Oil_1L,Staples,126.55,140.0,0,52
2025-04-01,Store_B,Cooking_Oil_1L,Staples,140.0,140.0,0,50
2025-04-02,Store_B,Cooking_Oil_1L,Staples,140.0,140.0,0,45
2025-04-03,Store_B,Cooking_Oil_1L,Staples,140.0,140.0,0,50
2025-04-04,Store_B,Cooking_Oil_1L,Staples,140.0,140.0,1,88
2025-04-05,Store_B,Cooking_Oil_1L,Staples,148.11,140.0,0,72
2025-04-06,Store_B,Cooking_Oil_1L,Staples,140.0,140.0,0,68
2025-04-07,Store_B,Cooking_Oil_1L,Staples,140.0,140.0,0,52
2025-04-08,Store_B,Cooking_Oil_1L,Staples,140.0,140.0,0,46
2025-04-09,Store_B,Cooking_Oil_1L,Staples,140.0,140.0,0,53
2025-04-10,Store_B,Cooking_Oil_1L,Staples,140.0,140.0,0,53
2025-04-11,Store_B,Cooking_Oil_1L,Staples,140.0,140.0,0,57
2025-04-12,Store_B,Cooking_Oil_1L,Staples,140.0,140.0,0,79
2025-04-13,Store_B,Cooking_Oil_1L,Staples,140.0,140.0,1,91
2025-04-14,Store_B,Cooking_Oil_1L,Staples,140.0,140.0,0,52
2025-04-15,Store_B,Cooking_Oil_1L,Staples,153.82,140.0,0,48
2025-04-16,Store_B,Cooking_Oil_1L,Staples,140.0,140.0,0,57
2025-04-17,Store_B,Cooking_Oil_1L,Staples,153.15,140.0,0,43
2025-04-18,Store_B,Cooking_Oil_1L,Staples,158.67,140.0,0,59
2025-04-19,Store_B,Cooking_Oil_1L,Staples,140.0,140.0,0,67
2025-04-20,Store_B,Cooking_Oil_1L,Staples,124.98,140.0,1,106
2025-04-21,Store_B,Cooking_Oil_1L,Staples,140.0,140.0,0,52
2025-04-22,Store_B,Cooking_Oil_1L,Staples,140.0,140.0,0,51
2025-04-23,Store_B,Cooking_Oil_1L,Staples,146.36,140.0,0,52
2025-04-24,Store_B,Cooking_Oil_1L,Staples,120.69,140.0,0,61
2025-04-25,Store_B,Cooking_Oil_1L,Staples,140.0,140.0,0,54
2025-04-26,Store_B,Cooking_Oil_1L,Staples,140.0,140.0,0,70
2025-04-27,Store_B,Cooking_Oil_1L,Staples,155.52,140.0,0,53
2025-04-28,Store_B,Cooking_Oil_1L,Staples,158.57,140.0,1,57
2025-04-29,Store_B,Cooking_Oil_1L,Staples,140.0,140.0,0,43
2025-04-30,Store_B,Cooking_Oil_1L,Staples,140.0,140.0,0,55
2025-05-01,Store_B,Cooking_Oil_1L,Staples,140.0,140.0,0,62
2025-05-02,Store_B,Cooking_Oil_1L,Staples,144.24,140.0,0,58
2025-05-03,Store_B,Cooking_Oil_1L,Staples,119.29,140.0,0,77
2025-05-04,Store_B,Cooking_Oil_1L,Staples,140.0,140.0,0,70
2025-05-05,Store_B,Cooking_Oil_1L,Staples,140.0,140.0,0,49
2025-05-06,Store_B,Cooking_Oil_1L,Staples,140.0,140.0,0,42
2025-05-07,Store_B,Cooking_Oil_1L,Staples,140.0,140.0,0,44
2025-05-08,Store_B,Cooking_Oil_1L,Staples,140.0,140.0,1,67
2025-05-09,Store_B,Cooking_Oil_1L,Staples,136.53,140.0,0,63
2025-05-10,Store_B,Cooking_Oil_1L,Staples,140.0,140.0,0,70
2025-05-11,Store_B,Cooking_Oil_1L,Staples,140.0,140.0,0,66
2025-05-12,Store_B,Cooking_Oil_1L,Staples,159.13,140.0,0,46
2025-05-13,Store_B,Cooking_Oil_1L,Staples,140.0,140.0,0,48
2025-05-14,Store_B,Cooking_Oil_1L,Staples,140.0,140.0,0,52
2025-05-15,Store_B,Cooking_Oil_1L,Staples,140.0,140.0,0,49
2025-05-16,Store_B,Cooking_Oil_1L,Staples,140.0,140.0,0,59
2025-05-17,Store_B,Cooking_Oil_1L,Staples,140.0,140.0,0,74
2025-05-18,Store_B,Cooking_Oil_1L,Staples,140.0,140.0,0,66
2025-05-19,Store_B,Cooking_Oil_1L,Staples,140.0,140.0,1,66
2025-05-20,Store_B,Cooking_Oil_1L,Staples,140.0,140.0,0,40
2025-05-21,Store_B,Cooking_Oil_1L,Staples,140.0,140.0,0,46
2025-05-22,Store_B,Cooking_Oil_1L,Staples,140.0,140.0,0,45
2025-05-23,Store_B,Cooking_Oil_1L,Staples,140.0,140.0,0,57
2025-05-24,Store_B,Cooking_Oil_1L,Staples,140.0,140.0,0,83
2025-05-25,Store_B,Cooking_Oil_1L,Staples,136.35,140.0,0,60
2025-05-26,Store_B,Cooking_Oil_1L,Staples,140.0,140.0,0,45
2025-05-27,Store_B,Cooking_Oil_1L,Staples,124.68,140.0,0,56
2025-05-28,Store_B,Cooking_Oil_1L,Staples,140.0,140.0,0,47
2025-05-29,Store_B,Cooking_Oil_1L,Staples,140.0,140.0,0,53
2025-05-30,Store_B,Cooking_Oil_1L,Staples,155.71,140.0,0,52
2025-05-31,Store_B,Cooking_Oil_1L,Staples,138.21,140.0,0,75
2025-06-01,Store_B,Cooking_Oil_1L,Staples,140.0,140.0,0,60
2025-06-02,Store_B,Cooking_Oil_1L,Staples,140.0,140.0,0,44
2025-06-03,Store_B,Cooking_Oil_1L,Staples,140.0,140.0,0,41
2025-06-04,Store_B,Cooking_Oil_1L,Staples,140.0,140.0,0,47
2025-06-05,Store_B,Cooking_Oil_1L,Staples,136.15,140.0,0,47
2025-06-06,Store_B,Cooking_Oil_1L,Staples,140.0,140.0,0,47
2025-06-07,Store_B,Cooking_Oil_1L,Staples,140.0,140.0,0,68
2025-06-08,Store_B,Cooking_Oil_1L,Staples,140.0,140.0,0,59
2025-06-09,Store_B,Cooking_Oil_1L,Staples,140.0,140.0,0,51
2025-06-10,Store_B,Cooking_Oil_1L,Staples,140.0,140.0,0,43
2025-06-11,Store_B,Cooking_Oil_1L,Staples,140.0,140.0,1,58
2025-06-12,Store_B,Cooking_Oil_1L,Staples,132.53,140.0,0,50
2025-06-13,Store_B,Cooking_Oil_1L,Staples,140.0,140.0,0,55
2025-06-14,Store_B,Cooking_Oil_1L,Staples,140.0,140.0,0,65
2025-06-15,Store_B,Cooking_Oil_1L,Staples,140.0,140.0,0,61
2025-06-16,Store_B,Cooking_Oil_1L,Staples,140.0,140.0,0,47
2025-06-17,Store_B,Cooking_Oil_1L,Staples,126.75,140.0,0,45
2025-06-18,Store_B,Cooking_Oil_1L,Staples,140.0,140.0,0,39
2025-06-19,Store_B,Cooking_Oil_1L,Staples,140.0,140.0,0,53
2025-06-20,Store_B,Cooking_Oil_1L,Staples,134.53,140.0,1,74
2025-06-21,Store_B,Cooking_Oil_1L,Staples,140.0,140.0,0,55
2025-06-22,Store_B,Cooking_Oil_1L,Staples,140.0,140.0,0,66
2025-06-23,Store_B,Cooking_Oil_1L,Staples,140.0,140.0,0,43
2025-06-24,Store_B,Cooking_Oil_1L,Staples,140.0,140.0,0,37
2025-06-25,Store_B,Cooking_Oil_1L,Staples,125.54,140.0,0,49
2025-06-26,Store_B,Cooking_Oil_1L,Staples,140.0,140.0,0,42
2025-06-27,Store_B,Cooking_Oil_1L,Staples,140.0,140.0,0,54
2025-06-28,Store_B,Cooking_Oil_1L,Staples,140.0,140.0,0,63
2025-06-29,Store_B,Cooking_Oil_1L,Staples,140.0,140.0,0,56
2025-06-30,Store_B,Cooking_Oil_1L,Staples,140.0,140.0,1,61
2025-07-01,Store_B,Cooking_Oil_1L,Staples,140.0,140.0,0,44
2025-07-02,Store_B,Cooking_Oil_1L,Staples,149.23,140.0,0,39
2025-07-03,Store_B,Cooking_Oil_1L,Staples,140.0,140.0,0,47
2025-07-04,Store_B,Cooking_Oil_1L,Staples,140.0,140.0,0,49
2025-07-05,Store_B,Cooking_Oil_1L,Staples,140.0,140.0,0,62
2025-07-06,Store_B,Cooking_Oil_1L,Staples,160.35,140.0,0,54
2025-07-07,Store_B,Cooking_Oil_1L,Staples,140.0,140.0,0,42
2025-07-08,Store_B,Cooking_Oil_1L,Staples,140.0,140.0,1,56
2025-07-09,Store_B,Cooking_Oil_1L,Staples,140.0,140.0,0,51
2025-07-10,Store_B,Cooking_Oil_1L,Staples,149.04,140.0,0,40
2025-07-11,Store_B,Cooking_Oil_1L,Staples,140.0,140.0,0,53
2025-07-12,Store_B,Cooking_Oil_1L,Staples,146.73,140.0,0,65
2025-07-13,Store_B,Cooking_Oil_1L,Staples,140.0,140.0,0,62
2025-07-14,Store_B,Cooking_Oil_1L,Staples,140.0,140.0,0,42
2025-07-15,Store_B,Cooking_Oil_1L,Staples,140.0,140.0,0,38
2025-07-16,Store_B,Cooking_Oil_1L,Staples,140.0,140.0,0,40
2025-07-17,Store_B,Cooking_Oil_1L,Staples,140.0,140.0,0,47
2025-07-18,Store_B,Cooking_Oil_1L,Staples,118.17,140.0,0,65
2025-07-19,Store_B,Cooking_Oil_1L,Staples,140.0,140.0,0,55
2025-07-20,Store_B,Cooking_Oil_1L,Staples,140.0,140.0,0,57
2025-07-21,Store_B,Cooking_Oil_1L,Staples,147.08,140.0,1,60
2025-07-22,Store_B,Cooking_Oil_1L,Staples,140.0,140.0,0,42
2025-07-23,Store_B,Cooking_Oil_1L,Staples,140.0,140.0,0,44
2025-07-24,Store_B,Cooking_Oil_1L,Staples,140.0,140.0,0,45
2025-07-25,Store_B,Cooking_Oil_1L,Staples,127.4,140.0,0,62
2025-07-26,Store_B,Cooking_Oil_1L,Staples,140.0,140.0,0,72
2025-07-27,Store_B,Cooking_Oil_1L,Staples,140.0,140.0,0,60
2025-07-28,Store_B,Cooking_Oil_1L,Staples,140.0,140.0,0,42
2025-07-29,Store_B,Cooking_Oil_1L,Staples,140.0,140.0,0,37
2025-07-30,Store_B,Cooking_Oil_1L,Staples,140.0,140.0,0,44
2025-07-31,Store_B,Cooking_Oil_1L,Staples,140.0,140.0,0,51
2025-08-01,Store_B,Cooking_Oil_1L,Staples,140.0,140.0,0,60
2025-08-02,Store_B,Cooking_Oil_1L,Staples,140.0,140.0,0,70
2025-08-03,Store_B,Cooking_Oil_1L,Staples,140.0,140.0,0,65
2025-08-04,Store_B,Cooking_Oil_1L,Staples,140.0,140.0,0,48
2025-08-05,Store_B,Cooking_Oil_1L,Staples,140.0,140.0,0,46
2025-08-06,Store_B,Cooking_Oil_1L,Staples,140.0,140.0,0,44
2025-08-07,Store_B,Cooking_Oil_1L,Staples,140.0,140.0,0,45
2025-08-08,Store_B,Cooking_Oil_1L,Staples,140.0,140.0,0,55
2025-08-09,Store_B,Cooking_Oil_1L,Staples,124.52,140.0,0,81
2025-08-10,Store_B,Cooking_Oil_1L,Staples,140.0,140.0,0,55
2025-08-11,Store_B,Cooking_Oil_1L,Staples,140.0,140.0,0,50
2025-08-12,Store_B,Cooking_Oil_1L,Staples,118.41,140.0,0,59
2025-08-13,Store_B,Cooking_Oil_1L,Staples,140.0,140.0,0,48
2025-08-14,Store_B,Cooking_Oil_1L,Staples,140.0,140.0,0,50
2025-08-15,Store_B,Cooking_Oil_1L,Staples,140.0,140.0,0,47
2025-08-16,Store_B,Cooking_Oil_1L,Staples,140.0,140.0,0,67
2025-08-17,Store_B,Cooking_Oil_1L,Staples,140.0,140.0,0,59
2025-08-18,Store_B,Cooking_Oil_1L,Staples,141.98,140.0,0,49
2025-08-19,Store_B,Cooking_Oil_1L,Staples,140.0,140.0,0,34
2025-08-20,Store_B,Cooking_Oil_1L,Staples,140.0,140.0,0,48
2025-08-21,Store_B,Cooking_Oil_1L,Staples,151.89,140.0,0,48
2025-08-22,Store_B,Cooking_Oil_1L,Staples,140.0,140.0,0,57
2025-08-23,Store_B,Cooking_Oil_1L,Staples,116.39,140.0,0,73
2025-08-24,Store_B,Cooking_Oil_1L,Staples,140.11,140.0,0,62
2025-08-25,Store_B,Cooking_Oil_1L,Staples,140.0,140.0,0,48
2025-08-26,Store_B,Cooking_Oil_1L,Staples,140.0,140.0,0,42
2025-08-27,Store_B,Cooking_Oil_1L,Staples,140.0,140.0,0,45
2025-08-28,Store_B,Cooking_Oil_1L,Staples,140.0,140.0,0,56
2025-08-29,Store_B,Cooking_Oil_1L,Staples,140.0,140.0,0,50
2025-08-30,Store_B,Cooking_Oil_1L,Staples,140.0,140.0,1,92
2025-08-31,Store_B,Cooking_Oil_1L,Staples,140.0,140.0,0,57
2025-09-01,Store_B,Cooking_Oil_1L,Staples,140.0,140.0,0,50
2025-09-02,Store_B,Cooking_Oil_1L,Staples,140.0,140.0,0,50
2025-09-03,Store_B,Cooking_Oil_1L,Staples,140.0,140.0,0,48
2025-09-04,Store_B,Cooking_Oil_1L,Staples,140.0,140.0,0,44
2025-09-05,Store_B,Cooking_Oil_1L,Staples,122.36,140.0,0,71
2025-09-06,Store_B,Cooking_Oil_1L,Staples,140.0,140.0,0,72
2025-09-07,Store_B,Cooking_Oil_1L,Staples,140.0,140.0,0,57
2025-09-08,Store_B,Cooking_Oil_1L,Staples,136.93,140.0,0,44
2025-09-09,Store_B,Cooking_Oil_1L,Staples,140.0,140.0,0,43
2025-09-10,Store_B,Cooking_Oil_1L,Staples,140.0,140.0,0,47
2025-09-11,Store_B,Cooking_Oil_1L,Staples,143.26,140.0,0,46
2025-09-12,Store_B,Cooking_Oil_1L,Staples,140.0,140.0,0,63
2025-09-13,Store_B,Cooking_Oil_1L,Staples,140.0,140.0,0,78
2025-09-14,Store_B,Cooking_Oil_1L,Staples,116.08,140.0,0,67
2025-09-15,Store_B,Cooking_Oil_1L,Staples,150.2,140.0,0,50
2025-09-16,Store_B,Cooking_Oil_1L,Staples,151.69,140.0,0,36
2025-09-17,Store_B,Cooking_Oil_1L,Staples,147.52,140.0,0,55
2025-09-18,Store_B,Cooking_Oil_1L,Staples,140.0,140.0,0,52
2025-09-19,Store_B,Cooking_Oil_1L,Staples,140.0,140.0,0,54
2025-09-20,Store_B,Cooking_Oil_1L,Staples,140.0,140.0,0,76
2025-09-21,Store_B,Cooking_Oil_1L,Staples,140.0,140.0,0,53
2025-09-22,Store_B,Cooking_Oil_1L,Staples,140.0,140.0,0,53
2025-09-23,Store_B,Cooking_Oil_1L,Staples,140.0,140.0,0,51
2025-09-24,Store_B,Cooking_Oil_1L,Staples,140.0,140.0,0,55
2025-09-25,Store_B,Cooking_Oil_1L,Staples,117.51,140.0,0,62
2025-09-26,Store_B,Cooking_Oil_1L,Staples,159.05,140.0,0,54
2025-09-27,Store_B,Cooking_Oil_1L,Staples,153.91,140.0,0,77
2025-09-28,Store_B,Cooking_Oil_1L,Staples,140.0,140.0,0,75
2025-09-29,Store_B,Cooking_Oil_1L,Staples,140.0,140.0,0,46
2025-09-30,Store_B,Cooking_Oil_1L,Staples,140.0,140.0,0,47
2025-10-01,Store_B,Cooking_Oil_1L,Staples,140.0,140.0,0,63
2025-10-02,Store_B,Cooking_Oil_1L,Staples,140.0,140.0,0,77
2025-10-03,Store_B,Cooking_Oil_1L,Staples,140.0,140.0,0,87
2025-10-04,Store_B,Cooking_Oil_1L,Staples,140.0,140.0,0,108
2025-10-05,Store_B,Cooking_Oil_1L,Staples,140.0,140.0,0,93
2025-10-06,Store_B,Cooking_Oil_1L,Staples,140.0,140.0,0,88
2025-10-07,Store_B,Cooking_Oil_1L,Staples,112.74,140.0,0,82
2025-10-08,Store_B,Cooking_Oil_1L,Staples,118.49,140.0,0,92
2025-10-09,Store_B,Cooking_Oil_1L,Staples,140.0,140.0,0,83
2025-10-10,Store_B,Cooking_Oil_1L,Staples,140.0,140.0,0,94
2025-10-11,Store_B,Cooking_Oil_1L,Staples,140.0,140.0,0,119
2025-10-12,Store_B,Cooking_Oil_1L,Staples,140.0,140.0,0,117
2025-10-13,Store_B,Cooking_Oil_1L,Staples,140.0,140.0,0,71
2025-10-14,Store_B,Cooking_Oil_1L,Staples,140.0,140.0,0,63
2025-10-15,Store_B,Cooking_Oil_1L,Staples,140.0,140.0,0,87
2025-10-16,Store_B,Cooking_Oil_1L,Staples,140.0,140.0,0,80
2025-10-17,Store_B,Cooking_Oil_1L,Staples,140.0,140.0,0,103
2025-10-18,Store_B,Cooking_Oil_1L,Staples,140.0,140.0,0,125
2025-10-19,Store_B,Cooking_Oil_1L,Staples,140.0,140.0,0,104
2025-10-20,Store_B,Cooking_Oil_1L,Staples,140.0,140.0,0,75
2025-10-21,Store_B,Cooking_Oil_1L,Staples,140.0,140.0,0,67
2025-10-22,Store_B,Cooking_Oil_1L,Staples,140.0,140.0,0,83
2025-10-23,Store_B,Cooking_Oil_1L,Staples,140.0,140.0,0,82
2025-10-24,Store_B,Cooking_Oil_1L,Staples,148.23,140.0,0,88
2025-10-25,Store_B,Cooking_Oil_1L,Staples,140.0,140.0,0,117
2025-10-26,Store_B,Cooking_Oil_1L,Staples,140.0,140.0,0,103
2025-10-27,Store_B,Cooking_Oil_1L,Staples,130.07,140.0,0,84
2025-10-28,Store_B,Cooking_Oil_1L,Staples,140.0,140.0,1,85
2025-10-29,Store_B,Cooking_Oil_1L,Staples,140.0,140.0,0,76
2025-10-30,Store_B,Cooking_Oil_1L,Staples,140.0,140.0,0,79
2025-10-31,Store_B,Cooking_Oil_1L,Staples,140.0,140.0,0,88
2025-11-01,Store_B,Cooking_Oil_1L,Staples,140.0,140.0,0,121
2025-11-02,Store_B,Cooking_Oil_1L,Staples,140.0,140.0,0,111
2025-11-03,Store_B,Cooking_Oil_1L,Staples,140.0,140.0,0,78
2025-11-04,Store_B,Cooking_Oil_1L,Staples,140.0,140.0,0,72
2025-11-05,Store_B,Cooking_Oil_1L,Staples,140.0,140.0,0,82
2025-11-06,Store_B,Cooking_Oil_1L,Staples,154.54,140.0,0,71
2025-11-07,Store_B,Cooking_Oil_1L,Staples,121.57,140.0,1,152
2025-11-08,Store_B,Cooking_Oil_1L,Staples,140.0,140.0,0,119
2025-11-09,Store_B,Cooking_Oil_1L,Staples,116.94,140.0,0,124
2025-11-10,Store_B,Cooking_Oil_1L,Staples,140.0,140.0,1,104
2025-11-11,Store_B,Cooking_Oil_1L,Staples,140.0,140.0,0,83
2025-11-12,Store_B,Cooking_Oil_1L,Staples,140.0,140.0,0,87
2025-11-13,Store_B,Cooking_Oil_1L,Staples,136.07,140.0,1,108
2025-11-14,Store_B,Cooking_Oil_1L,Staples,140.0,140.0,0,118
2025-11-15,Store_B,Cooking_Oil_1L,Staples,137.98,140.0,0,121
2025-11-16,Store_B,Cooking_Oil_1L,Staples,140.0,140.0,0,126
2025-11-17,Store_B,Cooking_Oil_1L,Staples,140.0,140.0,0,83
2025-11-18,Store_B,Cooking_Oil_1L,Staples,140.0,140.0,0,79
2025-11-19,Store_B,Cooking_Oil_1L,Staples,140.0,140.0,0,79
2025-11-20,Store_B,Cooking_Oil_1L,Staples,140.0,140.0,1,127
2025-11-21,Store_B,Cooking_Oil_1L,Staples,140.0,140.0,0,113
2025-11-22,Store_B,Cooking_Oil_1L,Staples,138.05,140.0,0,129
2025-11-23,Store_B,Cooking_Oil_1L,Staples,140.0,140.0,0,112
2025-11-24,Store_B,Cooking_Oil_1L,Staples,140.0,140.0,0,81
2025-11-25,Store_B,Cooking_Oil_1L,Staples,140.0,140.0,0,70
2025-11-26,Store_B,Cooking_Oil_1L,Staples,140.0,140.0,0,91
2025-11-27,Store_B,Cooking_Oil_1L,Staples,140.0,140.0,0,87
2025-11-28,Store_B,Cooking_Oil_1L,Staples,140.0,140.0,0,101
2025-11-29,Store_B,Cooking_Oil_1L,Staples,140.0,140.0,0,112
2025-11-30,Store_B,Cooking_Oil_1L,Staples,140.0,140.0,0,115
2025-12-01,Store_B,Cooking_Oil_1L,Staples,140.0,140.0,0,66
2025-12-02,Store_B,Cooking_Oil_1L,Staples,140.0,140.0,0,75
2025-12-03,Store_B,Cooking_Oil_1L,Staples,140.0,140.0,0,69
2025-12-04,Store_B,Cooking_Oil_1L,Staples,140.0,140.0,0,77
2025-12-05,Store_B,Cooking_Oil_1L,Staples,140.0,140.0,0,96
2025-12-06,Store_B,Cooking_Oil_1L,Staples,140.0,140.0,0,112
2025-12-07,Store_B,Cooking_Oil_1L,Staples,140.0,140.0,0,104
2025-12-08,Store_B,Cooking_Oil_1L,Staples,157.34,140.0,0,77
2025-12-09,Store_B,Cooking_Oil_1L,Staples,145.6,140.0,0,70
2025-12-10,Store_B,Cooking_Oil_1L,Staples,160.91,140.0,1,83
2025-12-11,Store_B,Cooking_Oil_1L,Staples,140.0,140.0,0,79
2025-12-12,Store_B,Cooking_Oil_1L,Staples,140.0,140.0,1,126
2025-12-13,Store_B,Cooking_Oil_1L,Staples,140.0,140.0,0,118
2025-12-14,Store_B,Cooking_Oil_1L,Staples,140.0,140.0,0,93
2025-12-15,Store_B,Cooking_Oil_1L,Staples,140.0,140.0,0,79
2025-12-16,Store_B,Cooking_Oil_1L,Staples,119.84,140.0,0,85
2025-12-17,Store_B,Cooking_Oil_1L,Staples,140.0,140.0,0,65
2025-12-18,Store_B,Cooking_Oil_1L,Staples,148.44,140.0,0,61
2025-12-19,Store_B,Cooking_Oil_1L,Staples,140.0,140.0,0,101
2025-12-20,Store_B,Cooking_Oil_1L,Staples,140.0,140.0,0,120
2025-12-21,Store_B,Cooking_Oil_1L,Staples,140.0,140.0,0,92
2025-12-22,Store_B,Cooking_Oil_1L,Staples,140.0,140.0,0,82
2025-12-23,Store_B,Cooking_Oil_1L,Staples,140.0,140.0,0,78
2025-12-24,Store_B,Cooking_Oil_1L,Staples,140.0,140.0,0,80
2025-12-25,Store_B,Cooking_Oil_1L,Staples,140.0,140.0,0,74
2025-12-26,Store_B,Cooking_Oil_1L,Staples,156.53,140.0,0,98
2025-12-27,Store_B,Cooking_Oil_1L,Staples,140.0,140.0,0,106
2025-12-28,Store_B,Cooking_Oil_1L,Staples,140.0,140.0,0,96
2025-12-29,Store_B,Cooking_Oil_1L,Staples,140.0,140.0,0,81
2025-12-30,Store_B,Cooking_Oil_1L,Staples,140.0,140.0,0,71
2024-01-01,Store_C,Milk_1L,Dairy,51.73,50.0,0,70
2024-01-02,Store_C,Milk_1L,Dairy,50.0,50.0,0,78
2024-01-03,Store_C,Milk_1L,Dairy,50.0,50.0,0,77
2024-01-04,Store_C,Milk_1L,Dairy,50.0,50.0,1,104
2024-01-05,Store_C,Milk_1L,Dairy,50.0,50.0,0,94
2024-01-06,Store_C,Milk_1L,Dairy,50.0,50.0,0,109
2024-01-07,Store_C,Milk_1L,Dairy,53.76,50.0,0,84
2024-01-08,Store_C,Milk_1L,Dairy,50.0,50.0,0,79
2024-01-09,Store_C,Milk_1L,Dairy,50.0,50.0,0,80
2024-01-10,Store_C,Milk_1L,Dairy,50.0,50.0,1,100
2024-01-11,Store_C,Milk_1L,Dairy,50.0,50.0,0,73
2024-01-12,Store_C,Milk_1L,Dairy,50.0,50.0,0,95
2024-01-13,Store_C,Milk_1L,Dairy,49.3,50.0,0,100
2024-01-14,Store_C,Milk_1L,Dairy,50.0,50.0,0,109
2024-01-15,Store_C,Milk_1L,Dairy,50.0,50.0,0,73
2024-01-16,Store_C,Milk_1L,Dairy,50.0,50.0,0,63
2024-01-17,Store_C,Milk_1L,Dairy,50.0,50.0,0,85
2024-01-18,Store_C,Milk_1L,Dairy,50.0,50.0,0,76
2024-01-19,Store_C,Milk_1L,Dairy,50.0,50.0,0,88
2024-01-20,Store_C,Milk_1L,Dairy,50.0,50.0,0,113
2024-01-21,Store_C,Milk_1L,Dairy,41.98,50.0,0,138
2024-01-22,Store_C,Milk_1L,Dairy,50.0,50.0,0,68
2024-01-23,Store_C,Milk_1L,Dairy,50.0,50.0,0,82
2024-01-24,Store_C,Milk_1L,Dairy,50.0,50.0,0,78
2024-01-25,Store_C,Milk_1L,Dairy,50.0,50.0,0,78
2024-01-26,Store_C,Milk_1L,Dairy,55.67,50.0,0,87
2024-01-27,Store_C,Milk_1L,Dairy,50.0,50.0,0,109
2024-01-28,Store_C,Milk_1L,Dairy,50.0,50.0,0,93
2024-01-29,Store_C,Milk_1L,Dairy,50.0,50.0,0,78
2024-01-30,Store_C,Milk_1L,Dairy,50.0,50.0,0,63
2024-01-31,Store_C,Milk_1L,Dairy,50.0,50.0,0,69
2024-02-01,Store_C,Milk_1L,Dairy,50.0,50.0,0,70
2024-02-02,Store_C,Milk_1L,Dairy,50.0,50.0,0,105
2024-02-03,Store_C,Milk_1L,Dairy,50.0,50.0,0,113
2024-02-04,Store_C,Milk_1L,Dairy,50.0,50.0,0,105
2024-02-05,Store_C,Milk_1L,Dairy,50.0,50.0,0,70
2024-02-06,Store_C,Milk_1L,Dairy,50.0,50.0,0,73
2024-02-07,Store_C,Milk_1L,Dairy,50.0,50.0,0,78
2024-02-08,Store_C,Milk_1L,Dairy,48.29,50.0,0,88
2024-02-09,Store_C,Milk_1L,Dairy,56.02,50.0,0,84
2024-02-10,Store_C,Milk_1L,Dairy,50.0,50.0,0,114
2024-02-11,Store_C,Milk_1L,Dairy,50.0,50.0,0,80
2024-02-12,Store_C,Milk_1L,Dairy,50.0,50.0,0,77
2024-02-13,Store_C,Milk_1L,Dairy,49.41,50.0,0,73
2024-02-14,Store_C,Milk_1L,Dairy,50.0,50.0,0,77
2024-02-15,Store_C,Milk_1L,Dairy,57.16,50.0,0,61
2024-02-16,Store_C,Milk_1L,Dairy,53.11,50.0,0,84
2024-02-17,Store_C,Milk_1L,Dairy,50.0,50.0,0,122
2024-02-18,Store_C,Milk_1L,Dairy,50.0,50.0,0,104
2024-02-19,Store_C,Milk_1L,Dairy,50.18,50.0,0,85
2024-02-20,Store_C,Milk_1L,Dairy,48.13,50.0,0,71
2024-02-21,Store_C,Milk_1L,Dairy,50.0,50.0,0,71
2024-02-22,Store_C,Milk_1L,Dairy,50.0,50.0,0,75
2024-02-23,Store_C,Milk_1L,Dairy,50.0,50.0,0,99
2024-02-24,Store_C,Milk_1L,Dairy,56.55,50.0,0,90
2024-02-25,Store_C,Milk_1L,Dairy,50.0,50.0,0,106
2024-02-26,Store_C,Milk_1L,Dairy,50.0,50.0,0,75
2024-02-27,Store_C,Milk_1L,Dairy,56.74,50.0,0,56
2024-02-28,Store_C,Milk_1L,Dairy,53.96,50.0,0,60
2024-02-29,Store_C,Milk_1L,Dairy,50.0,50.0,0,76
2024-03-01,Store_C,Milk_1L,Dairy,42.89,50.0,0,136
2024-03-02,Store_C,Milk_1L,Dairy,50.0,50.0,0,121
2024-03-03,Store_C,Milk_1L,Dairy,53.4,50.0,0,72
2024-03-04,Store_C,Milk_1L,Dairy,50.0,50.0,0,61
2024-03-05,Store_C,Milk_1L,Dairy,50.0,50.0,0,70
2024-03-06,Store_C,Milk_1L,Dairy,53.98,50.0,0,73
2024-03-07,Store_C,Milk_1L,Dairy,50.0,50.0,0,78
2024-03-08,Store_C,Milk_1L,Dairy,50.0,50.0,0,108
2024-03-09,Store_C,Milk_1L,Dairy,50.0,50.0,0,121
2024-03-10,Store_C,Milk_1L,Dairy,50.0,50.0,0,96
2024-03-11,Store_C,Milk_1L,Dairy,50.0,50.0,0,75
2024-03-12,Store_C,Milk_1L,Dairy,50.0,50.0,0,69
2024-03-13,Store_C,Milk_1L,Dairy,52.86,50.0,0,61
2024-03-14,Store_C,Milk_1L,Dairy,50.0,50.0,0,79
2024-03-15,Store_C,Milk_1L,Dairy,52.21,50.0,0,83
2024-03-16,Store_C,Milk_1L,Dairy,55.13,50.0,0,92
2024-03-17,Store_C,Milk_1L,Dairy,48.93,50.0,0,107
2024-03-18,Store_C,Milk_1L,Dairy,50.0,50.0,1,95
2024-03-19,Store_C,Milk_1L,Dairy,50.0,50.0,0,77
2024-03-20,Store_C,Milk_1L,Dairy,50.0,50.0,0,69
2024-03-21,Store_C,Milk_1L,Dairy,50.0,50.0,0,85
2024-03-22,Store_C,Milk_1L,Dairy,50.0,50.0,0,97
2024-03-23,Store_C,Milk_1L,Dairy,50.0,50.0,0,100
2024-03-24,Store_C,Milk_1L,Dairy,50.0,50.0,0,96
2024-03-25,Store_C,Milk_1L,Dairy,50.0,50.0,0,83
2024-03-26,Store_C,Milk_1L,Dairy,42.97,50.0,0,82
2024-03-27,Store_C,Milk_1L,Dairy,50.0,50.0,0,77
2024-03-28,Store_C,Milk_1L,Dairy,50.0,50.0,0,76
2024-03-29,Store_C,Milk_1L,Dairy,50.0,50.0,0,87
2024-03-30,Store_C,Milk_1L,Dairy,50.0,50.0,0,100
2024-03-31,Store_C,Milk_1L,Dairy,50.0,50.0,0,93
2024-04-01,Store_C,Milk_1L,Dairy,50.0,50.0,0,71
2024-04-02,Store_C,Milk_1L,Dairy,50.0,50.0,1,92
2024-04-03,Store_C,Milk_1L,Dairy,50.0,50.0,0,84
2024-04-04,Store_C,Milk_1L,Dairy,50.0,50.0,0,79
2024-04-05,Store_C,Milk_1L,Dairy,50.0,50.0,0,100
2024-04-06,Store_C,Milk_1L,Dairy,50.0,50.0,1,151
2024-04-07,Store_C,Milk_1L,Dairy,55.21,50.0,0,95
2024-04-08,Store_C,Milk_1L,Dairy,50.0,50.0,0,74
2024-04-09,Store_C,Milk_1L,Dairy,50.0,50.0,0,75
2024-04-10,Store_C,Milk_1L,Dairy,50.0,50.0,0,76
2024-04-11,Store_C,Milk_1L,Dairy,50.0,50.0,0,90
2024-04-12,Store_C,Milk_1L,Dairy,48.81,50.0,0,80
2024-04-13,Store_C,Milk_1L,Dairy,47.65,50.0,0,129
2024-04-14,Store_C,Milk_1L,Dairy,50.0,50.0,0,105
2024-04-15,Store_C,Milk_1L,Dairy,53.74,50.0,0,62
2024-04-16,Store_C,Milk_1L,Dairy,50.0,50.0,0,70
2024-04-17,Store_C,Milk_1L,Dairy,56.87,50.0,1,81
2024-04-18,Store_C,Milk_1L,Dairy,50.0,50.0,0,78
2024-04-19,Store_C,Milk_1L,Dairy,50.0,50.0,0,79
2024-04-20,Store_C,Milk_1L,Dairy,50.0,50.0,0,113
2024-04-21,Store_C,Milk_1L,Dairy,50.0,50.0,0,101
2024-04-22,Store_C,Milk_1L,Dairy,50.0,50.0,0,74
2024-04-23,Store_C,Milk_1L,Dairy,50.0,50.0,0,65
2024-04-24,Store_C,Milk_1L,Dairy,50.0,50.0,0,79
2024-04-25,Store_C,Milk_1L,Dairy,50.0,50.0,1,94
2024-04-26,Store_C,Milk_1L,Dairy,50.0,50.0,0,99
2024-04-27,Store_C,Milk_1L,Dairy,50.0,50.0,0,98
2024-04-28,Store_C,Milk_1L,Dairy,50.0,50.0,0,102
2024-04-29,Store_C,Milk_1L,Dairy,50.0,50.0,1,88
2024-04-30,Store_C,Milk_1L,Dairy,50.0,50.0,0,71
2024-05-01,Store_C,Milk_1L,Dairy,50.0,50.0,0,80
2024-05-02,Store_C,Milk_1L,Dairy,50.0,50.0,0,84
2024-05-03,Store_C,Milk_1L,Dairy,50.0,50.0,0,100
2024-05-04,Store_C,Milk_1L,Dairy,50.0,50.0,0,94
2024-05-05,Store_C,Milk_1L,Dairy,50.0,50.0,0,93
2024-05-06,Store_C,Milk_1L,Dairy,50.0,50.0,0,67
2024-05-07,Store_C,Milk_1L,Dairy,50.0,50.0,0,53
2024-05-08,Store_C,Milk_1L,Dairy,50.0,50.0,0,69
2024-05-09,Store_C,Milk_1L,Dairy,50.0,50.0,0,79
2024-05-10,Store_C,Milk_1L,Dairy,50.0,50.0,0,93
2024-05-11,Store_C,Milk_1L,Dairy,44.03,50.0,0,138
2024-05-12,Store_C,Milk_1L,Dairy,52.09,50.0,0,98
2024-05-13,Store_C,Milk_1L,Dairy,50.0,50.0,0,69
2024-05-14,Store_C,Milk_1L,Dairy,50.0,50.0,0,60
2024-05-15,Store_C,Milk_1L,Dairy,50.0,50.0,0,71
2024-05-16,Store_C,Milk_1L,Dairy,50.0,50.0,0,76
2024-05-17,Store_C,Milk_1L,Dairy,50.0,50.0,0,97
2024-05-18,Store_C,Milk_1L,Dairy,50.0,50.0,0,99
2024-05-19,Store_C,Milk_1L,Dairy,50.0,50.0,0,94
2024-05-20,Store_C,Milk_1L,Dairy,42.39,50.0,0,93
2024-05-21,Store_C,Milk_1L,Dairy,50.0,50.0,0,66
2024-05-22,Store_C,Milk_1L,Dairy,50.0,50.0,0,65
2024-05-23,Store_C,Milk_1L,Dairy,50.0,50.0,0,67
2024-05-24,Store_C,Milk_1L,Dairy,50.0,50.0,0,88
2024-05-25,Store_C,Milk_1L,Dairy,50.0,50.0,0,101
2024-05-26,Store_C,Milk_1L,Dairy,51.45,50.0,0,87
2024-05-27,Store_C,Milk_1L,Dairy,50.0,50.0,0,60
2024-05-28,Store_C,Milk_1L,Dairy,50.0,50.0,0,67
2024-05-29,Store_C,Milk_1L,Dairy,50.0,50.0,0,59
2024-05-30,Store_C,Milk_1L,Dairy,50.0,50.0,0,66
2024-05-31,Store_C,Milk_1L,Dairy,50.0,50.0,0,92
2024-06-01,Store_C,Milk_1L,Dairy,50.0,50.0,0,101
2024-06-02,Store_C,Milk_1L,Dairy,50.0,50.0,0,80
2024-06-03,Store_C,Milk_1L,Dairy,47.59,50.0,0,72
2024-06-04,Store_C,Milk_1L,Dairy,50.0,50.0,0,68
2024-06-05,Store_C,Milk_1L,Dairy,50.0,50.0,0,54
2024-06-06,Store_C,Milk_1L,Dairy,50.0,50.0,0,73
2024-06-07,Store_C,Milk_1L,Dairy,50.0,50.0,0,79
2024-06-08,Store_C,Milk_1L,Dairy,50.0,50.0,0,108
2024-06-09,Store_C,Milk_1L,Dairy,50.0,50.0,0,78
2024-06-10,Store_C,Milk_1L,Dairy,50.0,50.0,0,65
2024-06-11,Store_C,Milk_1L,Dairy,52.45,50.0,0,57
2024-06-12,Store_C,Milk_1L,Dairy,50.0,50.0,0,66
2024-06-13,Store_C,Milk_1L,Dairy,50.0,50.0,0,57
2024-06-14,Store_C,Milk_1L,Dairy,51.47,50.0,0,88
2024-06-15,Store_C,Milk_1L,Dairy,50.0,50.0,0,104
2024-06-16,Store_C,Milk_1L,Dairy,46.26,50.0,0,113
2024-06-17,Store_C,Milk_1L,Dairy,50.0,50.0,0,76
2024-06-18,Store_C,Milk_1L,Dairy,50.0,50.0,0,54
2024-06-19,Store_C,Milk_1L,Dairy,50.0,50.0,0,62
2024-06-20,Store_C,Milk_1L,Dairy,50.0,50.0,0,77
2024-06-21,Store_C,Milk_1L,Dairy,50.0,50.0,0,90
2024-06-22,Store_C,Milk_1L,Dairy,50.0,50.0,0,86
2024-06-23,Store_C,Milk_1L,Dairy,50.12,50.0,0,98
2024-06-24,Store_C,Milk_1L,Dairy,50.0,50.0,0,65
2024-06-25,Store_C,Milk_1L,Dairy,50.0,50.0,0,64
2024-06-26,Store_C,Milk_1L,Dairy,50.0,50.0,0,65
2024-06-27,Store_C,Milk_1L,Dairy,50.0,50.0,0,77
2024-06-28,Store_C,Milk_1L,Dairy,50.0,50.0,0,80
2024-06-29,Store_C,Milk_1L,Dairy,50.0,50.0,0,83
2024-06-30,Store_C,Milk_1L,Dairy,41.0,50.0,0,117
2024-07-01,Store_C,Milk_1L,Dairy,50.0,50.0,0,66
2024-07-02,Store_C,Milk_1L,Dairy,50.0,50.0,0,67
2024-07-03,Store_C,Milk_1L,Dairy,50.0,50.0,0,70
2024-07-04,Store_C,Milk_1L,Dairy,50.0,50.0,0,71
2024-07-05,Store_C,Milk_1L,Dairy,50.0,50.0,0,80
2024-07-06,Store_C,Milk_1L,Dairy,50.0,50.0,0,91
2024-07-07,Store_C,Milk_1L,Dairy,56.52,50.0,0,73
2024-07-08,Store_C,Milk_1L,Dairy,50.0,50.0,0,67
2024-07-09,Store_C,Milk_1L,Dairy,44.63,50.0,0,78
2024-07-10,Store_C,Milk_1L,Dairy,50.0,50.0,0,72
2024-07-11,Store_C,Milk_1L,Dairy,50.0,50.0,1,97
2024-07-12,Store_C,Milk_1L,Dairy,50.0,50.0,0,90
2024-07-13,Store_C,Milk_1L,Dairy,50.0,50.0,0,90
2024-07-14,Store_C,Milk_1L,Dairy,50.0,50.0,0,93
2024-07-15,Store_C,Milk_1L,Dairy,55.9,50.0,0,53
2024-07-16,Store_C,Milk_1L,Dairy,50.0,50.0,0,66
2024-07-17,Store_C,Milk_1L,Dairy,50.0,50.0,0,66
2024-07-18,Store_C,Milk_1L,Dairy,50.0,50.0,0,69
2024-07-19,Store_C,Milk_1L,Dairy,50.0,50.0,0,73
2024-07-20,Store_C,Milk_1L,Dairy,44.76,50.0,0,119
2024-07-21,Store_C,Milk_1L,Dairy,50.0,50.0,0,88
2024-07-22,Store_C,Milk_1L,Dairy,42.23,50.0,0,90
2024-07-23,Store_C,Milk_1L,Dairy,50.0,50.0,0,70
2024-07-24,Store_C,Milk_1L,Dairy,50.0,50.0,0,68
2024-07-25,Store_C,Milk_1L,Dairy,50.0,50.0,1,101
2024-07-26,Store_C,Milk_1L,Dairy,50.0,50.0,0,85
2024-07-27,Store_C,Milk_1L,Dairy,49.95,50.0,1,135
2024-07-28,Store_C,Milk_1L,Dairy,50.0,50.0,0,91
2024-07-29,Store_C,Milk_1L,Dairy,44.84,50.0,0,85
2024-07-30,Store_C,Milk_1L,Dairy,50.0,50.0,0,64
2024-07-31,Store_C,Milk_1L,Dairy,44.73,50.0,0,84
2024-08-01,Store_C,Milk_1L,Dairy,50.0,50.0,0,71
2024-08-02,Store_C,Milk_1L,Dairy,50.0,50.0,0,101
2024-08-03,Store_C,Milk_1L,Dairy,50.0,50.0,1,141
2024-08-04,Store_C,Milk_1L,Dairy,50.0,50.0,0,90
2024-08-05,Store_C,Milk_1L,Dairy,50.0,50.0,1,86
2024-08-06,Store_C,Milk_1L,Dairy,50.0,50.0,0,60
2024-08-07,Store_C,Milk_1L,Dairy,50.0,50.0,1,89
2024-08-08,Store_C,Milk_1L,Dairy,50.0,50.0,0,70
2024-08-09,Store_C,Milk_1L,Dairy,50.0,50.0,0,85
2024-08-10,Store_C,Milk_1L,Dairy,50.0,50.0,0,106
2024-08-11,Store_C,Milk_1L,Dairy,50.0,50.0,0,99
2024-08-12,Store_C,Milk_1L,Dairy,50.0,50.0,0,72
2024-08-13,Store_C,Milk_1L,Dairy,50.0,50.0,0,68
2024-08-14,Store_C,Milk_1L,Dairy,50.0,50.0,0,64
2024-08-15,Store_C,Milk_1L,Dairy,50.0,50.0,0,80
2024-08-16,Store_C,Milk_1L,Dairy,50.0,50.0,0,83
2024-08-17,Store_C,Milk_1L,Dairy,40.82,50.0,0,132
2024-08-18,Store_C,Milk_1L,Dairy,50.0,50.0,0,82
2024-08-19,Store_C,Milk_1L,Dairy,50.0,50.0,0,72
2024-08-20,Store_C,Milk_1L,Dairy,50.0,50.0,0,69
2024-08-21,Store_C,Milk_1L,Dairy,50.14,50.0,1,95
2024-08-22,Store_C,Milk_1L,Dairy,54.79,50.0,0,58
2024-08-23,Store_C,Milk_1L,Dairy,54.82,50.0,0,75
2024-08-24,Store_C,Milk_1L,Dairy,50.0,50.0,0,99
2024-08-25,Store_C,Milk_1L,Dairy,50.0,50.0,0,84
2024-08-26,Store_C,Milk_1L,Dairy,50.0,50.0,0,61
2024-08-27,Store_C,Milk_1L,Dairy,50.0,50.0,0,63
2024-08-28,Store_C,Milk_1L,Dairy,50.0,50.0,0,76
2024-08-29,Store_C,Milk_1L,Dairy,44.28,50.0,0,93
2024-08-30,Store_C,Milk_1L,Dairy,50.0,50.0,0,103
2024-08-31,Store_C,Milk_1L,Dairy,50.0,50.0,0,101
2024-09-01,Store_C,Milk_1L,Dairy,50.0,50.0,0,101
2024-09-02,Store_C,Milk_1L,Dairy,50.0,50.0,0,78
2024-09-03,Store_C,Milk_1L,Dairy,55.56,50.0,1,78
2024-09-04,Store_C,Milk_1L,Dairy,50.0,50.0,1,95
2024-09-05,Store_C,Milk_1L,Dairy,50.0,50.0,0,79
2024-09-06,Store_C,Milk_1L,Dairy,42.96,50.0,0,132
2024-09-07,Store_C,Milk_1L,Dairy,50.0,50.0,0,116
2024-09-08,Store_C,Milk_1L,Dairy,50.0,50.0,0,78
2024-09-09,Store_C,Milk_1L,Dairy,50.0,50.0,0,76
2024-09-10,Store_C,Milk_1L,Dairy,50.0,50.0,0,73
2024-09-11,Store_C,Milk_1L,Dairy,50.0,50.0,0,82
2024-09-12,Store_C,Milk_1L,Dairy,50.0,50.0,0,73
2024-09-13,Store_C,Milk_1L,Dairy,50.0,50.0,0,77
2024-09-14,Store_C,Milk_1L,Dairy,50.0,50.0,0,122
2024-09-15,Store_C,Milk_1L,Dairy,50.0,50.0,0,105
2024-09-16,Store_C,Milk_1L,Dairy,56.6,50.0,0,56
2024-09-17,Store_C,Milk_1L,Dairy,50.0,50.0,0,66
2024-09-18,Store_C,Milk_1L,Dairy,50.0,50.0,0,68
2024-09-19,Store_C,Milk_1L,Dairy,50.0,50.0,0,68
2024-09-20,Store_C,Milk_1L,Dairy,50.0,50.0,0,97
2024-09-21,Store_C,Milk_1L,Dairy,50.0,50.0,0,106
2024-09-22,Store_C,Milk_1L,Dairy,50.0,50.0,0,98
2024-09-23,Store_C,Milk_1L,Dairy,46.35,50.0,0,89
2024-09-24,Store_C,Milk_1L,Dairy,50.0,50.0,0,70
2024-09-25,Store_C,Milk_1L,Dairy,50.0,50.0,0,77
2024-09-26,Store_C,Milk_1L,Dairy,50.0,50.0,0,80
2024-09-27,Store_C,Milk_1L,Dairy,50.0,50.0,0,93
2024-09-28,Store_C,Milk_1L,Dairy,50.0,50.0,0,110
2024-09-29,Store_C,Milk_1L,Dairy,50.0,50.0,0,109
2024-09-30,Store_C,Milk_1L,Dairy,42.79,50.0,0,84
2024-10-01,Store_C,Milk_1L,Dairy,50.0,50.0,0,108
2024-10-02,Store_C,Milk_1L,Dairy,50.0,50.0,0,111
2024-10-03,Store_C,Milk_1L,Dairy,50.0,50.0,0,126
2024-10-04,Store_C,Milk_1L,Dairy,50.0,50.0,0,146
2024-10-05,Store_C,Milk_1L,Dairy,50.0,50.0,0,163
2024-10-06,Store_C,Milk_1L,Dairy,50.0,50.0,0,145
2024-10-07,Store_C,Milk_1L,Dairy,44.26,50.0,0,152
2024-10-08,Store_C,Milk_1L,Dairy,50.0,50.0,1,128
2024-10-09,Store_C,Milk_1L,Dairy,50.0,50.0,0,122
2024-10-10,Store_C,Milk_1L,Dairy,50.0,50.0,0,117
2024-10-11,Store_C,Milk_1L,Dairy,50.0,50.0,0,156
2024-10-12,Store_C,Milk_1L,Dairy,54.32,50.0,0,139
2024-10-13,Store_C,Milk_1L,Dairy,50.0,50.0,0,146
2024-10-14,Store_C,Milk_1L,Dairy,50.0,50.0,1,155
2024-10-15,Store_C,Milk_1L,Dairy,50.0,50.0,0,110
2024-10-16,Store_C,Milk_1L,Dairy,50.0,50.0,0,120
2024-10-17,Store_C,Milk_1L,Dairy,50.0,50.0,1,181
2024-10-18,Store_C,Milk_1L,Dairy,50.0,50.0,0,163
2024-10-19,Store_C,Milk_1L,Dairy,50.0,50.0,0,170
2024-10-20,Store_C,Milk_1L,Dairy,50.0,50.0,0,152
2024-10-21,Store_C,Milk_1L,Dairy,50.0,50.0,1,173
2024-10-22,Store_C,Milk_1L,Dairy,50.0,50.0,0,104
2024-10-23,Store_C,Milk_1L,Dairy,50.0,50.0,0,120
2024-10-24,Store_C,Milk_1L,Dairy,50.0,50.0,0,142
2024-10-25,Store_C,Milk_1L,Dairy,49.4,50.0,0,154
2024-10-26,Store_C,Milk_1L,Dairy,50.0,50.0,0,185
2024-10-27,Store_C,Milk_1L,Dairy,50.0,50.0,0,154
2024-10-28,Store_C,Milk_1L,Dairy,50.0,50.0,0,120
2024-10-29,Store_C,Milk_1L,Dairy,53.66,50.0,0,94
2024-10-30,Store_C,Milk_1L,Dairy,46.8,50.0,0,138
2024-10-31,Store_C,Milk_1L,Dairy,50.0,50.0,0,128
2024-11-01,Store_C,Milk_1L,Dairy,41.05,50.0,0,223
2024-11-02,Store_C,Milk_1L,Dairy,50.0,50.0,0,185
2024-11-03,Store_C,Milk_1L,Dairy,50.0,50.0,0,157
2024-11-04,Store_C,Milk_1L,Dairy,50.0,50.0,1,168
2024-11-05,Store_C,Milk_1L,Dairy,50.0,50.0,0,132
2024-11-06,Store_C,Milk_1L,Dairy,50.0,50.0,0,127
2024-11-07,Store_C,Milk_1L,Dairy,50.0,50.0,0,144
2024-11-08,Store_C,Milk_1L,Dairy,50.3,50.0,1,207
2024-11-09,Store_C,Milk_1L,Dairy,50.0,50.0,0,186
2024-11-10,Store_C,Milk_1L,Dairy,50.0,50.0,0,166
2024-11-11,Store_C,Milk_1L,Dairy,50.0,50.0,0,122
2024-11-12,Store_C,Milk_1L,Dairy,57.14,50.0,0,98
2024-11-13,Store_C,Milk_1L,Dairy,50.0,50.0,0,121
2024-11-14,Store_C,Milk_1L,Dairy,50.0,50.0,0,147
2024-11-15,Store_C,Milk_1L,Dairy,49.9,50.0,0,169
2024-11-16,Store_C,Milk_1L,Dairy,50.0,50.0,0,206
2024-11-17,Store_C,Milk_1L,Dairy,49.75,50.0,0,169
2024-11-18,Store_C,Milk_1L,Dairy,50.0,50.0,0,136
2024-11-19,Store_C,Milk_1L,Dairy,50.0,50.0,0,120
2024-11-20,Store_C,Milk_1L,Dairy,50.0,50.0,0,126
2024-11-21,Store_C,Milk_1L,Dairy,50.0,50.0,0,132
2024-11-22,Store_C,Milk_1L,Dairy,41.22,50.0,0,240
2024-11-23,Store_C,Milk_1L,Dairy,50.0,50.0,0,197
2024-11-24,Store_C,Milk_1L,Dairy,50.0,50.0,0,163
2024-11-25,Store_C,Milk_1L,Dairy,49.38,50.0,1,182
2024-11-26,Store_C,Milk_1L,Dairy,50.0,50.0,0,132
2024-11-27,Store_C,Milk_1L,Dairy,50.0,50.0,0,137
2024-11-28,Store_C,Milk_1L,Dairy,50.0,50.0,0,145
2024-11-29,Store_C,Milk_1L,Dairy,50.0,50.0,0,143
2024-11-30,Store_C,Milk_1L,Dairy,54.26,50.0,0,181
2024-12-01,Store_C,Milk_1L,Dairy,50.0,50.0,0,175
2024-12-02,Store_C,Milk_1L,Dairy,50.0,50.0,1,153
2024-12-03,Store_C,Milk_1L,Dairy,50.0,50.0,0,105
2024-12-04,Store_C,Milk_1L,Dairy,50.0,50.0,0,111
2024-12-05,Store_C,Milk_1L,Dairy,55.76,50.0,0,115
2024-12-06,Store_C,Milk_1L,Dairy,42.53,50.0,0,216
2024-12-07,Store_C,Milk_1L,Dairy,50.0,50.0,1,278
2024-12-08,Store_C,Milk_1L,Dairy,50.0,50.0,0,156
2024-12-09,Store_C,Milk_1L,Dairy,50.0,50.0,0,116
2024-12-10,Store_C,Milk_1L,Dairy,48.97,50.0,1,147
2024-12-11,Store_C,Milk_1L,Dairy,50.0,50.0,0,121
2024-12-12,Store_C,Milk_1L,Dairy,52.61,50.0,0,104
2024-12-13,Store_C,Milk_1L,Dairy,50.0,50.0,0,164
2024-12-14,Store_C,Milk_1L,Dairy,50.0,50.0,0,198
2024-12-15,Store_C,Milk_1L,Dairy,50.0,50.0,0,161
2024-12-16,Store_C,Milk_1L,Dairy,46.18,50.0,0,149
2024-12-17,Store_C,Milk_1L,Dairy,52.92,50.0,0,86
2024-12-18,Store_C,Milk_1L,Dairy,50.0,50.0,0,133
2024-12-19,Store_C,Milk_1L,Dairy,50.0,50.0,0,124
2024-12-20,Store_C,Milk_1L,Dairy,50.0,50.0,1,198
2024-12-21,Store_C,Milk_1L,Dairy,50.0,50.0,1,249
2024-12-22,Store_C,Milk_1L,Dairy,50.0,50.0,0,196
2024-12-23,Store_C,Milk_1L,Dairy,50.0,50.0,0,127
2024-12-24,Store_C,Milk_1L,Dairy,50.0,50.0,0,113
2024-12-25,Store_C,Milk_1L,Dairy,50.0,50.0,0,130
2024-12-26,Store_C,Milk_1L,Dairy,50.0,50.0,1,169
2024-12-27,Store_C,Milk_1L,Dairy,50.0,50.0,1,192
2024-12-28,Store_C,Milk_1L,Dairy,50.0,50.0,0,188
2024-12-29,Store_C,Milk_1L,Dairy,50.0,50.0,0,153
2024-12-30,Store_C,Milk_1L,Dairy,50.0,50.0,0,122
2024-12-31,Store_C,Milk_1L,Dairy,57.12,50.0,0,99
2025-01-01,Store_C,Milk_1L,Dairy,50.0,50.0,0,108
2025-01-02,Store_C,Milk_1L,Dairy,50.0,50.0,0,112
2025-01-03,Store_C,Milk_1L,Dairy,50.0,50.0,0,127
2025-01-04,Store_C,Milk_1L,Dairy,50.0,50.0,0,169
2025-01-05,Store_C,Milk_1L,Dairy,50.0,50.0,0,134
2025-01-06,Store_C,Milk_1L,Dairy,50.0,50.0,0,102
2025-01-07,Store_C,Milk_1L,Dairy,50.0,50.0,0,111
2025-01-08,Store_C,Milk_1L,Dairy,50.0,50.0,0,97
2025-01-09,Store_C,Milk_1L,Dairy,50.0,50.0,0,103
2025-01-10,Store_C,Milk_1L,Dairy,50.0,50.0,0,131
2025-01-11,Store_C,Milk_1L,Dairy,50.0,50.0,0,144
2025-01-12,Store_C,Milk_1L,Dairy,50.0,50.0,0,128
2025-01-13,Store_C,Milk_1L,Dairy,50.0,50.0,0,118
2025-01-14,Store_C,Milk_1L,Dairy,50.0,50.0,0,97
2025-01-15,Store_C,Milk_1L,Dairy,50.0,50.0,0,108
2025-01-16,Store_C,Milk_1L,Dairy,50.0,50.0,1,134
2025-01-17,Store_C,Milk_1L,Dairy,50.0,50.0,0,125
2025-01-18,Store_C,Milk_1L,Dairy,50.0,50.0,0,181
2025-01-19,Store_C,Milk_1L,Dairy,50.0,50.0,0,129
2025-01-20,Store_C,Milk_1L,Dairy,50.0,50.0,0,109
2025-01-21,Store_C,Milk_1L,Dairy,50.0,50.0,0,79
2025-01-22,Store_C,Milk_1L,Dairy,51.95,50.0,0,107
2025-01-23,Store_C,Milk_1L,Dairy,50.0,50.0,0,105
2025-01-24,Store_C,Milk_1L,Dairy,50.0,50.0,0,140
2025-01-25,Store_C,Milk_1L,Dairy,50.0,50.0,0,164
2025-01-26,Store_C,Milk_1L,Dairy,50.0,50.0,0,145
2025-01-27,Store_C,Milk_1L,Dairy,50.0,50.0,0,108
2025-01-28,Store_C,Milk_1L,Dairy,50.0,50.0,0,111
2025-01-29,Store_C,Milk_1L,Dairy,50.0,50.0,0,99
2025-01-30,Store_C,Milk_1L,Dairy,50.0,50.0,0,105
2025-01-31,Store_C,Milk_1L,Dairy,50.0,50.0,0,149
2025-02-01,Store_C,Milk_1L,Dairy,50.0,50.0,0,135
2025-02-02,Store_C,Milk_1L,Dairy,51.0,50.0,0,137
2025-02-03,Store_C,Milk_1L,Dairy,50.0,50.0,1,148
2025-02-04,Store_C,Milk_1L,Dairy,45.77,50.0,0,113
2025-02-05,Store_C,Milk_1L,Dairy,50.0,50.0,0,104
2025-02-06,Store_C,Milk_1L,Dairy,50.0,50.0,0,115
2025-02-07,Store_C,Milk_1L,Dairy,50.0,50.0,0,131
2025-02-08,Store_C,Milk_1L,Dairy,50.0,50.0,0,168
2025-02-09,Store_C,Milk_1L,Dairy,50.0,50.0,0,148
2025-02-10,Store_C,Milk_1L,Dairy,50.0,50.0,0,88
2025-02-11,Store_C,Milk_1L,Dairy,50.0,50.0,0,106
2025-02-12,Store_C,Milk_1L,Dairy,50.0,50.0,0,105
2025-02-13,Store_C,Milk_1L,Dairy,50.0,50.0,0,94
2025-02-14,Store_C,Milk_1L,Dairy,50.0,50.0,0,133
2025-02-15,Store_C,Milk_1L,Dairy,54.59,50.0,0,149
2025-02-16,Store_C,Milk_1L,Dairy,50.0,50.0,0,130
2025-02-17,Store_C,Milk_1L,Dairy,50.0,50.0,0,105
2025-02-18,Store_C,Milk_1L,Dairy,50.0,50.0,1,132
2025-02-19,Store_C,Milk_1L,Dairy,50.0,50.0,0,95
2025-02-20,Store_C,Milk_1L,Dairy,53.33,50.0,0,104
2025-02-21,Store_C,Milk_1L,Dairy,50.0,50.0,0,141
2025-02-22,Store_C,Milk_1L,Dairy,50.0,50.0,0,148
2025-02-23,Store_C,Milk_1L,Dairy,50.0,50.0,0,135
2025-02-24,Store_C,Milk_1L,Dairy,50.0,50.0,0,95
2025-02-25,Store_C,Milk_1L,Dairy,50.0,50.0,0,89
2025-02-26,Store_C,Milk_1L,Dairy,50.0,50.0,0,119
2025-02-27,Store_C,Milk_1L,Dairy,50.0,50.0,1,128
2025-02-28,Store_C,Milk_1L,Dairy,50.0,50.0,0,154
2025-03-01,Store_C,Milk_1L,Dairy,50.0,50.0,0,164
2025-03-02,Store_C,Milk_1L,Dairy,50.0,50.0,0,145
2025-03-03,Store_C,Milk_1L,Dairy,47.1,50.0,0,127
2025-03-04,Store_C,Milk_1L,Dairy,50.0,50.0,0,102
2025-03-05,Store_C,Milk_1L,Dairy,50.0,50.0,0,97
2025-03-06,Store_C,Milk_1L,Dairy,50.0,50.0,0,108
2025-03-07,Store_C,Milk_1L,Dairy,50.0,50.0,0,129
2025-03-08,Store_C,Milk_1L,Dairy,50.0,50.0,0,156
2025-03-09,Store_C,Milk_1L,Dairy,50.0,50.0,0,148
2025-03-10,Store_C,Milk_1L,Dairy,48.0,50.0,0,104
2025-03-11,Store_C,Milk_1L,Dairy,50.0,50.0,0,108
2025-03-12,Store_C,Milk_1L,Dairy,50.0,50.0,0,102
2025-03-13,Store_C,Milk_1L,Dairy,50.0,50.0,0,115
2025-03-14,Store_C,Milk_1L,Dairy,41.6,50.0,0,192
2025-03-15,Store_C,Milk_1L,Dairy,50.0,50.0,0,154
2025-03-16,Store_C,Milk_1L,Dairy,50.0,50.0,0,123
2025-03-17,Store_C,Milk_1L,Dairy,50.0,50.0,0,106
2025-03-18,Store_C,Milk_1L,Dairy,50.0,50.0,0,101
2025-03-19,Store_C,Milk_1L,Dairy,52.44,50.0,0,96
2025-03-20,Store_C,Milk_1L,Dairy,50.0,50.0,0,110
2025-03-21,Store_C,Milk_1L,Dairy,50.0,50.0,0,127
2025-03-22,Store_C,Milk_1L,Dairy,50.0,50.0,0,162
2025-03-23,Store_C,Milk_1L,Dairy,51.99,50.0,0,127
2025-03-24,Store_C,Milk_1L,Dairy,50.0,50.0,1,136
2025-03-25,Store_C,Milk_1L,Dairy,50.0,50.0,0,92
2025-03-26,Store_C,Milk_1L,Dairy,41.65,50.0,0,145
2025-03-27,Store_C,Milk_1L,Dairy,50.0,50.0,0,104
2025-03-28,Store_C,Milk_1L,Dairy,50.0,50.0,0,126
2025-03-29,Store_C,Milk_1L,Dairy,50.0,50.0,0,145
2025-03-30,Store_C,Milk_1L,Dairy,46.65,50.0,1,190
2025-03-31,Store_C,Milk_1L,Dairy,50.0,50.0,0,107
2025-04-01,Store_C,Milk_1L,Dairy,50.0,50.0,0,96
2025-04-02,Store_C,Milk_1L,Dairy,47.02,50.0,0,109
2025-04-03,Store_C,Milk_1L,Dairy,50.0,50.0,0,94
2025-04-04,Store_C,Milk_1L,Dairy,50.0,50.0,0,139
2025-04-05,Store_C,Milk_1L,Dairy,53.47,50.0,0,131
2025-04-06,Store_C,Milk_1L,Dairy,50.0,50.0,0,125
2025-04-07,Store_C,Milk_1L,Dairy,50.0,50.0,0,100
2025-04-08,Store_C,Milk_1L,Dairy,50.0,50.0,1,131
2025-04-09,Store_C,Milk_1L,Dairy,50.0,50.0,0,107
2025-04-10,Store_C,Milk_1L,Dairy,50.0,50.0,0,121
2025-04-11,Store_C,Milk_1L,Dairy,50.0,50.0,0,111
2025-04-12,Store_C,Milk_1L,Dairy,50.0,50.0,0,155
2025-04-13,Store_C,Milk_1L,Dairy,50.0,50.0,0,130
2025-04-14,Store_C,Milk_1L,Dairy,50.0,50.0,1,114
2025-04-15,Store_C,Milk_1L,Dairy,50.0,50.0,0,90
2025-04-16,Store_C,Milk_1L,Dairy,50.0,50.0,0,87
2025-04-17,Store_C,Milk_1L,Dairy,50.0,50.0,0,110
2025-04-18,Store_C,Milk_1L,Dairy,50.0,50.0,0,132
2025-04-19,Store_C,Milk_1L,Dairy,50.0,50.0,0,150
2025-04-20,Store_C,Milk_1L,Dairy,50.0,50.0,0,124
2025-04-21,Store_C,Milk_1L,Dairy,56.92,50.0,1,118
2025-04-22,Store_C,Milk_1L,Dairy,50.0,50.0,0,85
2025-04-23,Store_C,Milk_1L,Dairy,50.0,50.0,0,101
2025-04-24,Store_C,Milk_1L,Dairy,50.0,50.0,0,107
2025-04-25,Store_C,Milk_1L,Dairy,40.19,50.0,0,221
2025-04-26,Store_C,Milk_1L,Dairy,50.0,50.0,0,166
2025-04-27,Store_C,Milk_1L,Dairy,50.0,50.0,0,135
2025-04-28,Store_C,Milk_1L,Dairy,50.0,50.0,1,132
2025-04-29,Store_C,Milk_1L,Dairy,50.0,50.0,0,92
2025-04-30,Store_C,Milk_1L,Dairy,47.65,50.0,0,114
2025-05-01,Store_C,Milk_1L,Dairy,50.0,50.0,0,99
2025-05-02,Store_C,Milk_1L,Dairy,50.0,50.0,0,127
2025-05-03,Store_C,Milk_1L,Dairy,50.0,50.0,0,145
2025-05-04,Store_C,Milk_1L,Dairy,50.0,50.0,0,126
2025-05-05,Store_C,Milk_1L,Dairy,50.0,50.0,0,101
2025-05-06,Store_C,Milk_1L,Dairy,50.0,50.0,0,93
2025-05-07,Store_C,Milk_1L,Dairy,50.0,50.0,0,98
2025-05-08,Store_C,Milk_1L,Dairy,54.16,50.0,1,109
2025-05-09,Store_C,Milk_1L,Dairy,50.0,50.0,0,121
2025-05-10,Store_C,Milk_1L,Dairy,50.0,50.0,0,145
2025-05-11,Store_C,Milk_1L,Dairy,50.0,50.0,0,138
2025-05-12,Store_C,Milk_1L,Dairy,50.0,50.0,0,105
2025-05-13,Store_C,Milk_1L,Dairy,50.0,50.0,0,81
2025-05-14,Store_C,Milk_1L,Dairy,50.0,50.0,0,95
2025-05-15,Store_C,Milk_1L,Dairy,50.0,50.0,0,95
2025-05-16,Store_C,Milk_1L,Dairy,44.84,50.0,0,131
2025-05-17,Store_C,Milk_1L,Dairy,50.0,50.0,0,141
2025-05-18,Store_C,Milk_1L,Dairy,50.0,50.0,0,119
2025-05-19,Store_C,Milk_1L,Dairy,50.0,50.0,0,94
2025-05-20,Store_C,Milk_1L,Dairy,51.16,50.0,0,95
2025-05-21,Store_C,Milk_1L,Dairy,50.0,50.0,0,100
2025-05-22,Store_C,Milk_1L,Dairy,53.99,50.0,0,99
2025-05-23,Store_C,Milk_1L,Dairy,50.0,50.0,0,99
2025-05-24,Store_C,Milk_1L,Dairy,50.0,50.0,1,198
2025-05-25,Store_C,Milk_1L,Dairy,50.0,50.0,0,138
2025-05-26,Store_C,Milk_1L,Dairy,53.36,50.0,0,97
2025-05-27,Store_C,Milk_1L,Dairy,50.0,50.0,0,85
2025-05-28,Store_C,Milk_1L,Dairy,50.48,50.0,0,85
2025-05-29,Store_C,Milk_1L,Dairy,50.0,50.0,0,95
2025-05-30,Store_C,Milk_1L,Dairy,50.0,50.0,0,116
2025-05-31,Store_C,Milk_1L,Dairy,50.0,50.0,0,150
2025-06-01,Store_C,Milk_1L,Dairy,50.0,50.0,0,142
2025-06-02,Store_C,Milk_1L,Dairy,50.0,50.0,0,101
2025-06-03,Store_C,Milk_1L,Dairy,49.77,50.0,0,91
2025-06-04,Store_C,Milk_1L,Dairy,50.0,50.0,0,99
2025-06-05,Store_C,Milk_1L,Dairy,50.0,50.0,0,94
2025-06-06,Store_C,Milk_1L,Dairy,50.0,50.0,0,116
2025-06-07,Store_C,Milk_1L,Dairy,50.0,50.0,0,137
2025-06-08,Store_C,Milk_1L,Dairy,50.0,50.0,0,119
2025-06-09,Store_C,Milk_1L,Dairy,56.22,50.0,0,79
2025-06-10,Store_C,Milk_1L,Dairy,50.0,50.0,0,84
2025-06-11,Store_C,Milk_1L,Dairy,41.71,50.0,0,129
2025-06-12,Store_C,Milk_1L,Dairy,50.0,50.0,0,93
2025-06-13,Store_C,Milk_1L,Dairy,50.0,50.0,0,117
2025-06-14,Store_C,Milk_1L,Dairy,50.0,50.0,1,177
2025-06-15,Store_C,Milk_1L,Dairy,43.25,50.0,0,167
2025-06-16,Store_C,Milk_1L,Dairy,50.0,50.0,0,93
2025-06-17,Store_C,Milk_1L,Dairy,50.0,50.0,0,74
2025-06-18,Store_C,Milk_1L,Dairy,55.15,50.0,0,73
2025-06-19,Store_C,Milk_1L,Dairy,50.0,50.0,0,103
2025-06-20,Store_C,Milk_1L,Dairy,49.02,50.0,0,109
2025-06-21,Store_C,Milk_1L,Dairy,50.0,50.0,0,146
2025-06-22,Store_C,Milk_1L,Dairy,50.0,50.0,0,104
2025-06-23,Store_C,Milk_1L,Dairy,50.0,50.0,0,76
2025-06-24,Store_C,Milk_1L,Dairy,50.0,50.0,0,80
2025-06-25,Store_C,Milk_1L,Dairy,50.0,50.0,0,95
2025-06-26,Store_C,Milk_1L,Dairy,50.0,50.0,0,96
2025-06-27,Store_C,Milk_1L,Dairy,50.0,50.0,0,120
2025-06-28,Store_C,Milk_1L,Dairy,50.0,50.0,0,139
2025-06-29,Store_C,Milk_1L,Dairy,43.95,50.0,0,153
2025-06-30,Store_C,Milk_1L,Dairy,50.0,50.0,0,79
2025-07-01,Store_C,Milk_1L,Dairy,50.0,50.0,0,84
2025-07-02,Store_C,Milk_1L,Dairy,50.0,50.0,0,87
2025-07-03,Store_C,Milk_1L,Dairy,50.0,50.0,0,94
2025-07-04,Store_C,Milk_1L,Dairy,50.0,50.0,0,111
2025-07-05,Store_C,Milk_1L,Dairy,50.0,50.0,0,135
2025-07-06,Store_C,Milk_1L,Dairy,50.0,50.0,0,114
2025-07-07,Store_C,Milk_1L,Dairy,46.66,50.0,0,108
2025-07-08,Store_C,Milk_1L,Dairy,50.0,50.0,1,126
2025-07-09,Store_C,Milk_1L,Dairy,50.0,50.0,0,99
2025-07-10,Store_C,Milk_1L,Dairy,50.0,50.0,0,105
2025-07-11,Store_C,Milk_1L,Dairy,50.0,50.0,0,119
2025-07-12,Store_C,Milk_1L,Dairy,50.0,50.0,0,148
2025-07-13,Store_C,Milk_1L,Dairy,44.86,50.0,0,145
2025-07-14,Store_C,Milk_1L,Dairy,50.0,50.0,0,79
2025-07-15,Store_C,Milk_1L,Dairy,50.0,50.0,0,72
2025-07-16,Store_C,Milk_1L,Dairy,50.0,50.0,0,105
2025-07-17,Store_C,Milk_1L,Dairy,50.0,50.0,0,95
2025-07-18,Store_C,Milk_1L,Dairy,50.0,50.0,0,112
2025-07-19,Store_C,Milk_1L,Dairy,50.0,50.0,0,138
2025-07-20,Store_C,Milk_1L,Dairy,50.0,50.0,0,118
2025-07-21,Store_C,Milk_1L,Dairy,46.24,50.0,0,113
2025-07-22,Store_C,Milk_1L,Dairy,45.31,50.0,0,106
2025-07-23,Store_C,Milk_1L,Dairy,50.0,50.0,0,85
2025-07-24,Store_C,Milk_1L,Dairy,50.0,50.0,0,85
2025-07-25,Store_C,Milk_1L,Dairy,50.0,50.0,0,124
2025-07-26,Store_C,Milk_1L,Dairy,50.0,50.0,0,139
2025-07-27,Store_C,Milk_1L,Dairy,50.0,50.0,0,109
2025-07-28,Store_C,Milk_1L,Dairy,50.0,50.0,0,82
2025-07-29,Store_C,Milk_1L,Dairy,50.0,50.0,0,86
2025-07-30,Store_C,Milk_1L,Dairy,45.96,50.0,0,121
2025-07-31,Store_C,Milk_1L,Dairy,50.0,50.0,0,90
2025-08-01,Store_C,Milk_1L,Dairy,50.0,50.0,0,123
2025-08-02,Store_C,Milk_1L,Dairy,50.0,50.0,0,129
2025-08-03,Store_C,Milk_1L,Dairy,50.0,50.0,0,128
2025-08-04,Store_C,Milk_1L,Dairy,50.0,50.0,1,116
2025-08-05,Store_C,Milk_1L,Dairy,56.94,50.0,0,62
2025-08-06,Store_C,Milk_1L,Dairy,50.0,50.0,0,86
2025-08-07,Store_C,Milk_1L,Dairy,50.0,50.0,0,95
2025-08-08,Store_C,Milk_1L,Dairy,50.0,50.0,0,120
2025-08-09,Store_C,Milk_1L,Dairy,50.0,50.0,0,139
2025-08-10,Store_C,Milk_1L,Dairy,47.82,50.0,0,143
2025-08-11,Store_C,Milk_1L,Dairy,50.0,50.0,0,88
2025-08-12,Store_C,Milk_1L,Dairy,50.0,50.0,1,116
2025-08-13,Store_C,Milk_1L,Dairy,50.0,50.0,0,92
2025-08-14,Store_C,Milk_1L,Dairy,46.34,50.0,0,117
2025-08-15,Store_C,Milk_1L,Dairy,50.0,50.0,1,167
2025-08-16,Store_C,Milk_1L,Dairy,50.0,50.0,0,162
2025-08-17,Store_C,Milk_1L,Dairy,50.0,50.0,0,124
2025-08-18,Store_C,Milk_1L,Dairy,50.0,50.0,0,90
2025-08-19,Store_C,Milk_1L,Dairy,41.16,50.0,0,136
2025-08-20,Store_C,Milk_1L,Dairy,54.42,50.0,0,84
2025-08-21,Store_C,Milk_1L,Dairy,50.0,50.0,0,102
2025-08-22,Store_C,Milk_1L,Dairy,46.22,50.0,0,125
2025-08-23,Store_C,Milk_1L,Dairy,50.0,50.0,0,147
2025-08-24,Store_C,Milk_1L,Dairy,42.78,50.0,0,163
2025-08-25,Store_C,Milk_1L,Dairy,50.0,50.0,0,81
2025-08-26,Store_C,Milk_1L,Dairy,50.0,50.0,0,92
2025-08-27,Store_C,Milk_1L,Dairy,50.0,50.0,0,107
2025-08-28,Store_C,Milk_1L,Dairy,50.0,50.0,0,94
2025-08-29,Store_C,Milk_1L,Dairy,55.71,50.0,0,84
2025-08-30,Store_C,Milk_1L,Dairy,50.0,50.0,0,145
2025-08-31,Store_C,Milk_1L,Dairy,50.0,50.0,0,126
2025-09-01,Store_C,Milk_1L,Dairy,50.0,50.0,0,92
2025-09-02,Store_C,Milk_1L,Dairy,50.0,50.0,0,93
2025-09-03,Store_C,Milk_1L,Dairy,50.0,50.0,1,132
2025-09-04,Store_C,Milk_1L,Dairy,50.0,50.0,0,104
2025-09-05,Store_C,Milk_1L,Dairy,50.0,50.0,1,151
2025-09-06,Store_C,Milk_1L,Dairy,47.73,50.0,0,149
2025-09-07,Store_C,Milk_1L,Dairy,50.0,50.0,0,108
2025-09-08,Store_C,Milk_1L,Dairy,53.72,50.0,0,82
2025-09-09,Store_C,Milk_1L,Dairy,50.0,50.0,0,96
2025-09-10,Store_C,Milk_1L,Dairy,50.0,50.0,0,99
2025-09-11,Store_C,Milk_1L,Dairy,49.53,50.0,0,96
2025-09-12,Store_C,Milk_1L,Dairy,50.0,50.0,0,119
2025-09-13,Store_C,Milk_1L,Dairy,50.0,50.0,0,141
2025-09-14,Store_C,Milk_1L,Dairy,50.0,50.0,0,140
2025-09-15,Store_C,Milk_1L,Dairy,50.0,50.0,1,135
2025-09-16,Store_C,Milk_1L,Dairy,50.0,50.0,0,86
2025-09-17,Store_C,Milk_1L,Dairy,50.0,50.0,0,109
2025-09-18,Store_C,Milk_1L,Dairy,50.0,50.0,1,135
2025-09-19,Store_C,Milk_1L,Dairy,51.89,50.0,0,112
2025-09-20,Store_C,Milk_1L,Dairy,50.0,50.0,0,155
2025-09-21,Store_C,Milk_1L,Dairy,50.0,50.0,0,151
2025-09-22,Store_C,Milk_1L,Dairy,50.0,50.0,0,99
2025-09-23,Store_C,Milk_1L,Dairy,50.0,50.0,0,103
2025-09-24,Store_C,Milk_1L,Dairy,50.0,50.0,0,89
2025-09-25,Store_C,Milk_1L,Dairy,50.0,50.0,0,99
2025-09-26,Store_C,Milk_1L,Dairy,50.0,50.0,0,126
2025-09-27,Store_C,Milk_1L,Dairy,50.0,50.0,0,135
2025-09-28,Store_C,Milk_1L,Dairy,50.0,50.0,0,140
2025-09-29,Store_C,Milk_1L,Dairy,50.0,50.0,1,111
2025-09-30,Store_C,Milk_1L,Dairy,50.0,50.0,1,129
2025-10-01,Store_C,Milk_1L,Dairy,50.0,50.0,0,168
2025-10-02,Store_C,Milk_1L,Dairy,50.0,50.0,0,152
2025-10-03,Store_C,Milk_1L,Dairy,50.0,50.0,0,197
2025-10-04,Store_C,Milk_1L,Dairy,52.81,50.0,0,200
2025-10-05,Store_C,Milk_1L,Dairy,50.0,50.0,0,197
2025-10-06,Store_C,Milk_1L,Dairy,50.0,50.0,0,143
2025-10-07,Store_C,Milk_1L,Dairy,50.0,50.0,0,136
2025-10-08,Store_C,Milk_1L,Dairy,50.0,50.0,0,127
2025-10-09,Store_C,Milk_1L,Dairy,50.0,50.0,0,164
2025-10-10,Store_C,Milk_1L,Dairy,50.0,50.0,0,171
2025-10-11,Store_C,Milk_1L,Dairy,52.12,50.0,0,218
2025-10-12,Store_C,Milk_1L,Dairy,50.0,50.0,0,184
2025-10-13,Store_C,Milk_1L,Dairy,55.48,50.0,0,120
2025-10-14,Store_C,Milk_1L,Dairy,50.0,50.0,0,139
2025-10-15,Store_C,Milk_1L,Dairy,50.0,50.0,0,150
2025-10-16,Store_C,Milk_1L,Dairy,50.0,50.0,0,166
2025-10-17,Store_C,Milk_1L,Dairy,50.0,50.0,0,220
2025-10-18,Store_C,Milk_1L,Dairy,53.67,50.0,0,228
2025-10-19,Store_C,Milk_1L,Dairy,50.0,50.0,0,205
2025-10-20,Store_C,Milk_1L,Dairy,50.0,50.0,0,170
2025-10-21,Store_C,Milk_1L,Dairy,50.0,50.0,0,155
2025-10-22,Store_C,Milk_1L,Dairy,50.0,50.0,0,173
2025-10-23,Store_C,Milk_1L,Dairy,50.0,50.0,0,150
2025-10-24,Store_C,Milk_1L,Dairy,50.0,50.0,0,193
2025-10-25,Store_C,Milk_1L,Dairy,50.0,50.0,0,244
2025-10-26,Store_C,Milk_1L,Dairy,50.0,50.0,0,218
2025-10-27,Store_C,Milk_1L,Dairy,50.0,50.0,0,167
2025-10-28,Store_C,Milk_1L,Dairy,50.0,50.0,0,161
2025-10-29,Store_C,Milk_1L,Dairy,40.35,50.0,0,201
2025-10-30,Store_C,Milk_1L,Dairy,42.09,50.0,0,263
2025-10-31,Store_C,Milk_1L,Dairy,50.0,50.0,0,217
2025-11-01,Store_C,Milk_1L,Dairy,50.0,50.0,0,237
2025-11-02,Store_C,Milk_1L,Dairy,50.0,50.0,0,244
2025-11-03,Store_C,Milk_1L,Dairy,50.0,50.0,0,167
2025-11-04,Store_C,Milk_1L,Dairy,50.0,50.0,0,146
2025-11-05,Store_C,Milk_1L,Dairy,50.0,50.0,1,236
2025-11-06,Store_C,Milk_1L,Dairy,50.0,50.0,1,230
2025-11-07,Store_C,Milk_1L,Dairy,50.0,50.0,0,195
2025-11-08,Store_C,Milk_1L,Dairy,50.0,50.0,0,229
2025-11-09,Store_C,Milk_1L,Dairy,50.0,50.0,0,216
2025-11-10,Store_C,Milk_1L,Dairy,45.47,50.0,0,180
2025-11-11,Store_C,Milk_1L,Dairy,50.0,50.0,1,208
2025-11-12,Store_C,Milk_1L,Dairy,50.0,50.0,0,155
2025-11-13,Store_C,Milk_1L,Dairy,50.0,50.0,0,155
2025-11-14,Store_C,Milk_1L,Dairy,44.07,50.0,0,284
2025-11-15,Store_C,Milk_1L,Dairy,50.0,50.0,0,270
2025-11-16,Store_C,Milk_1L,Dairy,50.0,50.0,0,255
2025-11-17,Store_C,Milk_1L,Dairy,50.0,50.0,0,167
2025-11-18,Store_C,Milk_1L,Dairy,50.0,50.0,0,138
2025-11-19,Store_C,Milk_1L,Dairy,50.0,50.0,0,195
2025-11-20,Store_C,Milk_1L,Dairy,43.64,50.0,0,268
2025-11-21,Store_C,Milk_1L,Dairy,50.0,50.0,0,210
2025-11-22,Store_C,Milk_1L,Dairy,50.9,50.0,0,255
2025-11-23,Store_C,Milk_1L,Dairy,50.0,50.0,0,223
2025-11-24,Store_C,Milk_1L,Dairy,40.27,50.0,0,254
2025-11-25,Store_C,Milk_1L,Dairy,50.0,50.0,0,173
2025-11-26,Store_C,Milk_1L,Dairy,50.0,50.0,0,154
2025-11-27,Store_C,Milk_1L,Dairy,50.0,50.0,0,173
2025-11-28,Store_C,Milk_1L,Dairy,50.0,50.0,0,220
2025-11-29,Store_C,Milk_1L,Dairy,50.0,50.0,0,285
2025-11-30,Store_C,Milk_1L,Dairy,50.0,50.0,0,255
2025-12-01,Store_C,Milk_1L,Dairy,50.0,50.0,0,149
2025-12-02,Store_C,Milk_1L,Dairy,50.0,50.0,1,172
2025-12-03,Store_C,Milk_1L,Dairy,50.0,50.0,0,161
2025-12-04,Store_C,Milk_1L,Dairy,50.0,50.0,0,143
2025-12-05,Store_C,Milk_1L,Dairy,55.99,50.0,0,176
2025-12-06,Store_C,Milk_1L,Dairy,57.45,50.0,0,157
2025-12-07,Store_C,Milk_1L,Dairy,49.84,50.0,0,220
2025-12-08,Store_C,Milk_1L,Dairy,48.58,50.0,0,171
2025-12-09,Store_C,Milk_1L,Dairy,50.0,50.0,0,131
2025-12-10,Store_C,Milk_1L,Dairy,56.29,50.0,0,126
2025-12-11,Store_C,Milk_1L,Dairy,50.0,50.0,0,164
2025-12-12,Store_C,Milk_1L,Dairy,50.0,50.0,0,222
2025-12-13,Store_C,Milk_1L,Dairy,50.0,50.0,0,222
2025-12-14,Store_C,Milk_1L,Dairy,50.0,50.0,0,211
2025-12-15,Store_C,Milk_1L,Dairy,50.0,50.0,0,163
2025-12-16,Store_C,Milk_1L,Dairy,50.0,50.0,0,152
2025-12-17,Store_C,Milk_1L,Dairy,50.0,50.0,0,154
2025-12-18,Store_C,Milk_1L,Dairy,54.98,50.0,0,136
2025-12-19,Store_C,Milk_1L,Dairy,50.0,50.0,0,202
2025-12-20,Store_C,Milk_1L,Dairy,50.0,50.0,0,238
2025-12-21,Store_C,Milk_1L,Dairy,50.0,50.0,0,232
2025-12-22,Store_C,Milk_1L,Dairy,50.0,50.0,0,168
2025-12-23,Store_C,Milk_1L,Dairy,50.0,50.0,0,115
2025-12-24,Store_C,Milk_1L,Dairy,50.0,50.0,0,144
2025-12-25,Store_C,Milk_1L,Dairy,50.0,50.0,0,187
2025-12-26,Store_C,Milk_1L,Dairy,50.0,50.0,0,233
2025-12-27,Store_C,Milk_1L,Dairy,50.0,50.0,0,217
2025-12-28,Store_C,Milk_1L,Dairy,50.0,50.0,0,206
2025-12-29,Store_C,Milk_1L,Dairy,50.0,50.0,0,158
2025-12-30,Store_C,Milk_1L,Dairy,56.02,50.0,0,124
2024-01-01,Store_C,Rice_5kg,Staples,60.0,60.0,0,54
2024-01-02,Store_C,Rice_5kg,Staples,60.0,60.0,0,47
2024-01-03,Store_C,Rice_5kg,Staples,60.0,60.0,0,47
2024-01-04,Store_C,Rice_5kg,Staples,60.0,60.0,0,51
2024-01-05,Store_C,Rice_5kg,Staples,60.0,60.0,0,73
2024-01-06,Store_C,Rice_5kg,Staples,60.67,60.0,0,85
2024-01-07,Store_C,Rice_5kg,Staples,60.0,60.0,0,68
2024-01-08,Store_C,Rice_5kg,Staples,60.0,60.0,0,47
2024-01-09,Store_C,Rice_5kg,Staples,60.0,60.0,0,56
2024-01-10,Store_C,Rice_5kg,Staples,60.0,60.0,0,54
2024-01-11,Store_C,Rice_5kg,Staples,60.0,60.0,0,53
2024-01-12,Store_C,Rice_5kg,Staples,60.0,60.0,0,75
2024-01-13,Store_C,Rice_5kg,Staples,60.0,60.0,0,81
2024-01-14,Store_C,Rice_5kg,Staples,60.0,60.0,0,67
2024-01-15,Store_C,Rice_5kg,Staples,60.0,60.0,0,59
2024-01-16,Store_C,Rice_5kg,Staples,60.0,60.0,0,52
2024-01-17,Store_C,Rice_5kg,Staples,48.88,60.0,0,60
2024-01-18,Store_C,Rice_5kg,Staples,54.87,60.0,0,56
2024-01-19,Store_C,Rice_5kg,Staples,60.0,60.0,0,54
2024-01-20,Store_C,Rice_5kg,Staples,49.49,60.0,0,100
2024-01-21,Store_C,Rice_5kg,Staples,60.0,60.0,1,97
2024-01-22,Store_C,Rice_5kg,Staples,60.0,60.0,0,55
2024-01-23,Store_C,Rice_5kg,Staples,60.0,60.0,0,48
2024-01-24,Store_C,Rice_5kg,Staples,60.0,60.0,1,84
2024-01-25,Store_C,Rice_5kg,Staples,64.54,60.0,0,53
2024-01-26,Store_C,Rice_5kg,Staples,60.0,60.0,0,58
2024-01-27,Store_C,Rice_5kg,Staples,60.0,60.0,1,112
2024-01-28,Store_C,Rice_5kg,Staples,60.0,60.0,0,68
2024-01-29,Store_C,Rice_5kg,Staples,60.0,60.0,0,49
2024-01-30,Store_C,Rice_5kg,Staples,60.32,60.0,0,50
2024-01-31,Store_C,Rice_5kg,Staples,60.0,60.0,0,55
2024-02-01,Store_C,Rice_5kg,Staples,60.0,60.0,0,54
2024-02-02,Store_C,Rice_5kg,Staples,60.0,60.0,0,65
2024-02-03,Store_C,Rice_5kg,Staples,60.0,60.0,0,76
2024-02-04,Store_C,Rice_5kg,Staples,60.0,60.0,0,66
2024-02-05,Store_C,Rice_5kg,Staples,60.0,60.0,0,47
2024-02-06,Store_C,Rice_5kg,Staples,60.0,60.0,0,44
2024-02-07,Store_C,Rice_5kg,Staples,66.5,60.0,0,44
2024-02-08,Store_C,Rice_5kg,Staples,60.0,60.0,0,51
2024-02-09,Store_C,Rice_5kg,Staples,60.0,60.0,0,63
2024-02-10,Store_C,Rice_5kg,Staples,49.52,60.0,0,104
2024-02-11,Store_C,Rice_5kg,Staples,60.0,60.0,0,55
2024-02-12,Store_C,Rice_5kg,Staples,60.0,60.0,0,45
2024-02-13,Store_C,Rice_5kg,Staples,60.0,60.0,0,49
2024-02-14,Store_C,Rice_5kg,Staples,62.02,60.0,0,53
2024-02-15,Store_C,Rice_5kg,Staples,60.0,60.0,0,52
2024-02-16,Store_C,Rice_5kg,Staples,60.0,60.0,0,58
2024-02-17,Store_C,Rice_5kg,Staples,60.0,60.0,0,87
2024-02-18,Store_C,Rice_5kg,Staples,60.0,60.0,0,68
2024-02-19,Store_C,Rice_5kg,Staples,60.0,60.0,0,61
2024-02-20,Store_C,Rice_5kg,Staples,60.0,60.0,0,47
2024-02-21,Store_C,Rice_5kg,Staples,60.0,60.0,0,52
2024-02-22,Store_C,Rice_5kg,Staples,60.0,60.0,0,51
2024-02-23,Store_C,Rice_5kg,Staples,60.0,60.0,1,92
2024-02-24,Store_C,Rice_5kg,Staples,60.0,60.0,0,76
2024-02-25,Store_C,Rice_5kg,Staples,60.0,60.0,0,68
2024-02-26,Store_C,Rice_5kg,Staples,60.0,60.0,0,53
2024-02-27,Store_C,Rice_5kg,Staples,60.0,60.0,0,47
2024-02-28,Store_C,Rice_5kg,Staples,60.0,60.0,0,53
2024-02-29,Store_C,Rice_5kg,Staples,60.0,60.0,0,52
2024-03-01,Store_C,Rice_5kg,Staples,58.72,60.0,0,70
2024-03-02,Store_C,Rice_5kg,Staples,60.0,60.0,1,97
2024-03-03,Store_C,Rice_5kg,Staples,60.0,60.0,0,69
2024-03-04,Store_C,Rice_5kg,Staples,53.88,60.0,0,53
2024-03-05,Store_C,Rice_5kg,Staples,60.0,60.0,0,45
2024-03-06,Store_C,Rice_5kg,Staples,60.0,60.0,1,73
2024-03-07,Store_C,Rice_5kg,Staples,60.0,60.0,0,53
2024-03-08,Store_C,Rice_5kg,Staples,60.0,60.0,0,64
2024-03-09,Store_C,Rice_5kg,Staples,60.0,60.0,0,79
2024-03-10,Store_C,Rice_5kg,Staples,60.0,60.0,0,71
2024-03-11,Store_C,Rice_5kg,Staples,57.0,60.0,0,52
2024-03-12,Store_C,Rice_5kg,Staples,60.0,60.0,0,49
2024-03-13,Store_C,Rice_5kg,Staples,60.0,60.0,0,59
2024-03-14,Store_C,Rice_5kg,Staples,60.0,60.0,0,53
2024-03-15,Store_C,Rice_5kg,Staples,60.0,60.0,0,73
2024-03-16,Store_C,Rice_5kg,Staples,60.0,60.0,0,77
2024-03-17,Store_C,Rice_5kg,Staples,51.78,60.0,0,85
2024-03-18,Store_C,Rice_5kg,Staples,60.0,60.0,0,53
2024-03-19,Store_C,Rice_5kg,Staples,60.0,60.0,0,46
2024-03-20,Store_C,Rice_5kg,Staples,62.75,60.0,0,50
2024-03-21,Store_C,Rice_5kg,Staples,60.0,60.0,0,53
2024-03-22,Store_C,Rice_5kg,Staples,66.74,60.0,1,80
2024-03-23,Store_C,Rice_5kg,Staples,60.0,60.0,0,76
2024-03-24,Store_C,Rice_5kg,Staples,60.0,60.0,0,61
2024-03-25,Store_C,Rice_5kg,Staples,60.0,60.0,0,54
2024-03-26,Store_C,Rice_5kg,Staples,60.0,60.0,0,49
2024-03-27,Store_C,Rice_5kg,Staples,60.0,60.0,0,47
2024-03-28,Store_C,Rice_5kg,Staples,60.0,60.0,0,51
2024-03-29,Store_C,Rice_5kg,Staples,60.0,60.0,0,72
2024-03-30,Store_C,Rice_5kg,Staples,55.52,60.0,0,74
2024-03-31,Store_C,Rice_5kg,Staples,60.0,60.0,0,64
2024-04-01,Store_C,Rice_5kg,Staples,50.06,60.0,0,61
2024-04-02,Store_C,Rice_5kg,Staples,60.0,60.0,0,48
2024-04-03,Store_C,Rice_5kg,Staples,60.0,60.0,1,59
2024-04-04,Store_C,Rice_5kg,Staples,60.0,60.0,0,54
2024-04-05,Store_C,Rice_5kg,Staples,60.0,60.0,0,67
2024-04-06,Store_C,Rice_5kg,Staples,60.0,60.0,0,72
2024-04-07,Store_C,Rice_5kg,Staples,60.0,60.0,1,89
2024-04-08,Store_C,Rice_5kg,Staples,60.0,60.0,0,58
2024-04-09,Store_C,Rice_5kg,Staples,60.0,60.0,0,50
2024-04-10,Store_C,Rice_5kg,Staples,60.0,60.0,0,46
2024-04-11,Store_C,Rice_5kg,Staples,60.0,60.0,0,50
2024-04-12,Store_C,Rice_5kg,Staples,53.74,60.0,0,71
2024-04-13,Store_C,Rice_5kg,Staples,60.0,60.0,1,85
2024-04-14,Store_C,Rice_5kg,Staples,60.0,60.0,0,69
2024-04-15,Store_C,Rice_5kg,Staples,54.22,60.0,1,78
2024-04-16,Store_C,Rice_5kg,Staples,60.0,60.0,0,46
2024-04-17,Store_C,Rice_5kg,Staples,60.0,60.0,0,53
2024-04-18,Store_C,Rice_5kg,Staples,60.0,60.0,0,48
2024-04-19,Store_C,Rice_5kg,Staples,60.0,60.0,0,68
2024-04-20,Store_C,Rice_5kg,Staples,60.0,60.0,0,63
2024-04-21,Store_C,Rice_5kg,Staples,55.42,60.0,0,64
2024-04-22,Store_C,Rice_5kg,Staples,60.0,60.0,0,53
2024-04-23,Store_C,Rice_5kg,Staples,51.13,60.0,0,58
2024-04-24,Store_C,Rice_5kg,Staples,60.0,60.0,0,50
2024-04-25,Store_C,Rice_5kg,Staples,60.0,60.0,0,52
2024-04-26,Store_C,Rice_5kg,Staples,60.0,60.0,0,58
2024-04-27,Store_C,Rice_5kg,Staples,60.0,60.0,0,72
2024-04-28,Store_C,Rice_5kg,Staples,60.0,60.0,0,70
2024-04-29,Store_C,Rice_5kg,Staples,60.0,60.0,0,45
2024-04-30,Store_C,Rice_5kg,Staples,60.0,60.0,0,43
2024-05-01,Store_C,Rice_5kg,Staples,60.0,60.0,0,45
2024-05-02,Store_C,Rice_5kg,Staples,60.0,60.0,0,51
2024-05-03,Store_C,Rice_5kg,Staples,60.0,60.0,0,63
2024-05-04,Store_C,Rice_5kg,Staples,59.54,60.0,0,78
2024-05-05,Store_C,Rice_5kg,Staples,60.0,60.0,0,58
2024-05-06,Store_C,Rice_5kg,Staples,60.0,60.0,0,47
2024-05-07,Store_C,Rice_5kg,Staples,60.0,60.0,0,41
2024-05-08,Store_C,Rice_5kg,Staples,60.0,60.0,0,43
2024-05-09,Store_C,Rice_5kg,Staples,60.0,60.0,0,45
2024-05-10,Store_C,Rice_5kg,Staples,60.0,60.0,0,55
2024-05-11,Store_C,Rice_5kg,Staples,60.0,60.0,0,74
2024-05-12,Store_C,Rice_5kg,Staples,60.0,60.0,0,59
2024-05-13,Store_C,Rice_5kg,Staples,54.34,60.0,0,56
2024-05-14,Store_C,Rice_5kg,Staples,60.0,60.0,0,45
2024-05-15,Store_C,Rice_5kg,Staples,60.0,60.0,0,53
2024-05-16,Store_C,Rice_5kg,Staples,60.0,60.0,0,55
2024-05-17,Store_C,Rice_5kg,Staples,60.0,60.0,0,64
2024-05-18,Store_C,Rice_5kg,Staples,60.0,60.0,0,59
2024-05-19,Store_C,Rice_5kg,Staples,60.0,60.0,0,56
2024-05-20,Store_C,Rice_5kg,Staples,60.0,60.0,0,50
2024-05-21,Store_C,Rice_5kg,Staples,60.0,60.0,0,43
2024-05-22,Store_C,Rice_5kg,Staples,60.0,60.0,0,52
2024-05-23,Store_C,Rice_5kg,Staples,60.0,60.0,0,49
2024-05-24,Store_C,Rice_5kg,Staples,62.35,60.0,0,60
2024-05-25,Store_C,Rice_5kg,Staples,56.41,60.0,0,74
2024-05-26,Store_C,Rice_5kg,Staples,60.0,60.0,0,66
2024-05-27,Store_C,Rice_5kg,Staples,59.42,60.0,0,49
2024-05-28,Store_C,Rice_5kg,Staples,58.19,60.0,0,52
2024-05-29,Store_C,Rice_5kg,Staples,60.0,60.0,0,41
2024-05-30,Store_C,Rice_5kg,Staples,60.0,60.0,0,45
2024-05-31,Store_C,Rice_5kg,Staples,60.0,60.0,0,61
2024-06-01,Store_C,Rice_5kg,Staples,60.0,60.0,0,70
2024-06-02,Store_C,Rice_5kg,Staples,60.81,60.0,0,60
2024-06-03,Store_C,Rice_5kg,Staples,66.93,60.0,0,39
2024-06-04,Store_C,Rice_5kg,Staples,60.0,60.0,0,44
2024-06-05,Store_C,Rice_5kg,Staples,60.0,60.0,1,58
2024-06-06,Store_C,Rice_5kg,Staples,60.0,60.0,0,48
2024-06-07,Store_C,Rice_5kg,Staples,60.0,60.0,0,64
2024-06-08,Store_C,Rice_5kg,Staples,60.0,60.0,0,61
2024-06-09,Store_C,Rice_5kg,Staples,52.58,60.0,0,69
2024-06-10,Store_C,Rice_5kg,Staples,60.0,60.0,0,49
2024-06-11,Store_C,Rice_5kg,Staples,60.0,60.0,1,47
2024-06-12,Store_C,Rice_5kg,Staples,60.0,60.0,0,46
2024-06-13,Store_C,Rice_5kg,Staples,55.66,60.0,0,56
2024-06-14,Store_C,Rice_5kg,Staples,57.11,60.0,0,63
2024-06-15,Store_C,Rice_5kg,Staples,67.03,60.0,0,63
2024-06-16,Store_C,Rice_5kg,Staples,52.1,60.0,0,74
2024-06-17,Store_C,Rice_5kg,Staples,60.0,60.0,0,45
2024-06-18,Store_C,Rice_5kg,Staples,60.0,60.0,0,46
2024-06-19,Store_C,Rice_5kg,Staples,60.0,60.0,0,41
2024-06-20,Store_C,Rice_5kg,Staples,60.0,60.0,0,48
2024-06-21,Store_C,Rice_5kg,Staples,60.0,60.0,0,49
2024-06-22,Store_C,Rice_5kg,Staples,60.0,60.0,0,67
2024-06-23,Store_C,Rice_5kg,Staples,60.0,60.0,0,60
2024-06-24,Store_C,Rice_5kg,Staples,54.64,60.0,0,47
2024-06-25,Store_C,Rice_5kg,Staples,60.0,60.0,0,44
2024-06-26,Store_C,Rice_5kg,Staples,60.0,60.0,0,48
2024-06-27,Store_C,Rice_5kg,Staples,60.0,60.0,0,45
2024-06-28,Store_C,Rice_5kg,Staples,60.0,60.0,0,56
2024-06-29,Store_C,Rice_5kg,Staples,60.0,60.0,0,65
2024-06-30,Store_C,Rice_5kg,Staples,60.0,60.0,0,56
2024-07-01,Store_C,Rice_5kg,Staples,60.0,60.0,0,45
2024-07-02,Store_C,Rice_5kg,Staples,60.0,60.0,1,60
2024-07-03,Store_C,Rice_5kg,Staples,51.3,60.0,0,54
2024-07-04,Store_C,Rice_5kg,Staples,58.17,60.0,0,46
2024-07-05,Store_C,Rice_5kg,Staples,60.0,60.0,0,59
2024-07-06,Store_C,Rice_5kg,Staples,60.0,60.0,0,71
2024-07-07,Store_C,Rice_5kg,Staples,60.0,60.0,0,57
2024-07-08,Store_C,Rice_5kg,Staples,50.29,60.0,0,53
2024-07-09,Store_C,Rice_5kg,Staples,51.14,60.0,0,49
2024-07-10,Store_C,Rice_5kg,Staples,62.82,60.0,0,43
2024-07-11,Store_C,Rice_5kg,Staples,60.0,60.0,0,45
2024-07-12,Store_C,Rice_5kg,Staples,65.16,60.0,1,83
2024-07-13,Store_C,Rice_5kg,Staples,55.21,60.0,0,73
2024-07-14,Store_C,Rice_5kg,Staples,59.47,60.0,0,62
2024-07-15,Store_C,Rice_5kg,Staples,60.0,60.0,0,46
2024-07-16,Store_C,Rice_5kg,Staples,60.0,60.0,0,42
2024-07-17,Store_C,Rice_5kg,Staples,60.0,60.0,0,40
2024-07-18,Store_C,Rice_5kg,Staples,60.0,60.0,0,50
2024-07-19,Store_C,Rice_5kg,Staples,68.63,60.0,0,54
2024-07-20,Store_C,Rice_5kg,Staples,60.0,60.0,0,64
2024-07-21,Store_C,Rice_5kg,Staples,60.0,60.0,0,58
2024-07-22,Store_C,Rice_5kg,Staples,60.0,60.0,0,45
2024-07-23,Store_C,Rice_5kg,Staples,60.0,60.0,0,44
2024-07-24,Store_C,Rice_5kg,Staples,60.0,60.0,0,50
2024-07-25,Store_C,Rice_5kg,Staples,60.0,60.0,0,44
2024-07-26,Store_C,Rice_5kg,Staples,60.0,60.0,0,67
2024-07-27,Store_C,Rice_5kg,Staples,60.0,60.0,1,86
2024-07-28,Store_C,Rice_5kg,Staples,60.0,60.0,0,66
2024-07-29,Store_C,Rice_5kg,Staples,60.0,60.0,0,42
2024-07-30,Store_C,Rice_5kg,Staples,60.0,60.0,0,39
2024-07-31,Store_C,Rice_5kg,Staples,60.0,60.0,0,48
2024-08-01,Store_C,Rice_5kg,Staples,48.28,60.0,0,67
2024-08-02,Store_C,Rice_5kg,Staples,60.0,60.0,0,57
2024-08-03,Store_C,Rice_5kg,Staples,60.0,60.0,0,72
2024-08-04,Store_C,Rice_5kg,Staples,60.0,60.0,0,61
2024-08-05,Store_C,Rice_5kg,Staples,60.0,60.0,0,49
2024-08-06,Store_C,Rice_5kg,Staples,60.0,60.0,0,44
2024-08-07,Store_C,Rice_5kg,Staples,60.0,60.0,0,44
2024-08-08,Store_C,Rice_5kg,Staples,60.0,60.0,1,67
2024-08-09,Store_C,Rice_5kg,Staples,60.0,60.0,0,54
2024-08-10,Store_C,Rice_5kg,Staples,60.0,60.0,0,71
2024-08-11,Store_C,Rice_5kg,Staples,60.0,60.0,0,56
2024-08-12,Store_C,Rice_5kg,Staples,60.0,60.0,0,45
2024-08-13,Store_C,Rice_5kg,Staples,60.0,60.0,1,57
2024-08-14,Store_C,Rice_5kg,Staples,59.27,60.0,0,52
2024-08-15,Store_C,Rice_5kg,Staples,60.0,60.0,0,53
2024-08-16,Store_C,Rice_5kg,Staples,60.0,60.0,0,54
2024-08-17,Store_C,Rice_5kg,Staples,60.0,60.0,0,77
2024-08-18,Store_C,Rice_5kg,Staples,60.0,60.0,0,62
2024-08-19,Store_C,Rice_5kg,Staples,60.0,60.0,0,49
2024-08-20,Store_C,Rice_5kg,Staples,60.0,60.0,0,45
2024-08-21,Store_C,Rice_5kg,Staples,60.0,60.0,0,44
2024-08-22,Store_C,Rice_5kg,Staples,60.0,60.0,0,47
2024-08-23,Store_C,Rice_5kg,Staples,60.0,60.0,0,61
2024-08-24,Store_C,Rice_5kg,Staples,57.18,60.0,0,82
2024-08-25,Store_C,Rice_5kg,Staples,55.85,60.0,0,64
2024-08-26,Store_C,Rice_5kg,Staples,60.0,60.0,0,51
2024-08-27,Store_C,Rice_5kg,Staples,60.0,60.0,0,50
2024-08-28,Store_C,Rice_5kg,Staples,60.0,60.0,0,40
2024-08-29,Store_C,Rice_5kg,Staples,60.0,60.0,0,52
2024-08-30,Store_C,Rice_5kg,Staples,60.0,60.0,0,68
2024-08-31,Store_C,Rice_5kg,Staples,60.0,60.0,0,68
2024-09-01,Store_C,Rice_5kg,Staples,60.0,60.0,0,67
2024-09-02,Store_C,Rice_5kg,Staples,60.0,60.0,0,54
2024-09-03,Store_C,Rice_5kg,Staples,60.0,60.0,0,48
2024-09-04,Store_C,Rice_5kg,Staples,60.0,60.0,1,64
2024-09-05,Store_C,Rice_5kg,Staples,60.0,60.0,0,43
2024-09-06,Store_C,Rice_5kg,Staples,60.0,60.0,0,60
2024-09-07,Store_C,Rice_5kg,Staples,61.89,60.0,0,73
2024-09-08,Store_C,Rice_5kg,Staples,60.0,60.0,0,68
2024-09-09,Store_C,Rice_5kg,Staples,55.6,60.0,0,53
2024-09-10,Store_C,Rice_5kg,Staples,60.0,60.0,0,44
2024-09-11,Store_C,Rice_5kg,Staples,62.23,60.0,0,46
2024-09-12,Store_C,Rice_5kg,Staples,60.0,60.0,0,49
2024-09-13,Store_C,Rice_5kg,Staples,60.0,60.0,0,67
2024-09-14,Store_C,Rice_5kg,Staples,60.0,60.0,0,73
2024-09-15,Store_C,Rice_5kg,Staples,65.56,60.0,0,60
2024-09-16,Store_C,Rice_5kg,Staples,60.0,60.0,0,49
2024-09-17,Store_C,Rice_5kg,Staples,60.0,60.0,0,49
2024-09-18,Store_C,Rice_5kg,Staples,60.0,60.0,0,55
2024-09-19,Store_C,Rice_5kg,Staples,60.0,60.0,0,60
2024-09-20,Store_C,Rice_5kg,Staples,60.0,60.0,0,75
2024-09-21,Store_C,Rice_5kg,Staples,60.0,60.0,0,78
2024-09-22,Store_C,Rice_5kg,Staples,60.0,60.0,0,64
2024-09-23,Store_C,Rice_5kg,Staples,60.0,60.0,0,52
2024-09-24,Store_C,Rice_5kg,Staples,60.0,60.0,0,52
2024-09-25,Store_C,Rice_5kg,Staples,60.0,60.0,0,55
2024-09-26,Store_C,Rice_5kg,Staples,60.0,60.0,0,59
2024-09-27,Store_C,Rice_5kg,Staples,55.63,60.0,0,78
2024-09-28,Store_C,Rice_5kg,Staples,61.4,60.0,0,87
2024-09-29,Store_C,Rice_5kg,Staples,60.0,60.0,1,99
2024-09-30,Store_C,Rice_5kg,Staples,60.0,60.0,0,45
2024-10-01,Store_C,Rice_5kg,Staples,60.0,60.0,0,72
2024-10-02,Store_C,Rice_5kg,Staples,60.0,60.0,0,76
2024-10-03,Store_C,Rice_5kg,Staples,62.66,60.0,0,81
2024-10-04,Store_C,Rice_5kg,Staples,60.0,60.0,0,89
2024-10-05,Store_C,Rice_5kg,Staples,60.0,60.0,0,113
2024-10-06,Store_C,Rice_5kg,Staples,60.0,60.0,0,103
2024-10-07,Store_C,Rice_5kg,Staples,60.0,60.0,1,96
2024-10-08,Store_C,Rice_5kg,Staples,60.0,60.0,0,79
2024-10-09,Store_C,Rice_5kg,Staples,60.0,60.0,1,103
2024-10-10,Store_C,Rice_5kg,Staples,60.0,60.0,0,71
2024-10-11,Store_C,Rice_5kg,Staples,60.0,60.0,1,142
2024-10-12,Store_C,Rice_5kg,Staples,60.0,60.0,0,93
2024-10-13,Store_C,Rice_5kg,Staples,60.0,60.0,0,101
2024-10-14,Store_C,Rice_5kg,Staples,60.0,60.0,1,100
2024-10-15,Store_C,Rice_5kg,Staples,60.0,60.0,0,76
2024-10-16,Store_C,Rice_5kg,Staples,60.0,60.0,0,74
2024-10-17,Store_C,Rice_5kg,Staples,60.0,60.0,0,91
2024-10-18,Store_C,Rice_5kg,Staples,60.0,60.0,0,108
2024-10-19,Store_C,Rice_5kg,Staples,60.78,60.0,0,99
2024-10-20,Store_C,Rice_5kg,Staples,60.0,60.0,0,122
2024-10-21,Store_C,Rice_5kg,Staples,60.0,60.0,0,84
2024-10-22,Store_C,Rice_5kg,Staples,60.0,60.0,0,73
2024-10-23,Store_C,Rice_5kg,Staples,60.0,60.0,0,79
2024-10-24,Store_C,Rice_5kg,Staples,60.0,60.0,0,87
2024-10-25,Store_C,Rice_5kg,Staples,60.0,60.0,0,102
2024-10-26,Store_C,Rice_5kg,Staples,60.0,60.0,0,135
2024-10-27,Store_C,Rice_5kg,Staples,60.0,60.0,0,110
2024-10-28,Store_C,Rice_5kg,Staples,60.0,60.0,0,82
2024-10-29,Store_C,Rice_5kg,Staples,60.0,60.0,0,67
2024-10-30,Store_C,Rice_5kg,Staples,60.0,60.0,0,71
2024-10-31,Store_C,Rice_5kg,Staples,55.27,60.0,0,85
2024-11-01,Store_C,Rice_5kg,Staples,60.0,60.0,0,112
2024-11-02,Store_C,Rice_5kg,Staples,55.44,60.0,0,123
2024-11-03,Store_C,Rice_5kg,Staples,63.01,60.0,0,102
2024-11-04,Store_C,Rice_5kg,Staples,60.0,60.0,0,83
2024-11-05,Store_C,Rice_5kg,Staples,60.0,60.0,0,81
2024-11-06,Store_C,Rice_5kg,Staples,60.0,60.0,0,77
2024-11-07,Store_C,Rice_5kg,Staples,60.0,60.0,0,100
2024-11-08,Store_C,Rice_5kg,Staples,60.0,60.0,0,97
2024-11-09,Store_C,Rice_5kg,Staples,60.0,60.0,0,130
2024-11-10,Store_C,Rice_5kg,Staples,60.0,60.0,0,92
2024-11-11,Store_C,Rice_5kg,Staples,59.13,60.0,0,72
2024-11-12,Store_C,Rice_5kg,Staples,57.02,60.0,0,85
2024-11-13,Store_C,Rice_5kg,Staples,60.0,60.0,0,87
2024-11-14,Store_C,Rice_5kg,Staples,60.0,60.0,0,90
2024-11-15,Store_C,Rice_5kg,Staples,60.0,60.0,0,107
2024-11-16,Store_C,Rice_5kg,Staples,60.0,60.0,0,138
2024-11-17,Store_C,Rice_5kg,Staples,60.0,60.0,0,105
2024-11-18,Store_C,Rice_5kg,Staples,60.0,60.0,0,89
2024-11-19,Store_C,Rice_5kg,Staples,67.35,60.0,0,67
2024-11-20,Store_C,Rice_5kg,Staples,60.0,60.0,0,83
2024-11-21,Store_C,Rice_5kg,Staples,48.99,60.0,0,104
2024-11-22,Store_C,Rice_5kg,Staples,60.0,60.0,0,105
2024-11-23,Store_C,Rice_5kg,Staples,48.18,60.0,0,173
2024-11-24,Store_C,Rice_5kg,Staples,60.0,60.0,0,124
2024-11-25,Store_C,Rice_5kg,Staples,60.0,60.0,0,83
2024-11-26,Store_C,Rice_5kg,Staples,60.0,60.0,0,83
2024-11-27,Store_C,Rice_5kg,Staples,60.0,60.0,0,77
2024-11-28,Store_C,Rice_5kg,Staples,60.0,60.0,0,89
2024-11-29,Store_C,Rice_5kg,Staples,60.0,60.0,0,116
2024-11-30,Store_C,Rice_5kg,Staples,48.79,60.0,0,200
2024-12-01,Store_C,Rice_5kg,Staples,60.0,60.0,0,103
2024-12-02,Store_C,Rice_5kg,Staples,53.87,60.0,0,88
2024-12-03,Store_C,Rice_5kg,Staples,60.0,60.0,0,73
2024-12-04,Store_C,Rice_5kg,Staples,60.0,60.0,0,69
2024-12-05,Store_C,Rice_5kg,Staples,60.0,60.0,0,86
2024-12-06,Store_C,Rice_5kg,Staples,60.0,60.0,0,113
2024-12-07,Store_C,Rice_5kg,Staples,60.0,60.0,0,124
2024-12-08,Store_C,Rice_5kg,Staples,61.19,60.0,0,110
2024-12-09,Store_C,Rice_5kg,Staples,65.24,60.0,0,67
2024-12-10,Store_C,Rice_5kg,Staples,60.0,60.0,1,104
2024-12-11,Store_C,Rice_5kg,Staples,58.62,60.0,0,76
2024-12-12,Store_C,Rice_5kg,Staples,60.0,60.0,0,75
2024-12-13,Store_C,Rice_5kg,Staples,60.0,60.0,0,89
2024-12-14,Store_C,Rice_5kg,Staples,60.0,60.0,0,129
2024-12-15,Store_C,Rice_5kg,Staples,60.0,60.0,0,104
2024-12-16,Store_C,Rice_5kg,Staples,60.0,60.0,0,79
2024-12-17,Store_C,Rice_5kg,Staples,60.0,60.0,0,88
2024-12-18,Store_C,Rice_5kg,Staples,60.0,60.0,0,81
2024-12-19,Store_C,Rice_5kg,Staples,60.0,60.0,0,82
2024-12-20,Store_C,Rice_5kg,Staples,60.0,60.0,0,102
2024-12-21,Store_C,Rice_5kg,Staples,60.0,60.0,0,116
2024-12-22,Store_C,Rice_5kg,Staples,60.0,60.0,0,124
2024-12-23,Store_C,Rice_5kg,Staples,60.0,60.0,0,83
2024-12-24,Store_C,Rice_5kg,Staples,60.0,60.0,1,89
2024-12-25,Store_C,Rice_5kg,Staples,60.0,60.0,0,78
2024-12-26,Store_C,Rice_5kg,Staples,60.0,60.0,0,91
2024-12-27,Store_C,Rice_5kg,Staples,60.0,60.0,0,111
2024-12-28,Store_C,Rice_5kg,Staples,60.0,60.0,0,124
2024-12-29,Store_C,Rice_5kg,Staples,60.0,60.0,0,112
2024-12-30,Store_C,Rice_5kg,Staples,60.0,60.0,0,80
2024-12-31,Store_C,Rice_5kg,Staples,60.0,60.0,0,78
2025-01-01,Store_C,Rice_5kg,Staples,60.0,60.0,1,95
2025-01-02,Store_C,Rice_5kg,Staples,60.0,60.0,0,78
2025-01-03,Store_C,Rice_5kg,Staples,60.0,60.0,0,75
2025-01-04,Store_C,Rice_5kg,Staples,66.19,60.0,0,98
2025-01-05,Store_C,Rice_5kg,Staples,60.0,60.0,0,91
2025-01-06,Store_C,Rice_5kg,Staples,60.0,60.0,0,57
2025-01-07,Store_C,Rice_5kg,Staples,60.0,60.0,0,64
2025-01-08,Store_C,Rice_5kg,Staples,60.0,60.0,0,65
2025-01-09,Store_C,Rice_5kg,Staples,60.0,60.0,0,70
2025-01-10,Store_C,Rice_5kg,Staples,60.0,60.0,0,89
2025-01-11,Store_C,Rice_5kg,Staples,60.0,60.0,0,98
2025-01-12,Store_C,Rice_5kg,Staples,60.0,60.0,0,94
2025-01-13,Store_C,Rice_5kg,Staples,60.0,60.0,1,92
2025-01-14,Store_C,Rice_5kg,Staples,60.0,60.0,0,64
2025-01-15,Store_C,Rice_5kg,Staples,60.0,60.0,0,72
2025-01-16,Store_C,Rice_5kg,Staples,60.0,60.0,0,74
2025-01-17,Store_C,Rice_5kg,Staples,57.74,60.0,1,132
2025-01-18,Store_C,Rice_5kg,Staples,60.0,60.0,0,95
2025-01-19,Store_C,Rice_5kg,Staples,60.0,60.0,0,96
2025-01-20,Store_C,Rice_5kg,Staples,60.0,60.0,0,72
2025-01-21,Store_C,Rice_5kg,Staples,60.0,60.0,1,94
2025-01-22,Store_C,Rice_5kg,Staples,60.0,60.0,0,71
2025-01-23,Store_C,Rice_5kg,Staples,60.0,60.0,0,79
2025-01-24,Store_C,Rice_5kg,Staples,60.0,60.0,0,94
2025-01-25,Store_C,Rice_5kg,Staples,60.0,60.0,0,112
2025-01-26,Store_C,Rice_5kg,Staples,60.0,60.0,0,93
2025-01-27,Store_C,Rice_5kg,Staples,60.0,60.0,0,72
2025-01-28,Store_C,Rice_5kg,Staples,60.0,60.0,0,69
2025-01-29,Store_C,Rice_5kg,Staples,60.0,60.0,0,65
2025-01-30,Store_C,Rice_5kg,Staples,60.0,60.0,0,78
2025-01-31,Store_C,Rice_5kg,Staples,60.0,60.0,0,92
2025-02-01,Store_C,Rice_5kg,Staples,60.0,60.0,0,101
2025-02-02,Store_C,Rice_5kg,Staples,60.0,60.0,0,93
2025-02-03,Store_C,Rice_5kg,Staples,60.0,60.0,0,77
2025-02-04,Store_C,Rice_5kg,Staples,60.0,60.0,0,63
2025-02-05,Store_C,Rice_5kg,Staples,60.0,60.0,1,96
2025-02-06,Store_C,Rice_5kg,Staples,60.0,60.0,0,75
2025-02-07,Store_C,Rice_5kg,Staples,60.0,60.0,1,85
2025-02-08,Store_C,Rice_5kg,Staples,60.0,60.0,0,98
2025-02-09,Store_C,Rice_5kg,Staples,51.24,60.0,0,105
2025-02-10,Store_C,Rice_5kg,Staples,60.0,60.0,0,69
2025-02-11,Store_C,Rice_5kg,Staples,60.0,60.0,1,89
2025-02-12,Store_C,Rice_5kg,Staples,60.0,60.0,0,74
2025-02-13,Store_C,Rice_5kg,Staples,60.0,60.0,0,68
2025-02-14,Store_C,Rice_5kg,Staples,63.3,60.0,0,77
2025-02-15,Store_C,Rice_5kg,Staples,60.0,60.0,0,103
2025-02-16,Store_C,Rice_5kg,Staples,60.0,60.0,0,91
2025-02-17,Store_C,Rice_5kg,Staples,60.0,60.0,0,73
2025-02-18,Store_C,Rice_5kg,Staples,65.12,60.0,0,52
2025-02-19,Store_C,Rice_5kg,Staples,50.17,60.0,0,71
2025-02-20,Store_C,Rice_5kg,Staples,60.0,60.0,0,83
2025-02-21,Store_C,Rice_5kg,Staples,60.0,60.0,0,99
2025-02-22,Store_C,Rice_5kg,Staples,60.0,60.0,0,106
2025-02-23,Store_C,Rice_5kg,Staples,60.0,60.0,0,99
2025-02-24,Store_C,Rice_5kg,Staples,60.0,60.0,0,79
2025-02-25,Store_C,Rice_5kg,Staples,60.0,60.0,0,65
2025-02-26,Store_C,Rice_5kg,Staples,60.0,60.0,0,76
2025-02-27,Store_C,Rice_5kg,Staples,60.0,60.0,0,67
2025-02-28,Store_C,Rice_5kg,Staples,60.0,60.0,0,78
2025-03-01,Store_C,Rice_5kg,Staples,60.0,60.0,0,115
2025-03-02,Store_C,Rice_5kg,Staples,60.0,60.0,0,87
2025-03-03,Store_C,Rice_5kg,Staples,67.02,60.0,0,64
2025-03-04,Store_C,Rice_5kg,Staples,60.0,60.0,0,67
2025-03-05,Store_C,Rice_5kg,Staples,60.0,60.0,0,64
2025-03-06,Store_C,Rice_5kg,Staples,60.0,60.0,0,71
2025-03-07,Store_C,Rice_5kg,Staples,60.0,60.0,0,93
2025-03-08,Store_C,Rice_5kg,Staples,60.0,60.0,0,106
2025-03-09,Store_C,Rice_5kg,Staples,60.23,60.0,0,106
2025-03-10,Store_C,Rice_5kg,Staples,60.0,60.0,1,95
2025-03-11,Store_C,Rice_5kg,Staples,60.0,60.0,0,78
2025-03-12,Store_C,Rice_5kg,Staples,60.0,60.0,0,70
2025-03-13,Store_C,Rice_5kg,Staples,60.0,60.0,0,66
2025-03-14,Store_C,Rice_5kg,Staples,60.0,60.0,0,77
2025-03-15,Store_C,Rice_5kg,Staples,60.0,60.0,0,102
2025-03-16,Store_C,Rice_5kg,Staples,51.26,60.0,0,105
2025-03-17,Store_C,Rice_5kg,Staples,60.0,60.0,0,63
2025-03-18,Store_C,Rice_5kg,Staples,60.0,60.0,0,65
2025-03-19,Store_C,Rice_5kg,Staples,60.0,60.0,0,74
2025-03-20,Store_C,Rice_5kg,Staples,60.0,60.0,0,67
2025-03-21,Store_C,Rice_5kg,Staples,60.0,60.0,0,72
2025-03-22,Store_C,Rice_5kg,Staples,60.0,60.0,0,100
2025-03-23,Store_C,Rice_5kg,Staples,60.0,60.0,0,83
2025-03-24,Store_C,Rice_5kg,Staples,60.0,60.0,0,72
2025-03-25,Store_C,Rice_5kg,Staples,60.0,60.0,0,61
2025-03-26,Store_C,Rice_5kg,Staples,60.0,60.0,0,63
2025-03-27,Store_C,Rice_5kg,Staples,60.0,60.0,0,69
2025-03-28,Store_C,Rice_5kg,Staples,60.0,60.0,0,93
2025-03-29,Store_C,Rice_5kg,Staples,60.0,60.0,0,103
2025-03-30,Store_C,Rice_5kg,Staples,60.0,60.0,0,81
2025-03-31,Store_C,Rice_5kg,Staples,60.0,60.0,0,60
2025-04-01,Store_C,Rice_5kg,Staples,63.55,60.0,0,56
2025-04-02,Store_C,Rice_5kg,Staples,60.0,60.0,0,72
2025-04-03,Store_C,Rice_5kg,Staples,60.0,60.0,0,63
2025-04-04,Store_C,Rice_5kg,Staples,66.73,60.0,1,94
2025-04-05,Store_C,Rice_5kg,Staples,49.2,60.0,1,162
2025-04-06,Store_C,Rice_5kg,Staples,57.85,60.0,0,76
2025-04-07,Store_C,Rice_5kg,Staples,60.0,60.0,0,62
2025-04-08,Store_C,Rice_5kg,Staples,60.0,60.0,1,97
2025-04-09,Store_C,Rice_5kg,Staples,60.0,60.0,1,105
2025-04-10,Store_C,Rice_5kg,Staples,60.0,60.0,0,65
2025-04-11,Store_C,Rice_5kg,Staples,63.57,60.0,0,78
2025-04-12,Store_C,Rice_5kg,Staples,54.12,60.0,0,100
2025-04-13,Store_C,Rice_5kg,Staples,60.0,60.0,0,91
2025-04-14,Store_C,Rice_5kg,Staples,60.0,60.0,0,63
2025-04-15,Store_C,Rice_5kg,Staples,60.0,60.0,1,83
2025-04-16,Store_C,Rice_5kg,Staples,60.0,60.0,0,69
2025-04-17,Store_C,Rice_5kg,Staples,60.0,60.0,0,66
2025-04-18,Store_C,Rice_5kg,Staples,60.0,60.0,0,80
2025-04-19,Store_C,Rice_5kg,Staples,60.0,60.0,0,101
2025-04-20,Store_C,Rice_5kg,Staples,60.0,60.0,0,94
2025-04-21,Store_C,Rice_5kg,Staples,60.0,60.0,0,67
2025-04-22,Store_C,Rice_5kg,Staples,60.0,60.0,0,59
2025-04-23,Store_C,Rice_5kg,Staples,60.0,60.0,0,69
2025-04-24,Store_C,Rice_5kg,Staples,60.0,60.0,0,69
2025-04-25,Store_C,Rice_5kg,Staples,60.0,60.0,0,91
2025-04-26,Store_C,Rice_5kg,Staples,60.0,60.0,0,109
2025-04-27,Store_C,Rice_5kg,Staples,51.2,60.0,1,132
2025-04-28,Store_C,Rice_5kg,Staples,60.0,60.0,0,66
2025-04-29,Store_C,Rice_5kg,Staples,60.0,60.0,0,60
2025-04-30,Store_C,Rice_5kg,Staples,60.0,60.0,0,66
2025-05-01,Store_C,Rice_5kg,Staples,60.0,60.0,0,71
2025-05-02,Store_C,Rice_5kg,Staples,60.0,60.0,0,68
2025-05-03,Store_C,Rice_5kg,Staples,60.0,60.0,0,83
2025-05-04,Store_C,Rice_5kg,Staples,49.06,60.0,1,127
2025-05-05,Store_C,Rice_5kg,Staples,60.0,60.0,0,73
2025-05-06,Store_C,Rice_5kg,Staples,60.0,60.0,0,62
2025-05-07,Store_C,Rice_5kg,Staples,60.0,60.0,1,89
2025-05-08,Store_C,Rice_5kg,Staples,64.07,60.0,0,63
2025-05-09,Store_C,Rice_5kg,Staples,60.0,60.0,0,86
2025-05-10,Store_C,Rice_5kg,Staples,60.0,60.0,0,86
2025-05-11,Store_C,Rice_5kg,Staples,60.0,60.0,0,75
2025-05-12,Store_C,Rice_5kg,Staples,60.0,60.0,0,60
2025-05-13,Store_C,Rice_5kg,Staples,62.1,60.0,1,75
2025-05-14,Store_C,Rice_5kg,Staples,60.0,60.0,0,56
2025-05-15,Store_C,Rice_5kg,Staples,56.67,60.0,0,66
2025-05-16,Store_C,Rice_5kg,Staples,60.0,60.0,0,78
2025-05-17,Store_C,Rice_5kg,Staples,60.0,60.0,0,83
2025-05-18,Store_C,Rice_5kg,Staples,55.28,60.0,0,83
2025-05-19,Store_C,Rice_5kg,Staples,60.0,60.0,0,61
2025-05-20,Store_C,Rice_5kg,Staples,60.0,60.0,0,59
2025-05-21,Store_C,Rice_5kg,Staples,60.0,60.0,0,64
2025-05-22,Store_C,Rice_5kg,Staples,60.0,60.0,0,61
2025-05-23,Store_C,Rice_5kg,Staples,60.0,60.0,0,80
2025-05-24,Store_C,Rice_5kg,Staples,54.54,60.0,1,139
2025-05-25,Store_C,Rice_5kg,Staples,60.0,60.0,0,70
2025-05-26,Store_C,Rice_5kg,Staples,60.87,60.0,0,64
2025-05-27,Store_C,Rice_5kg,Staples,60.0,60.0,0,58
2025-05-28,Store_C,Rice_5kg,Staples,66.62,60.0,0,48
2025-05-29,Store_C,Rice_5kg,Staples,60.0,60.0,0,60
2025-05-30,Store_C,Rice_5kg,Staples,57.98,60.0,1,97
2025-05-31,Store_C,Rice_5kg,Staples,57.33,60.0,0,93
2025-06-01,Store_C,Rice_5kg,Staples,60.0,60.0,0,88
2025-06-02,Store_C,Rice_5kg,Staples,60.0,60.0,0,60
2025-06-03,Store_C,Rice_5kg,Staples,60.0,60.0,0,51
2025-06-04,Store_C,Rice_5kg,Staples,49.52,60.0,0,83
2025-06-05,Store_C,Rice_5kg,Staples,62.46,60.0,0,59
2025-06-06,Store_C,Rice_5kg,Staples,56.24,60.0,1,115
2025-06-07,Store_C,Rice_5kg,Staples,60.0,60.0,0,84
2025-06-08,Store_C,Rice_5kg,Staples,60.0,60.0,1,104
2025-06-09,Store_C,Rice_5kg,Staples,60.0,60.0,0,65
2025-06-10,Store_C,Rice_5kg,Staples,53.43,60.0,0,56
2025-06-11,Store_C,Rice_5kg,Staples,60.0,60.0,0,67
2025-06-12,Store_C,Rice_5kg,Staples,60.0,60.0,0,67
2025-06-13,Store_C,Rice_5kg,Staples,60.0,60.0,0,69
2025-06-14,Store_C,Rice_5kg,Staples,60.0,60.0,0,74
2025-06-15,Store_C,Rice_5kg,Staples,60.0,60.0,0,78
2025-06-16,Store_C,Rice_5kg,Staples,60.0,60.0,0,56
2025-06-17,Store_C,Rice_5kg,Staples,60.0,60.0,0,61
2025-06-18,Store_C,Rice_5kg,Staples,60.0,60.0,0,59
2025-06-19,Store_C,Rice_5kg,Staples,60.0,60.0,1,83
2025-06-20,Store_C,Rice_5kg,Staples,60.0,60.0,0,73
2025-06-21,Store_C,Rice_5kg,Staples,60.0,60.0,0,92
2025-06-22,Store_C,Rice_5kg,Staples,60.0,60.0,0,77
2025-06-23,Store_C,Rice_5kg,Staples,60.0,60.0,1,91
2025-06-24,Store_C,Rice_5kg,Staples,60.0,60.0,0,48
2025-06-25,Store_C,Rice_5kg,Staples,60.0,60.0,1,76
2025-06-26,Store_C,Rice_5kg,Staples,60.0,60.0,0,64
2025-06-27,Store_C,Rice_5kg,Staples,60.0,60.0,1,103
2025-06-28,Store_C,Rice_5kg,Staples,60.0,60.0,0,100
2025-06-29,Store_C,Rice_5kg,Staples,60.0,60.0,0,72
2025-06-30,Store_C,Rice_5kg,Staples,60.0,60.0,0,45
2025-07-01,Store_C,Rice_5kg,Staples,60.0,60.0,0,59
2025-07-02,Store_C,Rice_5kg,Staples,60.0,60.0,0,59
2025-07-03,Store_C,Rice_5kg,Staples,60.0,60.0,0,66
2025-07-04,Store_C,Rice_5kg,Staples,60.0,60.0,0,76
2025-07-05,Store_C,Rice_5kg,Staples,60.0,60.0,0,70
2025-07-06,Store_C,Rice_5kg,Staples,60.0,60.0,0,79
2025-07-07,Store_C,Rice_5kg,Staples,51.62,60.0,0,74
2025-07-08,Store_C,Rice_5kg,Staples,60.0,60.0,0,54
2025-07-09,Store_C,Rice_5kg,Staples,51.39,60.0,0,62
2025-07-10,Store_C,Rice_5kg,Staples,60.0,60.0,0,57
2025-07-11,Store_C,Rice_5kg,Staples,65.79,60.0,0,60
2025-07-12,Store_C,Rice_5kg,Staples,60.0,60.0,0,86
2025-07-13,Store_C,Rice_5kg,Staples,55.33,60.0,0,86
2025-07-14,Store_C,Rice_5kg,Staples,60.0,60.0,0,62
2025-07-15,Store_C,Rice_5kg,Staples,60.0,60.0,0,55
2025-07-16,Store_C,Rice_5kg,Staples,60.0,60.0,0,59
2025-07-17,Store_C,Rice_5kg,Staples,65.82,60.0,0,55
2025-07-18,Store_C,Rice_5kg,Staples,60.0,60.0,0,76
2025-07-19,Store_C,Rice_5kg,Staples,60.0,60.0,0,93
2025-07-20,Store_C,Rice_5kg,Staples,60.0,60.0,0,63
2025-07-21,Store_C,Rice_5kg,Staples,60.0,60.0,0,53
2025-07-22,Store_C,Rice_5kg,Staples,62.77,60.0,0,50
2025-07-23,Store_C,Rice_5kg,Staples,60.0,60.0,0,68
2025-07-24,Store_C,Rice_5kg,Staples,60.0,60.0,0,62
2025-07-25,Store_C,Rice_5kg,Staples,60.0,60.0,0,74
2025-07-26,Store_C,Rice_5kg,Staples,62.72,60.0,0,71
2025-07-27,Store_C,Rice_5kg,Staples,60.0,60.0,0,77
2025-07-28,Store_C,Rice_5kg,Staples,60.0,60.0,0,51
2025-07-29,Store_C,Rice_5kg,Staples,60.0,60.0,0,51
2025-07-30,Store_C,Rice_5kg,Staples,65.4,60.0,0,50
2025-07-31,Store_C,Rice_5kg,Staples,60.0,60.0,0,68
2025-08-01,Store_C,Rice_5kg,Staples,55.87,60.0,0,94
2025-08-02,Store_C,Rice_5kg,Staples,60.0,60.0,0,97
2025-08-03,Store_C,Rice_5kg,Staples,60.0,60.0,0,73
2025-08-04,Store_C,Rice_5kg,Staples,60.0,60.0,0,57
2025-08-05,Store_C,Rice_5kg,Staples,60.0,60.0,0,61
2025-08-06,Store_C,Rice_5kg,Staples,60.0,60.0,0,64
2025-08-07,Store_C,Rice_5kg,Staples,60.0,60.0,0,58
2025-08-08,Store_C,Rice_5kg,Staples,60.0,60.0,1,96
2025-08-09,Store_C,Rice_5kg,Staples,60.0,60.0,0,102
2025-08-10,Store_C,Rice_5kg,Staples,60.0,60.0,0,77
2025-08-11,Store_C,Rice_5kg,Staples,60.0,60.0,0,52
2025-08-12,Store_C,Rice_5kg,Staples,60.0,60.0,0,64
2025-08-13,Store_C,Rice_5kg,Staples,60.0,60.0,0,70
2025-08-14,Store_C,Rice_5kg,Staples,52.2,60.0,0,81
2025-08-15,Store_C,Rice_5kg,Staples,60.0,60.0,0,72
2025-08-16,Store_C,Rice_5kg,Staples,60.0,60.0,0,81
2025-08-17,Store_C,Rice_5kg,Staples,60.0,60.0,0,79
2025-08-18,Store_C,Rice_5kg,Staples,60.0,60.0,0,62
2025-08-19,Store_C,Rice_5kg,Staples,60.0,60.0,0,46
2025-08-20,Store_C,Rice_5kg,Staples,60.0,60.0,0,58
2025-08-21,Store_C,Rice_5kg,Staples,60.0,60.0,0,62
2025-08-22,Store_C,Rice_5kg,Staples,60.0,60.0,0,75
2025-08-23,Store_C,Rice_5kg,Staples,60.0,60.0,0,80
2025-08-24,Store_C,Rice_5kg,Staples,60.0,60.0,0,78
2025-08-25,Store_C,Rice_5kg,Staples,60.0,60.0,0,60
2025-08-26,Store_C,Rice_5kg,Staples,60.0,60.0,0,53
2025-08-27,Store_C,Rice_5kg,Staples,60.0,60.0,0,62
2025-08-28,Store_C,Rice_5kg,Staples,60.0,60.0,0,69
2025-08-29,Store_C,Rice_5kg,Staples,54.49,60.0,0,90
2025-08-30,Store_C,Rice_5kg,Staples,60.0,60.0,0,92
2025-08-31,Store_C,Rice_5kg,Staples,60.0,60.0,0,81
2025-09-01,Store_C,Rice_5kg,Staples,60.0,60.0,0,57
2025-09-02,Store_C,Rice_5kg,Staples,60.0,60.0,0,49
2025-09-03,Store_C,Rice_5kg,Staples,60.0,60.0,0,63
2025-09-04,Store_C,Rice_5kg,Staples,54.09,60.0,0,80
2025-09-05,Store_C,Rice_5kg,Staples,60.0,60.0,0,71
2025-09-06,Store_C,Rice_5kg,Staples,60.0,60.0,0,94
2025-09-07,Store_C,Rice_5kg,Staples,60.0,60.0,0,95
2025-09-08,Store_C,Rice_5kg,Staples,60.0,60.0,0,71
2025-09-09,Store_C,Rice_5kg,Staples,60.0,60.0,1,77
2025-09-10,Store_C,Rice_5kg,Staples,60.0,60.0,0,49
2025-09-11,Store_C,Rice_5kg,Staples,60.0,60.0,0,75
2025-09-12,Store_C,Rice_5kg,Staples,60.0,60.0,0,79
2025-09-13,Store_C,Rice_5kg,Staples,60.0,60.0,0,97
2025-09-14,Store_C,Rice_5kg,Staples,60.0,60.0,0,74
2025-09-15,Store_C,Rice_5kg,Staples,60.0,60.0,0,71
2025-09-16,Store_C,Rice_5kg,Staples,60.0,60.0,0,59
2025-09-17,Store_C,Rice_5kg,Staples,60.0,60.0,0,57
2025-09-18,Store_C,Rice_5kg,Staples,60.0,60.0,0,67
2025-09-19,Store_C,Rice_5kg,Staples,60.0,60.0,0,66
2025-09-20,Store_C,Rice_5kg,Staples,60.0,60.0,0,102
2025-09-21,Store_C,Rice_5kg,Staples,63.13,60.0,0,89
2025-09-22,Store_C,Rice_5kg,Staples,60.0,60.0,0,69
2025-09-23,Store_C,Rice_5kg,Staples,60.0,60.0,0,62
2025-09-24,Store_C,Rice_5kg,Staples,60.0,60.0,0,61
2025-09-25,Store_C,Rice_5kg,Staples,55.08,60.0,0,73
2025-09-26,Store_C,Rice_5kg,Staples,60.0,60.0,0,78
2025-09-27,Store_C,Rice_5kg,Staples,55.05,60.0,0,110
2025-09-28,Store_C,Rice_5kg,Staples,60.0,60.0,0,94
2025-09-29,Store_C,Rice_5kg,Staples,60.0,60.0,0,59
2025-09-30,Store_C,Rice_5kg,Staples,60.0,60.0,0,67
2025-10-01,Store_C,Rice_5kg,Staples,52.46,60.0,0,115
2025-10-02,Store_C,Rice_5kg,Staples,60.0,60.0,0,92
2025-10-03,Store_C,Rice_5kg,Staples,68.46,60.0,0,113
2025-10-04,Store_C,Rice_5kg,Staples,60.0,60.0,0,144
2025-10-05,Store_C,Rice_5kg,Staples,60.0,60.0,0,125
2025-10-06,Store_C,Rice_5kg,Staples,60.0,60.0,0,85
2025-10-07,Store_C,Rice_5kg,Staples,60.0,60.0,0,79
2025-10-08,Store_C,Rice_5kg,Staples,60.0,60.0,0,96
2025-10-09,Store_C,Rice_5kg,Staples,55.57,60.0,0,101
2025-10-10,Store_C,Rice_5kg,Staples,60.0,60.0,0,130
2025-10-11,Store_C,Rice_5kg,Staples,60.0,60.0,0,135
2025-10-12,Store_C,Rice_5kg,Staples,60.0,60.0,0,120
2025-10-13,Store_C,Rice_5kg,Staples,60.0,60.0,0,98
2025-10-14,Store_C,Rice_5kg,Staples,60.0,60.0,0,94
2025-10-15,Store_C,Rice_5kg,Staples,60.0,60.0,0,89
2025-10-16,Store_C,Rice_5kg,Staples,60.0,60.0,0,108
2025-10-17,Store_C,Rice_5kg,Staples,62.0,60.0,0,129
2025-10-18,Store_C,Rice_5kg,Staples,60.0,60.0,0,142
2025-10-19,Store_C,Rice_5kg,Staples,60.0,60.0,0,118
2025-10-20,Store_C,Rice_5kg,Staples,60.0,60.0,0,101
2025-10-21,Store_C,Rice_5kg,Staples,60.0,60.0,0,91
2025-10-22,Store_C,Rice_5kg,Staples,60.0,60.0,0,116
2025-10-23,Store_C,Rice_5kg,Staples,60.0,60.0,0,106
2025-10-24,Store_C,Rice_5kg,Staples,60.0,60.0,0,134
2025-10-25,Store_C,Rice_5kg,Staples,57.25,60.0,0,176
2025-10-26,Store_C,Rice_5kg,Staples,60.0,60.0,0,134
2025-10-27,Store_C,Rice_5kg,Staples,52.71,60.0,0,106
2025-10-28,Store_C,Rice_5kg,Staples,60.0,60.0,0,105
2025-10-29,Store_C,Rice_5kg,Staples,60.0,60.0,0,101
2025-10-30,Store_C,Rice_5kg,Staples,60.0,60.0,0,116
2025-10-31,Store_C,Rice_5kg,Staples,65.94,60.0,0,106
2025-11-01,Store_C,Rice_5kg,Staples,60.0,60.0,0,149
2025-11-02,Store_C,Rice_5kg,Staples,60.0,60.0,1,180
2025-11-03,Store_C,Rice_5kg,Staples,58.57,60.0,1,143
2025-11-04,Store_C,Rice_5kg,Staples,60.0,60.0,0,80
2025-11-05,Store_C,Rice_5kg,Staples,60.0,60.0,0,101
2025-11-06,Store_C,Rice_5kg,Staples,60.0,60.0,0,108
2025-11-07,Store_C,Rice_5kg,Staples,60.0,60.0,0,133
2025-11-08,Store_C,Rice_5kg,Staples,68.12,60.0,0,153
2025-11-09,Store_C,Rice_5kg,Staples,60.0,60.0,0,147
2025-11-10,Store_C,Rice_5kg,Staples,60.0,60.0,0,108
2025-11-11,Store_C,Rice_5kg,Staples,61.2,60.0,1,126
2025-11-12,Store_C,Rice_5kg,Staples,60.0,60.0,0,101
2025-11-13,Store_C,Rice_5kg,Staples,65.73,60.0,0,108
2025-11-14,Store_C,Rice_5kg,Staples,60.0,60.0,0,140
2025-11-15,Store_C,Rice_5kg,Staples,60.0,60.0,0,190
2025-11-16,Store_C,Rice_5kg,Staples,60.0,60.0,0,153
2025-11-17,Store_C,Rice_5kg,Staples,48.44,60.0,0,154
2025-11-18,Store_C,Rice_5kg,Staples,60.0,60.0,0,91
2025-11-19,Store_C,Rice_5kg,Staples,60.0,60.0,0,112
2025-11-20,Store_C,Rice_5kg,Staples,52.75,60.0,0,124
2025-11-21,Store_C,Rice_5kg,Staples,68.73,60.0,0,101
2025-11-22,Store_C,Rice_5kg,Staples,60.0,60.0,0,170
2025-11-23,Store_C,Rice_5kg,Staples,63.05,60.0,0,138
2025-11-24,Store_C,Rice_5kg,Staples,60.0,60.0,1,132
2025-11-25,Store_C,Rice_5kg,Staples,60.0,60.0,0,110
2025-11-26,Store_C,Rice_5kg,Staples,60.0,60.0,0,112
2025-11-27,Store_C,Rice_5kg,Staples,60.0,60.0,0,128
2025-11-28,Store_C,Rice_5kg,Staples,60.0,60.0,1,212
2025-11-29,Store_C,Rice_5kg,Staples,60.0,60.0,0,165
2025-11-30,Store_C,Rice_5kg,Staples,49.06,60.0,0,173
2025-12-01,Store_C,Rice_5kg,Staples,60.0,60.0,0,81
2025-12-02,Store_C,Rice_5kg,Staples,60.0,60.0,0,99
2025-12-03,Store_C,Rice_5kg,Staples,60.0,60.0,0,102
2025-12-04,Store_C,Rice_5kg,Staples,60.0,60.0,0,107
2025-12-05,Store_C,Rice_5kg,Staples,60.0,60.0,0,130
2025-12-06,Store_C,Rice_5kg,Staples,60.0,60.0,0,143
2025-12-07,Store_C,Rice_5kg,Staples,67.06,60.0,0,99
2025-12-08,Store_C,Rice_5kg,Staples,60.0,60.0,0,99
2025-12-09,Store_C,Rice_5kg,Staples,60.0,60.0,0,92
2025-12-10,Store_C,Rice_5kg,Staples,60.0,60.0,0,92
2025-12-11,Store_C,Rice_5kg,Staples,60.0,60.0,0,107
2025-12-12,Store_C,Rice_5kg,Staples,60.0,60.0,0,136
2025-12-13,Store_C,Rice_5kg,Staples,60.0,60.0,0,160
2025-12-14,Store_C,Rice_5kg,Staples,60.0,60.0,0,149
2025-12-15,Store_C,Rice_5kg,Staples,60.0,60.0,0,92
2025-12-16,Store_C,Rice_5kg,Staples,50.12,60.0,0,130
2025-12-17,Store_C,Rice_5kg,Staples,60.0,60.0,0,110
2025-12-18,Store_C,Rice_5kg,Staples,60.0,60.0,0,89
2025-12-19,Store_C,Rice_5kg,Staples,60.0,60.0,0,128
2025-12-20,Store_C,Rice_5kg,Staples,60.3,60.0,0,172
2025-12-21,Store_C,Rice_5kg,Staples,60.0,60.0,0,132
2025-12-22,Store_C,Rice_5kg,Staples,60.0,60.0,0,91
2025-12-23,Store_C,Rice_5kg,Staples,63.47,60.0,0,87
2025-12-24,Store_C,Rice_5kg,Staples,60.0,60.0,0,96
2025-12-25,Store_C,Rice_5kg,Staples,60.0,60.0,0,89
2025-12-26,Store_C,Rice_5kg,Staples,60.0,60.0,0,154
2025-12-27,Store_C,Rice_5kg,Staples,60.0,60.0,0,158
2025-12-28,Store_C,Rice_5kg,Staples,60.0,60.0,0,148
2025-12-29,Store_C,Rice_5kg,Staples,60.0,60.0,0,108
2025-12-30,Store_C,Rice_5kg,Staples,60.0,60.0,0,86
2024-01-01,Store_C,Bread_400g,Bakery,37.49,35.0,0,96
2024-01-02,Store_C,Bread_400g,Bakery,35.0,35.0,0,101
2024-01-03,Store_C,Bread_400g,Bakery,35.0,35.0,0,106
2024-01-04,Store_C,Bread_400g,Bakery,35.0,35.0,0,108
2024-01-05,Store_C,Bread_400g,Bakery,35.0,35.0,0,157
2024-01-06,Store_C,Bread_400g,Bakery,35.0,35.0,0,158
2024-01-07,Store_C,Bread_400g,Bakery,35.0,35.0,0,126
2024-01-08,Store_C,Bread_400g,Bakery,35.0,35.0,0,120
2024-01-09,Store_C,Bread_400g,Bakery,35.0,35.0,0,111
2024-01-10,Store_C,Bread_400g,Bakery,35.0,35.0,0,120
2024-01-11,Store_C,Bread_400g,Bakery,29.24,35.0,0,149
2024-01-12,Store_C,Bread_400g,Bakery,35.0,35.0,1,174
2024-01-13,Store_C,Bread_400g,Bakery,35.0,35.0,0,166
2024-01-14,Store_C,Bread_400g,Bakery,33.19,35.0,0,165
2024-01-15,Store_C,Bread_400g,Bakery,35.0,35.0,0,119
2024-01-16,Store_C,Bread_400g,Bakery,28.09,35.0,0,163
2024-01-17,Store_C,Bread_400g,Bakery,35.0,35.0,0,117
2024-01-18,Store_C,Bread_400g,Bakery,39.43,35.0,0,88
2024-01-19,Store_C,Bread_400g,Bakery,31.29,35.0,0,174
2024-01-20,Store_C,Bread_400g,Bakery,35.0,35.0,0,192
2024-01-21,Store_C,Bread_400g,Bakery,37.5,35.0,0,119
2024-01-22,Store_C,Bread_400g,Bakery,35.0,35.0,0,109
2024-01-23,Store_C,Bread_400g,Bakery,35.0,35.0,0,103
2024-01-24,Store_C,Bread_400g,Bakery,35.0,35.0,0,105
2024-01-25,Store_C,Bread_400g,Bakery,32.0,35.0,1,170
2024-01-26,Store_C,Bread_400g,Bakery,38.25,35.0,1,151
2024-01-27,Store_C,Bread_400g,Bakery,35.0,35.0,0,152
2024-01-28,Store_C,Bread_400g,Bakery,35.76,35.0,0,154
2024-01-29,Store_C,Bread_400g,Bakery,35.0,35.0,0,115
2024-01-30,Store_C,Bread_400g,Bakery,35.0,35.0,0,109
2024-01-31,Store_C,Bread_400g,Bakery,35.0,35.0,0,109
2024-02-01,Store_C,Bread_400g,Bakery,35.0,35.0,0,105
2024-02-02,Store_C,Bread_400g,Bakery,31.08,35.0,0,185
2024-02-03,Store_C,Bread_400g,Bakery,35.0,35.0,0,155
2024-02-04,Store_C,Bread_400g,Bakery,35.0,35.0,0,115
2024-02-05,Store_C,Bread_400g,Bakery,35.0,35.0,0,97
2024-02-06,Store_C,Bread_400g,Bakery,35.0,35.0,0,106
2024-02-07,Store_C,Bread_400g,Bakery,35.0,35.0,0,106
2024-02-08,Store_C,Bread_400g,Bakery,35.0,35.0,0,111
2024-02-09,Store_C,Bread_400g,Bakery,35.0,35.0,0,116
2024-02-10,Store_C,Bread_400g,Bakery,35.0,35.0,0,148
2024-02-11,Store_C,Bread_400g,Bakery,35.0,35.0,0,141
2024-02-12,Store_C,Bread_400g,Bakery,35.0,35.0,0,106
2024-02-13,Store_C,Bread_400g,Bakery,31.32,35.0,1,141
2024-02-14,Store_C,Bread_400g,Bakery,35.0,35.0,0,114
2024-02-15,Store_C,Bread_400g,Bakery,35.0,35.0,0,111
2024-02-16,Store_C,Bread_400g,Bakery,35.42,35.0,0,140
2024-02-17,Store_C,Bread_400g,Bakery,35.0,35.0,0,158
2024-02-18,Store_C,Bread_400g,Bakery,35.0,35.0,0,149
2024-02-19,Store_C,Bread_400g,Bakery,35.0,35.0,0,119
2024-02-20,Store_C,Bread_400g,Bakery,35.0,35.0,0,101
2024-02-21,Store_C,Bread_400g,Bakery,35.18,35.0,0,101
2024-02-22,Store_C,Bread_400g,Bakery,35.0,35.0,0,105
2024-02-23,Store_C,Bread_400g,Bakery,35.0,35.0,0,158
2024-02-24,Store_C,Bread_400g,Bakery,35.0,35.0,0,164
2024-02-25,Store_C,Bread_400g,Bakery,35.0,35.0,0,133
2024-02-26,Store_C,Bread_400g,Bakery,35.0,35.0,0,103
2024-02-27,Store_C,Bread_400g,Bakery,35.0,35.0,1,157
2024-02-28,Store_C,Bread_400g,Bakery,35.0,35.0,1,160
2024-02-29,Store_C,Bread_400g,Bakery,29.11,35.0,0,154
2024-03-01,Store_C,Bread_400g,Bakery,35.0,35.0,0,141
2024-03-02,Store_C,Bread_400g,Bakery,35.0,35.0,0,161
2024-03-03,Store_C,Bread_400g,Bakery,35.0,35.0,0,145
2024-03-04,Store_C,Bread_400g,Bakery,31.48,35.0,0,110
2024-03-05,Store_C,Bread_400g,Bakery,28.65,35.0,1,193
2024-03-06,Store_C,Bread_400g,Bakery,35.0,35.0,0,110
2024-03-07,Store_C,Bread_400g,Bakery,30.7,35.0,0,151
2024-03-08,Store_C,Bread_400g,Bakery,35.0,35.0,0,139
2024-03-09,Store_C,Bread_400g,Bakery,35.0,35.0,0,164
2024-03-10,Store_C,Bread_400g,Bakery,35.0,35.0,0,151
2024-03-11,Store_C,Bread_400g,Bakery,35.0,35.0,0,113
2024-03-12,Store_C,Bread_400g,Bakery,38.44,35.0,0,105
2024-03-13,Store_C,Bread_400g,Bakery,35.0,35.0,0,111
2024-03-14,Store_C,Bread_400g,Bakery,32.71,35.0,0,123
2024-03-15,Store_C,Bread_400g,Bakery,35.0,35.0,0,137
2024-03-16,Store_C,Bread_400g,Bakery,35.63,35.0,0,164
2024-03-17,Store_C,Bread_400g,Bakery,35.0,35.0,0,140
2024-03-18,Store_C,Bread_400g,Bakery,35.0,35.0,0,118
2024-03-19,Store_C,Bread_400g,Bakery,35.0,35.0,0,96
2024-03-20,Store_C,Bread_400g,Bakery,35.0,35.0,1,145
2024-03-21,Store_C,Bread_400g,Bakery,35.0,35.0,0,100
2024-03-22,Store_C,Bread_400g,Bakery,35.0,35.0,0,123
2024-03-23,Store_C,Bread_400g,Bakery,35.0,35.0,0,155
2024-03-24,Store_C,Bread_400g,Bakery,33.62,35.0,1,199
2024-03-25,Store_C,Bread_400g,Bakery,35.0,35.0,0,110
2024-03-26,Store_C,Bread_400g,Bakery,35.0,35.0,0,100
2024-03-27,Store_C,Bread_400g,Bakery,35.0,35.0,0,97
2024-03-28,Store_C,Bread_400g,Bakery,35.0,35.0,0,106
2024-03-29,Store_C,Bread_400g,Bakery,35.0,35.0,0,143
2024-03-30,Store_C,Bread_400g,Bakery,35.0,35.0,0,155
2024-03-31,Store_C,Bread_400g,Bakery,35.0,35.0,0,161
2024-04-01,Store_C,Bread_400g,Bakery,35.0,35.0,0,99
2024-04-02,Store_C,Bread_400g,Bakery,35.0,35.0,0,94
2024-04-03,Store_C,Bread_400g,Bakery,35.0,35.0,0,101
2024-04-04,Store_C,Bread_400g,Bakery,35.0,35.0,0,92
2024-04-05,Store_C,Bread_400g,Bakery,35.0,35.0,0,126
2024-04-06,Store_C,Bread_400g,Bakery,38.78,35.0,0,124
2024-04-07,Store_C,Bread_400g,Bakery,35.0,35.0,0,137
2024-04-08,Store_C,Bread_400g,Bakery,35.0,35.0,1,138
2024-04-09,Store_C,Bread_400g,Bakery,30.58,35.0,0,96
2024-04-10,Store_C,Bread_400g,Bakery,35.0,35.0,0,100
2024-04-11,Store_C,Bread_400g,Bakery,35.0,35.0,0,96
2024-04-12,Store_C,Bread_400g,Bakery,35.0,35.0,0,128
2024-04-13,Store_C,Bread_400g,Bakery,35.0,35.0,0,150
2024-04-14,Store_C,Bread_400g,Bakery,35.0,35.0,0,123
2024-04-15,Store_C,Bread_400g,Bakery,35.0,35.0,0,99
2024-04-16,Store_C,Bread_400g,Bakery,35.0,35.0,0,81
2024-04-17,Store_C,Bread_400g,Bakery,35.0,35.0,0,100
2024-04-18,Store_C,Bread_400g,Bakery,35.0,35.0,0,109
2024-04-19,Store_C,Bread_400g,Bakery,35.0,35.0,0,129
2024-04-20,Store_C,Bread_400g,Bakery,37.02,35.0,0,118
2024-04-21,Store_C,Bread_400g,Bakery,35.0,35.0,0,124
2024-04-22,Store_C,Bread_400g,Bakery,35.0,35.0,0,88
2024-04-23,Store_C,Bread_400g,Bakery,35.0,35.0,0,94
2024-04-24,Store_C,Bread_400g,Bakery,35.0,35.0,0,99
2024-04-25,Store_C,Bread_400g,Bakery,35.0,35.0,0,106
2024-04-26,Store_C,Bread_400g,Bakery,32.63,35.0,0,139
2024-04-27,Store_C,Bread_400g,Bakery,35.0,35.0,0,130
2024-04-28,Store_C,Bread_400g,Bakery,35.0,35.0,0,117
2024-04-29,Store_C,Bread_400g,Bakery,35.0,35.0,0,98
2024-04-30,Store_C,Bread_400g,Bakery,35.0,35.0,0,76
2024-05-01,Store_C,Bread_400g,Bakery,35.0,35.0,1,125
2024-05-02,Store_C,Bread_400g,Bakery,35.0,35.0,0,96
2024-05-03,Store_C,Bread_400g,Bakery,35.0,35.0,0,125
2024-05-04,Store_C,Bread_400g,Bakery,35.0,35.0,0,126
2024-05-05,Store_C,Bread_400g,Bakery,29.43,35.0,0,143
2024-05-06,Store_C,Bread_400g,Bakery,35.0,35.0,0,112
2024-05-07,Store_C,Bread_400g,Bakery,33.99,35.0,0,83
2024-05-08,Store_C,Bread_400g,Bakery,35.0,35.0,0,97
2024-05-09,Store_C,Bread_400g,Bakery,35.63,35.0,0,95
2024-05-10,Store_C,Bread_400g,Bakery,35.0,35.0,0,112
2024-05-11,Store_C,Bread_400g,Bakery,39.77,35.0,0,123
2024-05-12,Store_C,Bread_400g,Bakery,35.0,35.0,0,112
2024-05-13,Store_C,Bread_400g,Bakery,33.64,35.0,0,106
2024-05-14,Store_C,Bread_400g,Bakery,35.0,35.0,0,83
2024-05-15,Store_C,Bread_400g,Bakery,35.0,35.0,0,89
2024-05-16,Store_C,Bread_400g,Bakery,35.0,35.0,0,103
2024-05-17,Store_C,Bread_400g,Bakery,35.0,35.0,0,107
2024-05-18,Store_C,Bread_400g,Bakery,35.0,35.0,0,148
2024-05-19,Store_C,Bread_400g,Bakery,35.0,35.0,0,126
2024-05-20,Store_C,Bread_400g,Bakery,35.0,35.0,0,98
2024-05-21,Store_C,Bread_400g,Bakery,35.0,35.0,0,88
2024-05-22,Store_C,Bread_400g,Bakery,32.55,35.0,0,99
2024-05-23,Store_C,Bread_400g,Bakery,35.0,35.0,0,103
2024-05-24,Store_C,Bread_400g,Bakery,35.0,35.0,0,108
2024-05-25,Store_C,Bread_400g,Bakery,35.0,35.0,0,146
2024-05-26,Store_C,Bread_400g,Bakery,35.0,35.0,0,102
2024-05-27,Store_C,Bread_400g,Bakery,35.0,35.0,0,88
2024-05-28,Store_C,Bread_400g,Bakery,35.0,35.0,0,84
2024-05-29,Store_C,Bread_400g,Bakery,35.0,35.0,0,84
2024-05-30,Store_C,Bread_400g,Bakery,35.0,35.0,0,95
2024-05-31,Store_C,Bread_400g,Bakery,35.0,35.0,0,98
2024-06-01,Store_C,Bread_400g,Bakery,35.0,35.0,0,134
2024-06-02,Store_C,Bread_400g,Bakery,35.0,35.0,0,106
2024-06-03,Store_C,Bread_400g,Bakery,35.24,35.0,0,80
2024-06-04,Store_C,Bread_400g,Bakery,35.0,35.0,0,78
2024-06-05,Store_C,Bread_400g,Bakery,35.0,35.0,0,77
2024-06-06,Store_C,Bread_400g,Bakery,35.0,35.0,0,94
2024-06-07,Store_C,Bread_400g,Bakery,35.0,35.0,0,114
2024-06-08,Store_C,Bread_400g,Bakery,35.0,35.0,0,138
2024-06-09,Store_C,Bread_400g,Bakery,32.61,35.0,0,124
2024-06-10,Store_C,Bread_400g,Bakery,35.0,35.0,0,86
2024-06-11,Store_C,Bread_400g,Bakery,36.55,35.0,0,73
2024-06-12,Store_C,Bread_400g,Bakery,35.26,35.0,0,88
2024-06-13,Store_C,Bread_400g,Bakery,33.29,35.0,1,160
2024-06-14,Store_C,Bread_400g,Bakery,35.0,35.0,0,133
2024-06-15,Store_C,Bread_400g,Bakery,35.0,35.0,0,119
2024-06-16,Store_C,Bread_400g,Bakery,35.0,35.0,0,133
2024-06-17,Store_C,Bread_400g,Bakery,35.0,35.0,0,80
2024-06-18,Store_C,Bread_400g,Bakery,35.0,35.0,0,82
2024-06-19,Store_C,Bread_400g,Bakery,39.04,35.0,0,81
2024-06-20,Store_C,Bread_400g,Bakery,35.0,35.0,0,93
2024-06-21,Store_C,Bread_400g,Bakery,35.0,35.0,0,102
2024-06-22,Store_C,Bread_400g,Bakery,35.0,35.0,0,110
2024-06-23,Store_C,Bread_400g,Bakery,35.0,35.0,0,113
2024-06-24,Store_C,Bread_400g,Bakery,35.0,35.0,0,74
2024-06-25,Store_C,Bread_400g,Bakery,35.0,35.0,0,90
2024-06-26,Store_C,Bread_400g,Bakery,35.0,35.0,0,83
2024-06-27,Store_C,Bread_400g,Bakery,35.0,35.0,0,94
2024-06-28,Store_C,Bread_400g,Bakery,35.0,35.0,0,96
2024-06-29,Store_C,Bread_400g,Bakery,35.0,35.0,0,130
2024-06-30,Store_C,Bread_400g,Bakery,28.93,35.0,0,127
2024-07-01,Store_C,Bread_400g,Bakery,35.0,35.0,0,89
2024-07-02,Store_C,Bread_400g,Bakery,35.0,35.0,0,75
2024-07-03,Store_C,Bread_400g,Bakery,35.0,35.0,0,77
2024-07-04,Store_C,Bread_400g,Bakery,35.0,35.0,0,79
2024-07-05,Store_C,Bread_400g,Bakery,29.29,35.0,1,176
2024-07-06,Store_C,Bread_400g,Bakery,35.0,35.0,0,115
2024-07-07,Store_C,Bread_400g,Bakery,35.0,35.0,0,126
2024-07-08,Store_C,Bread_400g,Bakery,35.0,35.0,0,84
2024-07-09,Store_C,Bread_400g,Bakery,37.92,35.0,0,69
2024-07-10,Store_C,Bread_400g,Bakery,35.0,35.0,0,79
2024-07-11,Store_C,Bread_400g,Bakery,35.0,35.0,0,66
2024-07-12,Store_C,Bread_400g,Bakery,35.0,35.0,0,103
2024-07-13,Store_C,Bread_400g,Bakery,35.0,35.0,0,147
2024-07-14,Store_C,Bread_400g,Bakery,35.0,35.0,0,117
2024-07-15,Store_C,Bread_400g,Bakery,36.29,35.0,0,73
2024-07-16,Store_C,Bread_400g,Bakery,35.0,35.0,0,82
2024-07-17,Store_C,Bread_400g,Bakery,35.0,35.0,0,85
2024-07-18,Store_C,Bread_400g,Bakery,35.0,35.0,0,104
2024-07-19,Store_C,Bread_400g,Bakery,35.0,35.0,0,95
2024-07-20,Store_C,Bread_400g,Bakery,35.0,35.0,0,136
2024-07-21,Store_C,Bread_400g,Bakery,40.18,35.0,0,88
2024-07-22,Store_C,Bread_400g,Bakery,35.0,35.0,0,79
2024-07-23,Store_C,Bread_400g,Bakery,35.0,35.0,0,78
2024-07-24,Store_C,Bread_400g,Bakery,35.0,35.0,0,79
2024-07-25,Store_C,Bread_400g,Bakery,35.0,35.0,0,83
2024-07-26,Store_C,Bread_400g,Bakery,32.11,35.0,0,128
2024-07-27,Store_C,Bread_400g,Bakery,35.0,35.0,0,110
2024-07-28,Store_C,Bread_400g,Bakery,35.0,35.0,0,97
2024-07-29,Store_C,Bread_400g,Bakery,31.67,35.0,0,102
2024-07-30,Store_C,Bread_400g,Bakery,35.0,35.0,0,85
2024-07-31,Store_C,Bread_400g,Bakery,35.0,35.0,1,108
2024-08-01,Store_C,Bread_400g,Bakery,35.0,35.0,0,93
2024-08-02,Store_C,Bread_400g,Bakery,35.0,35.0,0,108
2024-08-03,Store_C,Bread_400g,Bakery,35.0,35.0,0,103
2024-08-04,Store_C,Bread_400g,Bakery,35.0,35.0,0,98
2024-08-05,Store_C,Bread_400g,Bakery,35.0,35.0,0,72
2024-08-06,Store_C,Bread_400g,Bakery,35.0,35.0,0,75
2024-08-07,Store_C,Bread_400g,Bakery,35.0,35.0,0,79
2024-08-08,Store_C,Bread_400g,Bakery,35.0,35.0,0,89
2024-08-09,Store_C,Bread_400g,Bakery,35.0,35.0,0,112
2024-08-10,Store_C,Bread_400g,Bakery,35.0,35.0,0,126
2024-08-11,Store_C,Bread_400g,Bakery,35.0,35.0,0,108
2024-08-12,Store_C,Bread_400g,Bakery,35.0,35.0,0,72
2024-08-13,Store_C,Bread_400g,Bakery,35.0,35.0,0,81
2024-08-14,Store_C,Bread_400g,Bakery,35.0,35.0,0,87
2024-08-15,Store_C,Bread_400g,Bakery,35.0,35.0,0,78
2024-08-16,Store_C,Bread_400g,Bakery,35.0,35.0,1,129
2024-08-17,Store_C,Bread_400g,Bakery,35.0,35.0,0,127
2024-08-18,Store_C,Bread_400g,Bakery,35.0,35.0,0,102
2024-08-19,Store_C,Bread_400g,Bakery,35.0,35.0,0,84
2024-08-20,Store_C,Bread_400g,Bakery,35.0,35.0,0,86
2024-08-21,Store_C,Bread_400g,Bakery,35.0,35.0,0,90
2024-08-22,Store_C,Bread_400g,Bakery,35.0,35.0,0,101
2024-08-23,Store_C,Bread_400g,Bakery,29.81,35.0,0,131
2024-08-24,Store_C,Bread_400g,Bakery,35.0,35.0,0,123
2024-08-25,Store_C,Bread_400g,Bakery,36.51,35.0,0,104
2024-08-26,Store_C,Bread_400g,Bakery,35.0,35.0,0,74
2024-08-27,Store_C,Bread_400g,Bakery,35.61,35.0,0,84
2024-08-28,Store_C,Bread_400g,Bakery,35.0,35.0,0,87
2024-08-29,Store_C,Bread_400g,Bakery,35.0,35.0,1,104
2024-08-30,Store_C,Bread_400g,Bakery,29.31,35.0,0,138
2024-08-31,Store_C,Bread_400g,Bakery,35.0,35.0,0,123
2024-09-01,Store_C,Bread_400g,Bakery,40.05,35.0,0,100
2024-09-02,Store_C,Bread_400g,Bakery,29.05,35.0,1,160
2024-09-03,Store_C,Bread_400g,Bakery,31.21,35.0,0,103
2024-09-04,Store_C,Bread_400g,Bakery,35.0,35.0,0,87
2024-09-05,Store_C,Bread_400g,Bakery,35.0,35.0,1,112
2024-09-06,Store_C,Bread_400g,Bakery,35.0,35.0,1,136
2024-09-07,Store_C,Bread_400g,Bakery,35.0,35.0,0,120
2024-09-08,Store_C,Bread_400g,Bakery,35.0,35.0,0,102
2024-09-09,Store_C,Bread_400g,Bakery,35.0,35.0,0,78
2024-09-10,Store_C,Bread_400g,Bakery,35.0,35.0,0,83
2024-09-11,Store_C,Bread_400g,Bakery,35.0,35.0,0,75
2024-09-12,Store_C,Bread_400g,Bakery,35.0,35.0,0,87
2024-09-13,Store_C,Bread_400g,Bakery,35.0,35.0,0,109
2024-09-14,Store_C,Bread_400g,Bakery,35.0,35.0,0,124
2024-09-15,Store_C,Bread_400g,Bakery,35.0,35.0,0,105
2024-09-16,Store_C,Bread_400g,Bakery,34.17,35.0,0,89
2024-09-17,Store_C,Bread_400g,Bakery,40.22,35.0,0,64
2024-09-18,Store_C,Bread_400g,Bakery,35.0,35.0,0,100
2024-09-19,Store_C,Bread_400g,Bakery,35.0,35.0,0,93
2024-09-20,Store_C,Bread_400g,Bakery,35.0,35.0,0,120
2024-09-21,Store_C,Bread_400g,Bakery,36.3,35.0,0,120
2024-09-22,Store_C,Bread_400g,Bakery,31.88,35.0,1,166
2024-09-23,Store_C,Bread_400g,Bakery,35.0,35.0,0,81
2024-09-24,Store_C,Bread_400g,Bakery,35.0,35.0,0,92
2024-09-25,Store_C,Bread_400g,Bakery,35.0,35.0,0,91
2024-09-26,Store_C,Bread_400g,Bakery,36.69,35.0,0,84
2024-09-27,Store_C,Bread_400g,Bakery,35.0,35.0,0,117
2024-09-28,Store_C,Bread_400g,Bakery,35.0,35.0,0,118
2024-09-29,Store_C,Bread_400g,Bakery,35.0,35.0,0,129
2024-09-30,Store_C,Bread_400g,Bakery,35.0,35.0,0,104
2024-10-01,Store_C,Bread_400g,Bakery,34.06,35.0,0,121
2024-10-02,Store_C,Bread_400g,Bakery,35.0,35.0,0,122
2024-10-03,Store_C,Bread_400g,Bakery,35.0,35.0,0,137
2024-10-04,Store_C,Bread_400g,Bakery,35.0,35.0,0,169
2024-10-05,Store_C,Bread_400g,Bakery,30.83,35.0,0,226
2024-10-06,Store_C,Bread_400g,Bakery,35.0,35.0,1,249
2024-10-07,Store_C,Bread_400g,Bakery,35.0,35.0,0,145
2024-10-08,Store_C,Bread_400g,Bakery,31.5,35.0,0,144
2024-10-09,Store_C,Bread_400g,Bakery,35.0,35.0,0,136
2024-10-10,Store_C,Bread_400g,Bakery,35.0,35.0,0,131
2024-10-11,Store_C,Bread_400g,Bakery,35.0,35.0,0,174
2024-10-12,Store_C,Bread_400g,Bakery,35.0,35.0,0,203
2024-10-13,Store_C,Bread_400g,Bakery,31.91,35.0,0,211
2024-10-14,Store_C,Bread_400g,Bakery,29.36,35.0,1,254
2024-10-15,Store_C,Bread_400g,Bakery,35.0,35.0,0,124
2024-10-16,Store_C,Bread_400g,Bakery,35.0,35.0,0,122
2024-10-17,Store_C,Bread_400g,Bakery,35.0,35.0,1,179
2024-10-18,Store_C,Bread_400g,Bakery,35.0,35.0,1,261
2024-10-19,Store_C,Bread_400g,Bakery,35.0,35.0,0,204
2024-10-20,Store_C,Bread_400g,Bakery,35.0,35.0,0,185
2024-10-21,Store_C,Bread_400g,Bakery,35.0,35.0,0,145
2024-10-22,Store_C,Bread_400g,Bakery,35.0,35.0,0,129
2024-10-23,Store_C,Bread_400g,Bakery,35.0,35.0,0,150
2024-10-24,Store_C,Bread_400g,Bakery,35.0,35.0,0,130
2024-10-25,Store_C,Bread_400g,Bakery,35.0,35.0,0,182
2024-10-26,Store_C,Bread_400g,Bakery,35.0,35.0,0,237
2024-10-27,Store_C,Bread_400g,Bakery,38.49,35.0,0,180
2024-10-28,Store_C,Bread_400g,Bakery,35.0,35.0,0,147
2024-10-29,Store_C,Bread_400g,Bakery,35.0,35.0,0,130
2024-10-30,Store_C,Bread_400g,Bakery,34.53,35.0,0,141
2024-10-31,Store_C,Bread_400g,Bakery,37.14,35.0,0,142
2024-11-01,Store_C,Bread_400g,Bakery,37.84,35.0,0,144
2024-11-02,Store_C,Bread_400g,Bakery,35.0,35.0,0,217
2024-11-03,Store_C,Bread_400g,Bakery,36.83,35.0,0,147
2024-11-04,Store_C,Bread_400g,Bakery,35.0,35.0,0,138
2024-11-05,Store_C,Bread_400g,Bakery,35.0,35.0,0,122
2024-11-06,Store_C,Bread_400g,Bakery,30.29,35.0,0,170
2024-11-07,Store_C,Bread_400g,Bakery,35.0,35.0,0,148
2024-11-08,Store_C,Bread_400g,Bakery,35.0,35.0,0,181
2024-11-09,Store_C,Bread_400g,Bakery,35.0,35.0,0,207
2024-11-10,Store_C,Bread_400g,Bakery,35.0,35.0,0,175
2024-11-11,Store_C,Bread_400g,Bakery,35.0,35.0,0,156
2024-11-12,Store_C,Bread_400g,Bakery,35.0,35.0,0,136
2024-11-13,Store_C,Bread_400g,Bakery,35.0,35.0,0,147
2024-11-14,Store_C,Bread_400g,Bakery,35.0,35.0,0,147
2024-11-15,Store_C,Bread_400g,Bakery,39.97,35.0,0,163
2024-11-16,Store_C,Bread_400g,Bakery,35.0,35.0,0,240
2024-11-17,Store_C,Bread_400g,Bakery,35.0,35.0,0,171
2024-11-18,Store_C,Bread_400g,Bakery,35.0,35.0,0,145
2024-11-19,Store_C,Bread_400g,Bakery,35.0,35.0,0,135
2024-11-20,Store_C,Bread_400g,Bakery,35.0,35.0,0,140
2024-11-21,Store_C,Bread_400g,Bakery,40.05,35.0,0,121
2024-11-22,Store_C,Bread_400g,Bakery,35.0,35.0,1,231
2024-11-23,Store_C,Bread_400g,Bakery,35.0,35.0,0,225
2024-11-24,Store_C,Bread_400g,Bakery,33.53,35.0,0,231
2024-11-25,Store_C,Bread_400g,Bakery,35.0,35.0,0,150
2024-11-26,Store_C,Bread_400g,Bakery,35.0,35.0,0,146
2024-11-27,Store_C,Bread_400g,Bakery,36.96,35.0,0,148
2024-11-28,Store_C,Bread_400g,Bakery,35.0,35.0,0,146
2024-11-29,Store_C,Bread_400g,Bakery,35.0,35.0,1,248
2024-11-30,Store_C,Bread_400g,Bakery,35.0,35.0,0,216
2024-12-01,Store_C,Bread_400g,Bakery,35.0,35.0,0,170
2024-12-02,Store_C,Bread_400g,Bakery,35.0,35.0,0,134
2024-12-03,Store_C,Bread_400g,Bakery,35.45,35.0,0,129
2024-12-04,Store_C,Bread_400g,Bakery,35.0,35.0,0,135
2024-12-05,Store_C,Bread_400g,Bakery,35.0,35.0,1,156
2024-12-06,Store_C,Bread_400g,Bakery,35.0,35.0,0,182
2024-12-07,Store_C,Bread_400g,Bakery,35.0,35.0,0,220
2024-12-08,Store_C,Bread_400g,Bakery,35.0,35.0,0,172
2024-12-09,Store_C,Bread_400g,Bakery,30.65,35.0,0,157
2024-12-10,Store_C,Bread_400g,Bakery,37.94,35.0,0,87
2024-12-11,Store_C,Bread_400g,Bakery,35.0,35.0,0,137
2024-12-12,Store_C,Bread_400g,Bakery,35.0,35.0,1,190
2024-12-13,Store_C,Bread_400g,Bakery,35.0,35.0,0,140
2024-12-14,Store_C,Bread_400g,Bakery,35.0,35.0,0,190
2024-12-15,Store_C,Bread_400g,Bakery,35.0,35.0,0,193
2024-12-16,Store_C,Bread_400g,Bakery,35.0,35.0,0,133
2024-12-17,Store_C,Bread_400g,Bakery,35.0,35.0,0,112
2024-12-18,Store_C,Bread_400g,Bakery,35.0,35.0,1,195
2024-12-19,Store_C,Bread_400g,Bakery,35.0,35.0,0,127
2024-12-20,Store_C,Bread_400g,Bakery,35.0,35.0,0,169
2024-12-21,Store_C,Bread_400g,Bakery,35.0,35.0,0,175
2024-12-22,Store_C,Bread_400g,Bakery,35.0,35.0,0,188
2024-12-23,Store_C,Bread_400g,Bakery,35.0,35.0,0,125
2024-12-24,Store_C,Bread_400g,Bakery,35.0,35.0,0,125
2024-12-25,Store_C,Bread_400g,Bakery,35.0,35.0,0,136
2024-12-26,Store_C,Bread_400g,Bakery,35.0,35.0,0,143
2024-12-27,Store_C,Bread_400g,Bakery,35.0,35.0,0,156
2024-12-28,Store_C,Bread_400g,Bakery,35.0,35.0,0,187
2024-12-29,Store_C,Bread_400g,Bakery,35.0,35.0,0,180
2024-12-30,Store_C,Bread_400g,Bakery,35.42,35.0,0,130
2024-12-31,Store_C,Bread_400g,Bakery,33.33,35.0,0,133
2025-01-01,Store_C,Bread_400g,Bakery,35.0,35.0,0,111
2025-01-02,Store_C,Bread_400g,Bakery,37.45,35.0,0,103
2025-01-03,Store_C,Bread_400g,Bakery,35.0,35.0,0,144
2025-01-04,Store_C,Bread_400g,Bakery,30.39,35.0,0,215
2025-01-05,Store_C,Bread_400g,Bakery,35.0,35.0,0,140
2025-01-06,Store_C,Bread_400g,Bakery,35.0,35.0,0,104
2025-01-07,Store_C,Bread_400g,Bakery,35.0,35.0,0,122
2025-01-08,Store_C,Bread_400g,Bakery,35.0,35.0,0,104
2025-01-09,Store_C,Bread_400g,Bakery,39.4,35.0,0,93
2025-01-10,Store_C,Bread_400g,Bakery,35.0,35.0,0,128
2025-01-11,Store_C,Bread_400g,Bakery,35.0,35.0,0,174
2025-01-12,Store_C,Bread_400g,Bakery,29.99,35.0,0,196
2025-01-13,Store_C,Bread_400g,Bakery,35.0,35.0,1,150
2025-01-14,Store_C,Bread_400g,Bakery,38.44,35.0,0,86
2025-01-15,Store_C,Bread_400g,Bakery,29.75,35.0,0,122
2025-01-16,Store_C,Bread_400g,Bakery,37.29,35.0,0,107
2025-01-17,Store_C,Bread_400g,Bakery,35.0,35.0,0,139
2025-01-18,Store_C,Bread_400g,Bakery,35.0,35.0,0,184
2025-01-19,Store_C,Bread_400g,Bakery,35.0,35.0,0,166
2025-01-20,Store_C,Bread_400g,Bakery,35.0,35.0,0,112
2025-01-21,Store_C,Bread_400g,Bakery,35.0,35.0,1,145
2025-01-22,Store_C,Bread_400g,Bakery,35.0,35.0,0,113
2025-01-23,Store_C,Bread_400g,Bakery,35.0,35.0,0,128
2025-01-24,Store_C,Bread_400g,Bakery,39.67,35.0,0,107
2025-01-25,Store_C,Bread_400g,Bakery,35.0,35.0,0,178
2025-01-26,Store_C,Bread_400g,Bakery,33.11,35.0,0,180
2025-01-27,Store_C,Bread_400g,Bakery,36.76,35.0,0,100
2025-01-28,Store_C,Bread_400g,Bakery,35.0,35.0,0,113
2025-01-29,Store_C,Bread_400g,Bakery,35.0,35.0,0,105
2025-01-30,Store_C,Bread_400g,Bakery,35.21,35.0,0,112
2025-01-31,Store_C,Bread_400g,Bakery,35.0,35.0,0,152
2025-02-01,Store_C,Bread_400g,Bakery,35.0,35.0,0,147
2025-02-02,Store_C,Bread_400g,Bakery,35.0,35.0,0,140
2025-02-03,Store_C,Bread_400g,Bakery,35.0,35.0,0,110
2025-02-04,Store_C,Bread_400g,Bakery,35.0,35.0,0,103
2025-02-05,Store_C,Bread_400g,Bakery,35.0,35.0,0,106
2025-02-06,Store_C,Bread_400g,Bakery,35.0,35.0,0,118
2025-02-07,Store_C,Bread_400g,Bakery,35.0,35.0,0,135
2025-02-08,Store_C,Bread_400g,Bakery,38.07,35.0,0,156
2025-02-09,Store_C,Bread_400g,Bakery,35.0,35.0,0,122
2025-02-10,Store_C,Bread_400g,Bakery,35.0,35.0,0,109
2025-02-11,Store_C,Bread_400g,Bakery,39.29,35.0,1,93
2025-02-12,Store_C,Bread_400g,Bakery,35.0,35.0,0,120
2025-02-13,Store_C,Bread_400g,Bakery,35.0,35.0,0,113
2025-02-14,Store_C,Bread_400g,Bakery,35.0,35.0,1,199
2025-02-15,Store_C,Bread_400g,Bakery,29.01,35.0,0,257
2025-02-16,Store_C,Bread_400g,Bakery,35.0,35.0,0,149
2025-02-17,Store_C,Bread_400g,Bakery,35.0,35.0,0,116
2025-02-18,Store_C,Bread_400g,Bakery,35.0,35.0,0,87
2025-02-19,Store_C,Bread_400g,Bakery,35.0,35.0,0,106
2025-02-20,Store_C,Bread_400g,Bakery,35.0,35.0,0,123
2025-02-21,Store_C,Bread_400g,Bakery,35.0,35.0,0,125
2025-02-22,Store_C,Bread_400g,Bakery,35.0,35.0,0,167
2025-02-23,Store_C,Bread_400g,Bakery,35.0,35.0,0,165
2025-02-24,Store_C,Bread_400g,Bakery,33.2,35.0,0,125
2025-02-25,Store_C,Bread_400g,Bakery,35.0,35.0,0,103
2025-02-26,Store_C,Bread_400g,Bakery,35.0,35.0,0,100
2025-02-27,Store_C,Bread_400g,Bakery,35.0,35.0,1,160
2025-02-28,Store_C,Bread_400g,Bakery,35.0,35.0,0,135
2025-03-01,Store_C,Bread_400g,Bakery,35.0,35.0,0,161
2025-03-02,Store_C,Bread_400g,Bakery,35.0,35.0,0,142
2025-03-03,Store_C,Bread_400g,Bakery,35.0,35.0,0,100
2025-03-04,Store_C,Bread_400g,Bakery,37.48,35.0,0,87
2025-03-05,Store_C,Bread_400g,Bakery,35.0,35.0,0,95
2025-03-06,Store_C,Bread_400g,Bakery,35.0,35.0,0,102
2025-03-07,Store_C,Bread_400g,Bakery,35.0,35.0,0,137
2025-03-08,Store_C,Bread_400g,Bakery,35.0,35.0,0,177
2025-03-09,Store_C,Bread_400g,Bakery,35.0,35.0,0,135
2025-03-10,Store_C,Bread_400g,Bakery,35.0,35.0,0,119
2025-03-11,Store_C,Bread_400g,Bakery,35.0,35.0,0,88
2025-03-12,Store_C,Bread_400g,Bakery,35.0,35.0,0,108
2025-03-13,Store_C,Bread_400g,Bakery,28.02,35.0,0,156
2025-03-14,Store_C,Bread_400g,Bakery,35.0,35.0,0,126
2025-03-15,Store_C,Bread_400g,Bakery,35.0,35.0,0,146
2025-03-16,Store_C,Bread_400g,Bakery,35.0,35.0,0,122
2025-03-17,Store_C,Bread_400g,Bakery,36.5,35.0,0,107
2025-03-18,Store_C,Bread_400g,Bakery,35.0,35.0,0,101
2025-03-19,Store_C,Bread_400g,Bakery,35.0,35.0,0,88
2025-03-20,Store_C,Bread_400g,Bakery,35.0,35.0,0,109
2025-03-21,Store_C,Bread_400g,Bakery,35.0,35.0,0,132
2025-03-22,Store_C,Bread_400g,Bakery,31.43,35.0,0,181
2025-03-23,Store_C,Bread_400g,Bakery,35.0,35.0,0,148
2025-03-24,Store_C,Bread_400g,Bakery,34.29,35.0,0,110
2025-03-25,Store_C,Bread_400g,Bakery,31.95,35.0,0,113
2025-03-26,Store_C,Bread_400g,Bakery,35.0,35.0,0,95
2025-03-27,Store_C,Bread_400g,Bakery,35.0,35.0,0,91
2025-03-28,Store_C,Bread_400g,Bakery,35.0,35.0,0,140
2025-03-29,Store_C,Bread_400g,Bakery,35.0,35.0,0,158
2025-03-30,Store_C,Bread_400g,Bakery,35.0,35.0,0,144
2025-03-31,Store_C,Bread_400g,Bakery,35.0,35.0,0,110
2025-04-01,Store_C,Bread_400g,Bakery,35.0,35.0,0,102
2025-04-02,Store_C,Bread_400g,Bakery,35.0,35.0,1,143
2025-04-03,Store_C,Bread_400g,Bakery,35.0,35.0,0,106
2025-04-04,Store_C,Bread_400g,Bakery,35.0,35.0,0,144
2025-04-05,Store_C,Bread_400g,Bakery,35.0,35.0,0,139
2025-04-06,Store_C,Bread_400g,Bakery,35.0,35.0,0,151
2025-04-07,Store_C,Bread_400g,Bakery,28.69,35.0,0,111
2025-04-08,Store_C,Bread_400g,Bakery,32.11,35.0,0,109
2025-04-09,Store_C,Bread_400g,Bakery,35.0,35.0,0,113
2025-04-10,Store_C,Bread_400g,Bakery,34.04,35.0,0,108
2025-04-11,Store_C,Bread_400g,Bakery,35.0,35.0,0,137
2025-04-12,Store_C,Bread_400g,Bakery,35.0,35.0,0,158
2025-04-13,Store_C,Bread_400g,Bakery,35.0,35.0,0,139
2025-04-14,Store_C,Bread_400g,Bakery,35.0,35.0,1,126
2025-04-15,Store_C,Bread_400g,Bakery,35.0,35.0,0,88
2025-04-16,Store_C,Bread_400g,Bakery,31.61,35.0,0,114
2025-04-17,Store_C,Bread_400g,Bakery,35.0,35.0,1,153
2025-04-18,Store_C,Bread_400g,Bakery,35.0,35.0,1,186
2025-04-19,Store_C,Bread_400g,Bakery,37.56,35.0,0,133
2025-04-20,Store_C,Bread_400g,Bakery,35.0,35.0,0,137
2025-04-21,Store_C,Bread_400g,Bakery,35.0,35.0,0,95
2025-04-22,Store_C,Bread_400g,Bakery,35.0,35.0,0,81
2025-04-23,Store_C,Bread_400g,Bakery,28.69,35.0,0,133
2025-04-24,Store_C,Bread_400g,Bakery,35.0,35.0,0,100
2025-04-25,Store_C,Bread_400g,Bakery,35.0,35.0,0,113
2025-04-26,Store_C,Bread_400g,Bakery,35.0,35.0,0,168
2025-04-27,Store_C,Bread_400g,Bakery,35.0,35.0,0,123
2025-04-28,Store_C,Bread_400g,Bakery,35.0,35.0,0,84
2025-04-29,Store_C,Bread_400g,Bakery,35.0,35.0,0,96
2025-04-30,Store_C,Bread_400g,Bakery,35.0,35.0,0,89
2025-05-01,Store_C,Bread_400g,Bakery,35.0,35.0,0,106
2025-05-02,Store_C,Bread_400g,Bakery,35.0,35.0,0,116
2025-05-03,Store_C,Bread_400g,Bakery,38.41,35.0,0,136
2025-05-04,Store_C,Bread_400g,Bakery,35.0,35.0,0,109
2025-05-05,Store_C,Bread_400g,Bakery,35.0,35.0,0,90
2025-05-06,Store_C,Bread_400g,Bakery,35.0,35.0,0,97
2025-05-07,Store_C,Bread_400g,Bakery,35.0,35.0,0,88
2025-05-08,Store_C,Bread_400g,Bakery,35.0,35.0,0,104
2025-05-09,Store_C,Bread_400g,Bakery,35.0,35.0,0,121
2025-05-10,Store_C,Bread_400g,Bakery,35.0,35.0,1,190
2025-05-11,Store_C,Bread_400g,Bakery,35.0,35.0,0,142
2025-05-12,Store_C,Bread_400g,Bakery,35.0,35.0,0,98
2025-05-13,Store_C,Bread_400g,Bakery,35.0,35.0,0,87
2025-05-14,Store_C,Bread_400g,Bakery,35.0,35.0,0,87
2025-05-15,Store_C,Bread_400g,Bakery,35.0,35.0,0,102
2025-05-16,Store_C,Bread_400g,Bakery,35.0,35.0,0,126
2025-05-17,Store_C,Bread_400g,Bakery,35.0,35.0,0,147
2025-05-18,Store_C,Bread_400g,Bakery,35.0,35.0,0,131
2025-05-19,Store_C,Bread_400g,Bakery,35.0,35.0,0,95
2025-05-20,Store_C,Bread_400g,Bakery,35.0,35.0,0,76
2025-05-21,Store_C,Bread_400g,Bakery,35.23,35.0,0,97
2025-05-22,Store_C,Bread_400g,Bakery,35.0,35.0,0,100
2025-05-23,Store_C,Bread_400g,Bakery,38.97,35.0,0,106
2025-05-24,Store_C,Bread_400g,Bakery,28.91,35.0,0,175
2025-05-25,Store_C,Bread_400g,Bakery,35.0,35.0,0,112
2025-05-26,Store_C,Bread_400g,Bakery,35.0,35.0,1,121
2025-05-27,Store_C,Bread_400g,Bakery,35.0,35.0,0,68
2025-05-28,Store_C,Bread_400g,Bakery,35.0,35.0,0,92
2025-05-29,Store_C,Bread_400g,Bakery,35.0,35.0,0,98
2025-05-30,Store_C,Bread_400g,Bakery,35.0,35.0,0,108
2025-05-31,Store_C,Bread_400g,Bakery,32.97,35.0,1,194
2025-06-01,Store_C,Bread_400g,Bakery,35.0,35.0,0,122
2025-06-02,Store_C,Bread_400g,Bakery,35.0,35.0,0,85
2025-06-03,Store_C,Bread_400g,Bakery,35.0,35.0,1,131
2025-06-04,Store_C,Bread_400g,Bakery,35.0,35.0,0,92
2025-06-05,Store_C,Bread_400g,Bakery,35.0,35.0,0,93
2025-06-06,Store_C,Bread_400g,Bakery,35.0,35.0,0,122
2025-06-07,Store_C,Bread_400g,Bakery,35.0,35.0,0,138
2025-06-08,Store_C,Bread_400g,Bakery,35.0,35.0,0,120
2025-06-09,Store_C,Bread_400g,Bakery,29.78,35.0,0,110
2025-06-10,Store_C,Bread_400g,Bakery,28.97,35.0,1,141
2025-06-11,Store_C,Bread_400g,Bakery,35.0,35.0,0,75
2025-06-12,Store_C,Bread_400g,Bakery,35.0,35.0,0,101
2025-06-13,Store_C,Bread_400g,Bakery,35.0,35.0,0,112
2025-06-14,Store_C,Bread_400g,Bakery,28.58,35.0,0,179
2025-06-15,Store_C,Bread_400g,Bakery,35.0,35.0,0,113
2025-06-16,Store_C,Bread_400g,Bakery,35.0,35.0,0,90
2025-06-17,Store_C,Bread_400g,Bakery,35.0,35.0,1,106
2025-06-18,Store_C,Bread_400g,Bakery,35.0,35.0,0,85
2025-06-19,Store_C,Bread_400g,Bakery,35.0,35.0,0,87
2025-06-20,Store_C,Bread_400g,Bakery,35.0,35.0,0,103
2025-06-21,Store_C,Bread_400g,Bakery,35.0,35.0,0,139
2025-06-22,Store_C,Bread_400g,Bakery,35.0,35.0,0,127
2025-06-23,Store_C,Bread_400g,Bakery,35.0,35.0,0,94
2025-06-24,Store_C,Bread_400g,Bakery,35.0,35.0,0,73
2025-06-25,Store_C,Bread_400g,Bakery,35.0,35.0,0,75
2025-06-26,Store_C,Bread_400g,Bakery,36.96,35.0,0,71
2025-06-27,Store_C,Bread_400g,Bakery,31.02,35.0,0,133
2025-06-28,Store_C,Bread_400g,Bakery,35.0,35.0,0,110
2025-06-29,Store_C,Bread_400g,Bakery,31.14,35.0,0,114
2025-06-30,Store_C,Bread_400g,Bakery,35.73,35.0,0,80
2025-07-01,Store_C,Bread_400g,Bakery,35.0,35.0,0,87
2025-07-02,Store_C,Bread_400g,Bakery,35.0,35.0,0,82
2025-07-03,Store_C,Bread_400g,Bakery,35.0,35.0,0,87
2025-07-04,Store_C,Bread_400g,Bakery,35.0,35.0,0,107
2025-07-05,Store_C,Bread_400g,Bakery,35.42,35.0,0,107
2025-07-06,Store_C,Bread_400g,Bakery,35.0,35.0,0,126
2025-07-07,Store_C,Bread_400g,Bakery,35.0,35.0,0,89
2025-07-08,Store_C,Bread_400g,Bakery,35.0,35.0,0,87
2025-07-09,Store_C,Bread_400g,Bakery,37.99,35.0,0,64
2025-07-10,Store_C,Bread_400g,Bakery,35.0,35.0,0,104
2025-07-11,Store_C,Bread_400g,Bakery,37.47,35.0,0,77
2025-07-12,Store_C,Bread_400g,Bakery,35.0,35.0,0,135
2025-07-13,Store_C,Bread_400g,Bakery,35.0,35.0,0,108
2025-07-14,Store_C,Bread_400g,Bakery,35.0,35.0,0,70
2025-07-15,Store_C,Bread_400g,Bakery,35.0,35.0,0,77
2025-07-16,Store_C,Bread_400g,Bakery,35.0,35.0,0,84
2025-07-17,Store_C,Bread_400g,Bakery,35.0,35.0,0,98
2025-07-18,Store_C,Bread_400g,Bakery,35.0,35.0,1,142
2025-07-19,Store_C,Bread_400g,Bakery,35.0,35.0,1,170
2025-07-20,Store_C,Bread_400g,Bakery,35.0,35.0,1,151
2025-07-21,Store_C,Bread_400g,Bakery,35.0,35.0,1,122
2025-07-22,Store_C,Bread_400g,Bakery,39.32,35.0,0,70
2025-07-23,Store_C,Bread_400g,Bakery,35.0,35.0,0,79
2025-07-24,Store_C,Bread_400g,Bakery,35.0,35.0,0,93
2025-07-25,Store_C,Bread_400g,Bakery,35.0,35.0,0,91
2025-07-26,Store_C,Bread_400g,Bakery,35.0,35.0,0,137
2025-07-27,Store_C,Bread_400g,Bakery,35.0,35.0,0,109
2025-07-28,Store_C,Bread_400g,Bakery,35.0,35.0,0,79
2025-07-29,Store_C,Bread_400g,Bakery,35.0,35.0,0,70
2025-07-30,Store_C,Bread_400g,Bakery,32.33,35.0,0,95
2025-07-31,Store_C,Bread_400g,Bakery,35.0,35.0,0,88
2025-08-01,Store_C,Bread_400g,Bakery,35.0,35.0,0,105
2025-08-02,Store_C,Bread_400g,Bakery,35.0,35.0,0,124
2025-08-03,Store_C,Bread_400g,Bakery,35.0,35.0,0,116
2025-08-04,Store_C,Bread_400g,Bakery,35.0,35.0,0,87
2025-08-05,Store_C,Bread_400g,Bakery,35.0,35.0,0,78
2025-08-06,Store_C,Bread_400g,Bakery,35.0,35.0,0,94
2025-08-07,Store_C,Bread_400g,Bakery,35.0,35.0,0,76
2025-08-08,Store_C,Bread_400g,Bakery,35.0,35.0,0,102
2025-08-09,Store_C,Bread_400g,Bakery,35.0,35.0,0,135
2025-08-10,Store_C,Bread_400g,Bakery,35.0,35.0,0,101
2025-08-11,Store_C,Bread_400g,Bakery,35.0,35.0,0,74
2025-08-12,Store_C,Bread_400g,Bakery,35.0,35.0,0,68
2025-08-13,Store_C,Bread_400g,Bakery,35.0,35.0,0,80
2025-08-14,Store_C,Bread_400g,Bakery,35.0,35.0,0,89
2025-08-15,Store_C,Bread_400g,Bakery,28.49,35.0,0,129
2025-08-16,Store_C,Bread_400g,Bakery,35.0,35.0,1,169
2025-08-17,Store_C,Bread_400g,Bakery,30.4,35.0,0,132
2025-08-18,Store_C,Bread_400g,Bakery,35.0,35.0,0,90
2025-08-19,Store_C,Bread_400g,Bakery,35.0,35.0,0,84
2025-08-20,Store_C,Bread_400g,Bakery,36.6,35.0,1,111
2025-08-21,Store_C,Bread_400g,Bakery,29.87,35.0,0,114
2025-08-22,Store_C,Bread_400g,Bakery,29.54,35.0,0,151
2025-08-23,Store_C,Bread_400g,Bakery,35.0,35.0,0,141
2025-08-24,Store_C,Bread_400g,Bakery,35.0,35.0,0,130
2025-08-25,Store_C,Bread_400g,Bakery,35.0,35.0,0,98
2025-08-26,Store_C,Bread_400g,Bakery,35.0,35.0,0,71
2025-08-27,Store_C,Bread_400g,Bakery,35.0,35.0,0,85
2025-08-28,Store_C,Bread_400g,Bakery,35.0,35.0,0,83
2025-08-29,Store_C,Bread_400g,Bakery,35.0,35.0,0,114
2025-08-30,Store_C,Bread_400g,Bakery,35.0,35.0,1,174
2025-08-31,Store_C,Bread_400g,Bakery,35.0,35.0,0,126
2025-09-01,Store_C,Bread_400g,Bakery,35.0,35.0,0,87
2025-09-02,Store_C,Bread_400g,Bakery,33.47,35.0,0,81
2025-09-03,Store_C,Bread_400g,Bakery,35.0,35.0,0,97
2025-09-04,Store_C,Bread_400g,Bakery,32.49,35.0,0,86
2025-09-05,Store_C,Bread_400g,Bakery,38.59,35.0,0,100
2025-09-06,Store_C,Bread_400g,Bakery,35.0,35.0,0,129
2025-09-07,Store_C,Bread_400g,Bakery,34.36,35.0,0,109
2025-09-08,Store_C,Bread_400g,Bakery,35.0,35.0,0,92
2025-09-09,Store_C,Bread_400g,Bakery,35.0,35.0,0,89
2025-09-10,Store_C,Bread_400g,Bakery,35.0,35.0,1,133
2025-09-11,Store_C,Bread_400g,Bakery,35.0,35.0,0,104
2025-09-12,Store_C,Bread_400g,Bakery,35.0,35.0,0,118
2025-09-13,Store_C,Bread_400g,Bakery,35.0,35.0,0,125
2025-09-14,Store_C,Bread_400g,Bakery,35.0,35.0,0,128
2025-09-15,Store_C,Bread_400g,Bakery,35.0,35.0,0,95
2025-09-16,Store_C,Bread_400g,Bakery,34.61,35.0,0,81
2025-09-17,Store_C,Bread_400g,Bakery,35.0,35.0,0,88
2025-09-18,Store_C,Bread_400g,Bakery,33.82,35.0,0,103
2025-09-19,Store_C,Bread_400g,Bakery,35.0,35.0,0,118
2025-09-20,Store_C,Bread_400g,Bakery,29.12,35.0,0,157
2025-09-21,Store_C,Bread_400g,Bakery,35.0,35.0,1,170
2025-09-22,Store_C,Bread_400g,Bakery,35.0,35.0,0,86
2025-09-23,Store_C,Bread_400g,Bakery,35.0,35.0,0,77
2025-09-24,Store_C,Bread_400g,Bakery,29.61,35.0,0,121
2025-09-25,Store_C,Bread_400g,Bakery,35.0,35.0,0,89
2025-09-26,Store_C,Bread_400g,Bakery,29.51,35.0,0,143
2025-09-27,Store_C,Bread_400g,Bakery,35.0,35.0,0,142
2025-09-28,Store_C,Bread_400g,Bakery,35.0,35.0,0,126
2025-09-29,Store_C,Bread_400g,Bakery,35.0,35.0,0,88
2025-09-30,Store_C,Bread_400g,Bakery,33.97,35.0,1,133
2025-10-01,Store_C,Bread_400g,Bakery,33.84,35.0,0,127
2025-10-02,Store_C,Bread_400g,Bakery,35.0,35.0,0,165
2025-10-03,Store_C,Bread_400g,Bakery,38.39,35.0,0,151
2025-10-04,Store_C,Bread_400g,Bakery,35.0,35.0,0,198
2025-10-05,Store_C,Bread_400g,Bakery,35.0,35.0,0,138
2025-10-06,Store_C,Bread_400g,Bakery,35.0,35.0,1,170
2025-10-07,Store_C,Bread_400g,Bakery,35.0,35.0,0,130
2025-10-08,Store_C,Bread_400g,Bakery,35.06,35.0,0,145
2025-10-09,Store_C,Bread_400g,Bakery,35.0,35.0,0,131
2025-10-10,Store_C,Bread_400g,Bakery,35.0,35.0,0,183
2025-10-11,Store_C,Bread_400g,Bakery,35.0,35.0,0,204
2025-10-12,Store_C,Bread_400g,Bakery,35.0,35.0,0,193
2025-10-13,Store_C,Bread_400g,Bakery,35.0,35.0,0,147
2025-10-14,Store_C,Bread_400g,Bakery,34.04,35.0,0,137
2025-10-15,Store_C,Bread_400g,Bakery,35.0,35.0,0,123
2025-10-16,Store_C,Bread_400g,Bakery,35.0,35.0,0,164
2025-10-17,Store_C,Bread_400g,Bakery,35.0,35.0,0,170
2025-10-18,Store_C,Bread_400g,Bakery,35.0,35.0,0,218
2025-10-19,Store_C,Bread_400g,Bakery,35.0,35.0,0,186
2025-10-20,Store_C,Bread_400g,Bakery,35.0,35.0,0,146
2025-10-21,Store_C,Bread_400g,Bakery,35.0,35.0,0,112
2025-10-22,Store_C,Bread_400g,Bakery,35.0,35.0,0,111
2025-10-23,Store_C,Bread_400g,Bakery,35.0,35.0,0,139
2025-10-24,Store_C,Bread_400g,Bakery,35.0,35.0,0,185
2025-10-25,Store_C,Bread_400g,Bakery,35.0,35.0,0,217
2025-10-26,Store_C,Bread_400g,Bakery,35.0,35.0,0,197
2025-10-27,Store_C,Bread_400g,Bakery,35.0,35.0,0,125
2025-10-28,Store_C,Bread_400g,Bakery,35.0,35.0,1,173
2025-10-29,Store_C,Bread_400g,Bakery,35.0,35.0,0,137
2025-10-30,Store_C,Bread_400g,Bakery,35.0,35.0,0,160
2025-10-31,Store_C,Bread_400g,Bakery,35.0,35.0,0,188
2025-11-01,Store_C,Bread_400g,Bakery,35.0,35.0,0,219
2025-11-02,Store_C,Bread_400g,Bakery,35.0,35.0,0,204
2025-11-03,Store_C,Bread_400g,Bakery,35.0,35.0,0,139
2025-11-04,Store_C,Bread_400g,Bakery,35.0,35.0,0,142
2025-11-05,Store_C,Bread_400g,Bakery,35.0,35.0,0,124
2025-11-06,Store_C,Bread_400g,Bakery,38.41,35.0,0,138
2025-11-07,Store_C,Bread_400g,Bakery,35.0,35.0,0,180
2025-11-08,Store_C,Bread_400g,Bakery,35.0,35.0,0,227
2025-11-09,Store_C,Bread_400g,Bakery,35.0,35.0,0,215
2025-11-10,Store_C,Bread_400g,Bakery,35.0,35.0,0,157
2025-11-11,Store_C,Bread_400g,Bakery,29.33,35.0,0,183
2025-11-12,Store_C,Bread_400g,Bakery,35.0,35.0,0,138
2025-11-13,Store_C,Bread_400g,Bakery,35.0,35.0,1,209
2025-11-14,Store_C,Bread_400g,Bakery,35.0,35.0,0,166
2025-11-15,Store_C,Bread_400g,Bakery,35.0,35.0,0,224
2025-11-16,Store_C,Bread_400g,Bakery,35.0,35.0,0,196
2025-11-17,Store_C,Bread_400g,Bakery,35.0,35.0,0,133
2025-11-18,Store_C,Bread_400g,Bakery,35.0,35.0,0,139
2025-11-19,Store_C,Bread_400g,Bakery,36.05,35.0,0,132
2025-11-20,Store_C,Bread_400g,Bakery,35.0,35.0,0,176
2025-11-21,Store_C,Bread_400g,Bakery,35.0,35.0,0,188
2025-11-22,Store_C,Bread_400g,Bakery,35.0,35.0,0,211
2025-11-23,Store_C,Bread_400g,Bakery,35.0,35.0,0,204
2025-11-24,Store_C,Bread_400g,Bakery,35.0,35.0,0,155
2025-11-25,Store_C,Bread_400g,Bakery,35.0,35.0,0,136
2025-11-26,Store_C,Bread_400g,Bakery,35.0,35.0,0,144
2025-11-27,Store_C,Bread_400g,Bakery,35.0,35.0,0,138
2025-11-28,Store_C,Bread_400g,Bakery,35.0,35.0,0,208
2025-11-29,Store_C,Bread_400g,Bakery,35.0,35.0,0,254
2025-11-30,Store_C,Bread_400g,Bakery,33.55,35.0,0,203
2025-12-01,Store_C,Bread_400g,Bakery,35.0,35.0,0,131
2025-12-02,Store_C,Bread_400g,Bakery,35.0,35.0,0,122
2025-12-03,Store_C,Bread_400g,Bakery,35.0,35.0,0,137
2025-12-04,Store_C,Bread_400g,Bakery,35.0,35.0,0,135
2025-12-05,Store_C,Bread_400g,Bakery,35.0,35.0,0,162
2025-12-06,Store_C,Bread_400g,Bakery,35.0,35.0,0,189
2025-12-07,Store_C,Bread_400g,Bakery,35.0,35.0,0,172
2025-12-08,Store_C,Bread_400g,Bakery,35.0,35.0,0,137
2025-12-09,Store_C,Bread_400g,Bakery,38.22,35.0,0,103
2025-12-10,Store_C,Bread_400g,Bakery,31.96,35.0,0,161
2025-12-11,Store_C,Bread_400g,Bakery,35.0,35.0,0,138
2025-12-12,Store_C,Bread_400g,Bakery,30.66,35.0,0,221
2025-12-13,Store_C,Bread_400g,Bakery,34.1,35.0,0,204
2025-12-14,Store_C,Bread_400g,Bakery,35.0,35.0,0,190
2025-12-15,Store_C,Bread_400g,Bakery,37.52,35.0,0,123
2025-12-16,Store_C,Bread_400g,Bakery,35.0,35.0,0,137
2025-12-17,Store_C,Bread_400g,Bakery,35.0,35.0,0,128
2025-12-18,Store_C,Bread_400g,Bakery,40.13,35.0,0,112
2025-12-19,Store_C,Bread_400g,Bakery,35.0,35.0,0,177
2025-12-20,Store_C,Bread_400g,Bakery,35.0,35.0,0,198
2025-12-21,Store_C,Bread_400g,Bakery,28.75,35.0,1,322
2025-12-22,Store_C,Bread_400g,Bakery,35.0,35.0,0,143
2025-12-23,Store_C,Bread_400g,Bakery,39.5,35.0,0,113
2025-12-24,Store_C,Bread_400g,Bakery,35.0,35.0,0,123
2025-12-25,Store_C,Bread_400g,Bakery,35.0,35.0,0,157
2025-12-26,Store_C,Bread_400g,Bakery,35.0,35.0,0,194
2025-12-27,Store_C,Bread_400g,Bakery,35.0,35.0,0,231
2025-12-28,Store_C,Bread_400g,Bakery,35.0,35.0,0,193
2025-12-29,Store_C,Bread_400g,Bakery,35.0,35.0,0,116
2025-12-30,Store_C,Bread_400g,Bakery,35.0,35.0,0,134
2024-01-01,Store_C,Eggs_12pk,Dairy,80.0,80.0,0,42
2024-01-02,Store_C,Eggs_12pk,Dairy,80.0,80.0,0,40
2024-01-03,Store_C,Eggs_12pk,Dairy,82.0,80.0,0,41
2024-01-04,Store_C,Eggs_12pk,Dairy,80.0,80.0,0,46
2024-01-05,Store_C,Eggs_12pk,Dairy,65.44,80.0,0,62
2024-01-06,Store_C,Eggs_12pk,Dairy,80.0,80.0,0,66
2024-01-07,Store_C,Eggs_12pk,Dairy,80.0,80.0,0,58
2024-01-08,Store_C,Eggs_12pk,Dairy,80.0,80.0,0,41
2024-01-09,Store_C,Eggs_12pk,Dairy,80.0,80.0,0,42
2024-01-10,Store_C,Eggs_12pk,Dairy,73.95,80.0,0,45
2024-01-11,Store_C,Eggs_12pk,Dairy,80.0,80.0,0,49
2024-01-12,Store_C,Eggs_12pk,Dairy,80.0,80.0,0,54
2024-01-13,Store_C,Eggs_12pk,Dairy,80.0,80.0,0,72
2024-01-14,Store_C,Eggs_12pk,Dairy,86.56,80.0,0,55
2024-01-15,Store_C,Eggs_12pk,Dairy,64.35,80.0,0,56
2024-01-16,Store_C,Eggs_12pk,Dairy,80.0,80.0,0,42
2024-01-17,Store_C,Eggs_12pk,Dairy,80.0,80.0,0,43
2024-01-18,Store_C,Eggs_12pk,Dairy,87.13,80.0,0,35
2024-01-19,Store_C,Eggs_12pk,Dairy,80.0,80.0,0,49
2024-01-20,Store_C,Eggs_12pk,Dairy,80.0,80.0,0,61
2024-01-21,Store_C,Eggs_12pk,Dairy,80.0,80.0,1,85
2024-01-22,Store_C,Eggs_12pk,Dairy,67.14,80.0,0,57
2024-01-23,Store_C,Eggs_12pk,Dairy,80.0,80.0,0,35
2024-01-24,Store_C,Eggs_12pk,Dairy,84.19,80.0,0,39
2024-01-25,Store_C,Eggs_12pk,Dairy,80.0,80.0,0,57
2024-01-26,Store_C,Eggs_12pk,Dairy,79.9,80.0,0,54
2024-01-27,Store_C,Eggs_12pk,Dairy,80.0,80.0,0,62
2024-01-28,Store_C,Eggs_12pk,Dairy,80.0,80.0,0,56
2024-01-29,Store_C,Eggs_12pk,Dairy,80.0,80.0,0,43
2024-01-30,Store_C,Eggs_12pk,Dairy,80.0,80.0,0,39
2024-01-31,Store_C,Eggs_12pk,Dairy,80.0,80.0,0,40
2024-02-01,Store_C,Eggs_12pk,Dairy,66.32,80.0,0,58
2024-02-02,Store_C,Eggs_12pk,Dairy,80.0,80.0,0,60
2024-02-03,Store_C,Eggs_12pk,Dairy,80.0,80.0,0,58
2024-02-04,Store_C,Eggs_12pk,Dairy,80.0,80.0,0,54
2024-02-05,Store_C,Eggs_12pk,Dairy,64.74,80.0,0,57
2024-02-06,Store_C,Eggs_12pk,Dairy,80.0,80.0,0,36
2024-02-07,Store_C,Eggs_12pk,Dairy,67.31,80.0,0,51
2024-02-08,Store_C,Eggs_12pk,Dairy,91.15,80.0,0,39
2024-02-09,Store_C,Eggs_12pk,Dairy,80.0,80.0,0,69
2024-02-10,Store_C,Eggs_12pk,Dairy,80.0,80.0,0,62
2024-02-11,Store_C,Eggs_12pk,Dairy,80.0,80.0,0,48
2024-02-12,Store_C,Eggs_12pk,Dairy,80.0,80.0,0,42
2024-02-13,Store_C,Eggs_12pk,Dairy,80.0,80.0,1,60
2024-02-14,Store_C,Eggs_12pk,Dairy,80.0,80.0,0,40
2024-02-15,Store_C,Eggs_12pk,Dairy,80.0,80.0,0,45
2024-02-16,Store_C,Eggs_12pk,Dairy,80.0,80.0,0,51
2024-02-17,Store_C,Eggs_12pk,Dairy,80.0,80.0,0,73
2024-02-18,Store_C,Eggs_12pk,Dairy,80.0,80.0,0,58
2024-02-19,Store_C,Eggs_12pk,Dairy,70.63,80.0,0,52
2024-02-20,Store_C,Eggs_12pk,Dairy,80.0,80.0,0,40
2024-02-21,Store_C,Eggs_12pk,Dairy,89.75,80.0,0,40
2024-02-22,Store_C,Eggs_12pk,Dairy,80.0,80.0,1,64
2024-02-23,Store_C,Eggs_12pk,Dairy,80.0,80.0,0,59
2024-02-24,Store_C,Eggs_12pk,Dairy,80.0,80.0,0,60
2024-02-25,Store_C,Eggs_12pk,Dairy,80.0,80.0,0,53
2024-02-26,Store_C,Eggs_12pk,Dairy,80.0,80.0,1,62
2024-02-27,Store_C,Eggs_12pk,Dairy,80.0,80.0,0,46
2024-02-28,Store_C,Eggs_12pk,Dairy,80.0,80.0,0,43
2024-02-29,Store_C,Eggs_12pk,Dairy,80.0,80.0,0,43
2024-03-01,Store_C,Eggs_12pk,Dairy,80.0,80.0,0,50
2024-03-02,Store_C,Eggs_12pk,Dairy,80.0,80.0,0,63
2024-03-03,Store_C,Eggs_12pk,Dairy,80.0,80.0,0,59
2024-03-04,Store_C,Eggs_12pk,Dairy,80.0,80.0,0,42
2024-03-05,Store_C,Eggs_12pk,Dairy,80.0,80.0,0,39
2024-03-06,Store_C,Eggs_12pk,Dairy,80.0,80.0,0,40
2024-03-07,Store_C,Eggs_12pk,Dairy,80.0,80.0,0,36
2024-03-08,Store_C,Eggs_12pk,Dairy,80.0,80.0,0,58
2024-03-09,Store_C,Eggs_12pk,Dairy,80.0,80.0,0,59
2024-03-10,Store_C,Eggs_12pk,Dairy,80.0,80.0,0,58
2024-03-11,Store_C,Eggs_12pk,Dairy,80.0,80.0,0,44
2024-03-12,Store_C,Eggs_12pk,Dairy,80.0,80.0,0,44
2024-03-13,Store_C,Eggs_12pk,Dairy,80.0,80.0,0,36
2024-03-14,Store_C,Eggs_12pk,Dairy,80.0,80.0,0,44
2024-03-15,Store_C,Eggs_12pk,Dairy,70.13,80.0,0,65
2024-03-16,Store_C,Eggs_12pk,Dairy,83.3,80.0,0,66
2024-03-17,Store_C,Eggs_12pk,Dairy,80.0,80.0,0,52
2024-03-18,Store_C,Eggs_12pk,Dairy,80.0,80.0,0,46
2024-03-19,Store_C,Eggs_12pk,Dairy,80.0,80.0,0,36
2024-03-20,Store_C,Eggs_12pk,Dairy,80.0,80.0,0,50
2024-03-21,Store_C,Eggs_12pk,Dairy,80.0,80.0,0,43
2024-03-22,Store_C,Eggs_12pk,Dairy,80.0,80.0,0,48
2024-03-23,Store_C,Eggs_12pk,Dairy,80.0,80.0,0,53
2024-03-24,Store_C,Eggs_12pk,Dairy,86.5,80.0,1,68
2024-03-25,Store_C,Eggs_12pk,Dairy,80.0,80.0,0,46
2024-03-26,Store_C,Eggs_12pk,Dairy,80.0,80.0,0,37
2024-03-27,Store_C,Eggs_12pk,Dairy,80.0,80.0,0,40
2024-03-28,Store_C,Eggs_12pk,Dairy,80.0,80.0,0,46
2024-03-29,Store_C,Eggs_12pk,Dairy,87.5,80.0,0,44
2024-03-30,Store_C,Eggs_12pk,Dairy,80.0,80.0,0,70
2024-03-31,Store_C,Eggs_12pk,Dairy,86.88,80.0,0,50
2024-04-01,Store_C,Eggs_12pk,Dairy,86.36,80.0,0,36
2024-04-02,Store_C,Eggs_12pk,Dairy,80.0,80.0,0,41
2024-04-03,Store_C,Eggs_12pk,Dairy,72.91,80.0,0,43
2024-04-04,Store_C,Eggs_12pk,Dairy,80.0,80.0,0,46
2024-04-05,Store_C,Eggs_12pk,Dairy,80.0,80.0,0,45
2024-04-06,Store_C,Eggs_12pk,Dairy,80.0,80.0,0,66
2024-04-07,Store_C,Eggs_12pk,Dairy,80.0,80.0,1,83
2024-04-08,Store_C,Eggs_12pk,Dairy,77.04,80.0,0,38
2024-04-09,Store_C,Eggs_12pk,Dairy,72.19,80.0,0,49
2024-04-10,Store_C,Eggs_12pk,Dairy,80.0,80.0,0,38
2024-04-11,Store_C,Eggs_12pk,Dairy,80.0,80.0,0,41
2024-04-12,Store_C,Eggs_12pk,Dairy,69.46,80.0,0,67
2024-04-13,Store_C,Eggs_12pk,Dairy,80.0,80.0,0,59
2024-04-14,Store_C,Eggs_12pk,Dairy,80.0,80.0,0,49
2024-04-15,Store_C,Eggs_12pk,Dairy,80.0,80.0,0,44
2024-04-16,Store_C,Eggs_12pk,Dairy,80.0,80.0,0,41
2024-04-17,Store_C,Eggs_12pk,Dairy,80.0,80.0,0,39
2024-04-18,Store_C,Eggs_12pk,Dairy,80.0,80.0,0,42
2024-04-19,Store_C,Eggs_12pk,Dairy,80.0,80.0,0,53
2024-04-20,Store_C,Eggs_12pk,Dairy,80.0,80.0,1,83
2024-04-21,Store_C,Eggs_12pk,Dairy,80.0,80.0,0,46
2024-04-22,Store_C,Eggs_12pk,Dairy,80.0,80.0,0,43
2024-04-23,Store_C,Eggs_12pk,Dairy,70.6,80.0,1,67
2024-04-24,Store_C,Eggs_12pk,Dairy,80.0,80.0,0,39
2024-04-25,Store_C,Eggs_12pk,Dairy,80.0,80.0,0,40
2024-04-26,Store_C,Eggs_12pk,Dairy,80.0,80.0,0,51
2024-04-27,Store_C,Eggs_12pk,Dairy,80.0,80.0,0,57
2024-04-28,Store_C,Eggs_12pk,Dairy,80.0,80.0,0,57
2024-04-29,Store_C,Eggs_12pk,Dairy,80.0,80.0,0,36
2024-04-30,Store_C,Eggs_12pk,Dairy,80.0,80.0,0,36
2024-05-01,Store_C,Eggs_12pk,Dairy,64.93,80.0,0,45
2024-05-02,Store_C,Eggs_12pk,Dairy,80.0,80.0,0,40
2024-05-03,Store_C,Eggs_12pk,Dairy,80.39,80.0,0,50
2024-05-04,Store_C,Eggs_12pk,Dairy,80.0,80.0,0,49
2024-05-05,Store_C,Eggs_12pk,Dairy,89.6,80.0,0,47
2024-05-06,Store_C,Eggs_12pk,Dairy,80.0,80.0,0,31
2024-05-07,Store_C,Eggs_12pk,Dairy,80.0,80.0,0,33
2024-05-08,Store_C,Eggs_12pk,Dairy,80.0,80.0,0,34
2024-05-09,Store_C,Eggs_12pk,Dairy,66.08,80.0,0,50
2024-05-10,Store_C,Eggs_12pk,Dairy,80.0,80.0,0,53
2024-05-11,Store_C,Eggs_12pk,Dairy,66.59,80.0,0,78
2024-05-12,Store_C,Eggs_12pk,Dairy,80.0,80.0,0,52
2024-05-13,Store_C,Eggs_12pk,Dairy,78.62,80.0,0,35
2024-05-14,Store_C,Eggs_12pk,Dairy,80.0,80.0,0,37
2024-05-15,Store_C,Eggs_12pk,Dairy,80.0,80.0,0,35
2024-05-16,Store_C,Eggs_12pk,Dairy,80.0,80.0,0,36
2024-05-17,Store_C,Eggs_12pk,Dairy,80.0,80.0,0,48
2024-05-18,Store_C,Eggs_12pk,Dairy,80.0,80.0,0,54
2024-05-19,Store_C,Eggs_12pk,Dairy,80.0,80.0,0,51
2024-05-20,Store_C,Eggs_12pk,Dairy,80.0,80.0,0,33
2024-05-21,Store_C,Eggs_12pk,Dairy,80.0,80.0,1,48
2024-05-22,Store_C,Eggs_12pk,Dairy,80.0,80.0,0,34
2024-05-23,Store_C,Eggs_12pk,Dairy,72.06,80.0,0,42
2024-05-24,Store_C,Eggs_12pk,Dairy,84.07,80.0,0,42
2024-05-25,Store_C,Eggs_12pk,Dairy,80.0,80.0,0,54
2024-05-26,Store_C,Eggs_12pk,Dairy,80.0,80.0,0,39
2024-05-27,Store_C,Eggs_12pk,Dairy,80.0,80.0,1,44
2024-05-28,Store_C,Eggs_12pk,Dairy,80.0,80.0,0,34
2024-05-29,Store_C,Eggs_12pk,Dairy,78.7,80.0,0,34
2024-05-30,Store_C,Eggs_12pk,Dairy,80.0,80.0,0,43
2024-05-31,Store_C,Eggs_12pk,Dairy,70.22,80.0,0,50
2024-06-01,Store_C,Eggs_12pk,Dairy,80.0,80.0,0,50
2024-06-02,Store_C,Eggs_12pk,Dairy,80.0,80.0,1,56
2024-06-03,Store_C,Eggs_12pk,Dairy,80.0,80.0,0,39
2024-06-04,Store_C,Eggs_12pk,Dairy,80.0,80.0,0,34
2024-06-05,Store_C,Eggs_12pk,Dairy,80.0,80.0,0,34
2024-06-06,Store_C,Eggs_12pk,Dairy,80.0,80.0,0,32
2024-06-07,Store_C,Eggs_12pk,Dairy,80.0,80.0,0,46
2024-06-08,Store_C,Eggs_12pk,Dairy,78.35,80.0,0,48
2024-06-09,Store_C,Eggs_12pk,Dairy,80.0,80.0,0,45
2024-06-10,Store_C,Eggs_12pk,Dairy,80.0,80.0,0,35
2024-06-11,Store_C,Eggs_12pk,Dairy,80.0,80.0,0,33
2024-06-12,Store_C,Eggs_12pk,Dairy,80.0,80.0,0,36
2024-06-13,Store_C,Eggs_12pk,Dairy,70.23,80.0,0,44
2024-06-14,Store_C,Eggs_12pk,Dairy,70.08,80.0,0,51
2024-06-15,Store_C,Eggs_12pk,Dairy,80.0,80.0,0,46
2024-06-16,Store_C,Eggs_12pk,Dairy,91.49,80.0,1,51
2024-06-17,Store_C,Eggs_12pk,Dairy,80.0,80.0,0,33
2024-06-18,Store_C,Eggs_12pk,Dairy,80.0,80.0,0,35
2024-06-19,Store_C,Eggs_12pk,Dairy,80.0,80.0,0,34
2024-06-20,Store_C,Eggs_12pk,Dairy,65.02,80.0,0,50
2024-06-21,Store_C,Eggs_12pk,Dairy,74.25,80.0,0,49
2024-06-22,Store_C,Eggs_12pk,Dairy,80.0,80.0,0,57
2024-06-23,Store_C,Eggs_12pk,Dairy,80.0,80.0,0,44
2024-06-24,Store_C,Eggs_12pk,Dairy,80.0,80.0,0,35
2024-06-25,Store_C,Eggs_12pk,Dairy,67.27,80.0,0,38
2024-06-26,Store_C,Eggs_12pk,Dairy,80.0,80.0,0,32
2024-06-27,Store_C,Eggs_12pk,Dairy,91.1,80.0,0,33
2024-06-28,Store_C,Eggs_12pk,Dairy,80.0,80.0,0,44
2024-06-29,Store_C,Eggs_12pk,Dairy,80.0,80.0,0,50
2024-06-30,Store_C,Eggs_12pk,Dairy,80.0,80.0,0,51
2024-07-01,Store_C,Eggs_12pk,Dairy,80.0,80.0,0,38
2024-07-02,Store_C,Eggs_12pk,Dairy,80.0,80.0,1,41
2024-07-03,Store_C,Eggs_12pk,Dairy,80.0,80.0,0,30
2024-07-04,Store_C,Eggs_12pk,Dairy,80.0,80.0,0,35
2024-07-05,Store_C,Eggs_12pk,Dairy,81.5,80.0,0,46
2024-07-06,Store_C,Eggs_12pk,Dairy,80.0,80.0,0,50
2024-07-07,Store_C,Eggs_12pk,Dairy,80.0,80.0,0,42
2024-07-08,Store_C,Eggs_12pk,Dairy,80.0,80.0,0,31
2024-07-09,Store_C,Eggs_12pk,Dairy,80.0,80.0,0,32
2024-07-10,Store_C,Eggs_12pk,Dairy,80.0,80.0,0,32
2024-07-11,Store_C,Eggs_12pk,Dairy,80.0,80.0,0,32
2024-07-12,Store_C,Eggs_12pk,Dairy,80.0,80.0,1,50
2024-07-13,Store_C,Eggs_12pk,Dairy,89.24,80.0,0,40
2024-07-14,Store_C,Eggs_12pk,Dairy,80.0,80.0,0,46
2024-07-15,Store_C,Eggs_12pk,Dairy,80.0,80.0,0,36
2024-07-16,Store_C,Eggs_12pk,Dairy,80.0,80.0,0,29
2024-07-17,Store_C,Eggs_12pk,Dairy,79.37,80.0,0,32
2024-07-18,Store_C,Eggs_12pk,Dairy,80.0,80.0,0,32
2024-07-19,Store_C,Eggs_12pk,Dairy,80.0,80.0,0,44
2024-07-20,Store_C,Eggs_12pk,Dairy,80.0,80.0,0,54
2024-07-21,Store_C,Eggs_12pk,Dairy,80.0,80.0,0,45
2024-07-22,Store_C,Eggs_12pk,Dairy,80.0,80.0,0,29
2024-07-23,Store_C,Eggs_12pk,Dairy,80.0,80.0,1,40
2024-07-24,Store_C,Eggs_12pk,Dairy,80.0,80.0,1,48
2024-07-25,Store_C,Eggs_12pk,Dairy,80.73,80.0,0,35
2024-07-26,Store_C,Eggs_12pk,Dairy,67.7,80.0,0,50
2024-07-27,Store_C,Eggs_12pk,Dairy,80.0,80.0,0,48
2024-07-28,Store_C,Eggs_12pk,Dairy,80.0,80.0,0,47
2024-07-29,Store_C,Eggs_12pk,Dairy,80.0,80.0,0,36
2024-07-30,Store_C,Eggs_12pk,Dairy,80.0,80.0,0,32
2024-07-31,Store_C,Eggs_12pk,Dairy,80.0,80.0,0,36
2024-08-01,Store_C,Eggs_12pk,Dairy,80.0,80.0,0,31
2024-08-02,Store_C,Eggs_12pk,Dairy,78.89,80.0,0,43
2024-08-03,Store_C,Eggs_12pk,Dairy,87.22,80.0,0,46
2024-08-04,Store_C,Eggs_12pk,Dairy,80.0,80.0,0,43
2024-08-05,Store_C,Eggs_12pk,Dairy,84.7,80.0,0,32
2024-08-06,Store_C,Eggs_12pk,Dairy,80.0,80.0,1,40
2024-08-07,Store_C,Eggs_12pk,Dairy,80.0,80.0,0,33
2024-08-08,Store_C,Eggs_12pk,Dairy,80.0,80.0,0,36
2024-08-09,Store_C,Eggs_12pk,Dairy,80.0,80.0,1,58
2024-08-10,Store_C,Eggs_12pk,Dairy,80.0,80.0,0,51
2024-08-11,Store_C,Eggs_12pk,Dairy,80.0,80.0,0,41
2024-08-12,Store_C,Eggs_12pk,Dairy,80.0,80.0,0,29
2024-08-13,Store_C,Eggs_12pk,Dairy,80.0,80.0,0,29
2024-08-14,Store_C,Eggs_12pk,Dairy,80.0,80.0,0,27
2024-08-15,Store_C,Eggs_12pk,Dairy,80.0,80.0,0,31
2024-08-16,Store_C,Eggs_12pk,Dairy,80.0,80.0,0,44
2024-08-17,Store_C,Eggs_12pk,Dairy,66.95,80.0,0,69
2024-08-18,Store_C,Eggs_12pk,Dairy,80.0,80.0,0,44
2024-08-19,Store_C,Eggs_12pk,Dairy,80.0,80.0,0,33
2024-08-20,Store_C,Eggs_12pk,Dairy,80.0,80.0,0,32
2024-08-21,Store_C,Eggs_12pk,Dairy,80.0,80.0,0,37
2024-08-22,Store_C,Eggs_12pk,Dairy,80.0,80.0,0,34
2024-08-23,Store_C,Eggs_12pk,Dairy,80.0,80.0,0,45
2024-08-24,Store_C,Eggs_12pk,Dairy,80.0,80.0,0,53
2024-08-25,Store_C,Eggs_12pk,Dairy,80.0,80.0,1,71
2024-08-26,Store_C,Eggs_12pk,Dairy,65.32,80.0,0,47
2024-08-27,Store_C,Eggs_12pk,Dairy,88.66,80.0,0,29
2024-08-28,Store_C,Eggs_12pk,Dairy,80.0,80.0,0,33
2024-08-29,Store_C,Eggs_12pk,Dairy,80.0,80.0,0,35
2024-08-30,Store_C,Eggs_12pk,Dairy,80.0,80.0,1,55
2024-08-31,Store_C,Eggs_12pk,Dairy,80.0,80.0,0,60
2024-09-01,Store_C,Eggs_12pk,Dairy,80.0,80.0,0,46
2024-09-02,Store_C,Eggs_12pk,Dairy,80.0,80.0,0,35
2024-09-03,Store_C,Eggs_12pk,Dairy,80.0,80.0,0,35
2024-09-04,Store_C,Eggs_12pk,Dairy,80.0,80.0,1,47
2024-09-05,Store_C,Eggs_12pk,Dairy,80.0,80.0,0,36
2024-09-06,Store_C,Eggs_12pk,Dairy,80.0,80.0,0,46
2024-09-07,Store_C,Eggs_12pk,Dairy,80.0,80.0,0,54
2024-09-08,Store_C,Eggs_12pk,Dairy,80.0,80.0,1,70
2024-09-09,Store_C,Eggs_12pk,Dairy,67.71,80.0,0,44
2024-09-10,Store_C,Eggs_12pk,Dairy,80.0,80.0,0,35
2024-09-11,Store_C,Eggs_12pk,Dairy,83.72,80.0,1,42
2024-09-12,Store_C,Eggs_12pk,Dairy,80.0,80.0,0,42
2024-09-13,Store_C,Eggs_12pk,Dairy,80.0,80.0,0,53
2024-09-14,Store_C,Eggs_12pk,Dairy,80.0,80.0,0,54
2024-09-15,Store_C,Eggs_12pk,Dairy,80.0,80.0,0,47
2024-09-16,Store_C,Eggs_12pk,Dairy,80.0,80.0,0,39
2024-09-17,Store_C,Eggs_12pk,Dairy,80.54,80.0,0,35
2024-09-18,Store_C,Eggs_12pk,Dairy,80.0,80.0,0,40
2024-09-19,Store_C,Eggs_12pk,Dairy,85.67,80.0,0,31
2024-09-20,Store_C,Eggs_12pk,Dairy,80.0,80.0,0,48
2024-09-21,Store_C,Eggs_12pk,Dairy,80.0,80.0,0,59
2024-09-22,Store_C,Eggs_12pk,Dairy,80.0,80.0,0,43
2024-09-23,Store_C,Eggs_12pk,Dairy,80.0,80.0,0,35
2024-09-24,Store_C,Eggs_12pk,Dairy,84.52,80.0,0,32
2024-09-25,Store_C,Eggs_12pk,Dairy,80.0,80.0,0,38
2024-09-26,Store_C,Eggs_12pk,Dairy,80.0,80.0,0,33
2024-09-27,Store_C,Eggs_12pk,Dairy,80.0,80.0,0,49
2024-09-28,Store_C,Eggs_12pk,Dairy,80.0,80.0,0,54
2024-09-29,Store_C,Eggs_12pk,Dairy,80.0,80.0,0,52
2024-09-30,Store_C,Eggs_12pk,Dairy,80.0,80.0,0,37
2024-10-01,Store_C,Eggs_12pk,Dairy,80.0,80.0,0,49
2024-10-02,Store_C,Eggs_12pk,Dairy,80.0,80.0,0,55
2024-10-03,Store_C,Eggs_12pk,Dairy,80.0,80.0,0,54
2024-10-04,Store_C,Eggs_12pk,Dairy,85.41,80.0,0,61
2024-10-05,Store_C,Eggs_12pk,Dairy,80.0,80.0,0,73
2024-10-06,Store_C,Eggs_12pk,Dairy,69.69,80.0,0,83
2024-10-07,Store_C,Eggs_12pk,Dairy,80.0,80.0,0,53
2024-10-08,Store_C,Eggs_12pk,Dairy,86.54,80.0,0,44
2024-10-09,Store_C,Eggs_12pk,Dairy,80.0,80.0,0,52
2024-10-10,Store_C,Eggs_12pk,Dairy,80.0,80.0,0,47
2024-10-11,Store_C,Eggs_12pk,Dairy,80.0,80.0,0,66
2024-10-12,Store_C,Eggs_12pk,Dairy,80.0,80.0,0,79
2024-10-13,Store_C,Eggs_12pk,Dairy,80.0,80.0,0,80
2024-10-14,Store_C,Eggs_12pk,Dairy,80.0,80.0,0,57
2024-10-15,Store_C,Eggs_12pk,Dairy,80.0,80.0,0,49
2024-10-16,Store_C,Eggs_12pk,Dairy,80.0,80.0,1,84
2024-10-17,Store_C,Eggs_12pk,Dairy,80.0,80.0,0,60
2024-10-18,Store_C,Eggs_12pk,Dairy,72.73,80.0,0,79
2024-10-19,Store_C,Eggs_12pk,Dairy,80.0,80.0,1,109
2024-10-20,Store_C,Eggs_12pk,Dairy,80.0,80.0,0,74
2024-10-21,Store_C,Eggs_12pk,Dairy,80.0,80.0,0,58
2024-10-22,Store_C,Eggs_12pk,Dairy,81.23,80.0,0,50
2024-10-23,Store_C,Eggs_12pk,Dairy,80.0,80.0,0,61
2024-10-24,Store_C,Eggs_12pk,Dairy,80.0,80.0,0,54
2024-10-25,Store_C,Eggs_12pk,Dairy,80.0,80.0,0,72
2024-10-26,Store_C,Eggs_12pk,Dairy,73.87,80.0,0,95
2024-10-27,Store_C,Eggs_12pk,Dairy,80.0,80.0,0,77
2024-10-28,Store_C,Eggs_12pk,Dairy,80.0,80.0,0,57
2024-10-29,Store_C,Eggs_12pk,Dairy,80.0,80.0,0,51
2024-10-30,Store_C,Eggs_12pk,Dairy,80.0,80.0,0,58
2024-10-31,Store_C,Eggs_12pk,Dairy,80.0,80.0,0,61
2024-11-01,Store_C,Eggs_12pk,Dairy,80.0,80.0,0,68
2024-11-02,Store_C,Eggs_12pk,Dairy,80.0,80.0,0,77
2024-11-03,Store_C,Eggs_12pk,Dairy,80.0,80.0,0,82
2024-11-04,Store_C,Eggs_12pk,Dairy,80.0,80.0,0,56
2024-11-05,Store_C,Eggs_12pk,Dairy,80.0,80.0,0,54
2024-11-06,Store_C,Eggs_12pk,Dairy,64.49,80.0,0,72
2024-11-07,Store_C,Eggs_12pk,Dairy,80.0,80.0,0,60
2024-11-08,Store_C,Eggs_12pk,Dairy,80.0,80.0,1,100
2024-11-09,Store_C,Eggs_12pk,Dairy,80.0,80.0,0,88
2024-11-10,Store_C,Eggs_12pk,Dairy,80.0,80.0,0,73
2024-11-11,Store_C,Eggs_12pk,Dairy,80.0,80.0,0,56
2024-11-12,Store_C,Eggs_12pk,Dairy,80.0,80.0,0,46
2024-11-13,Store_C,Eggs_12pk,Dairy,80.0,80.0,0,54
2024-11-14,Store_C,Eggs_12pk,Dairy,80.0,80.0,0,74
2024-11-15,Store_C,Eggs_12pk,Dairy,80.0,80.0,0,83
2024-11-16,Store_C,Eggs_12pk,Dairy,80.0,80.0,0,96
2024-11-17,Store_C,Eggs_12pk,Dairy,80.8,80.0,0,84
2024-11-18,Store_C,Eggs_12pk,Dairy,67.84,80.0,0,73
2024-11-19,Store_C,Eggs_12pk,Dairy,80.0,80.0,0,56
2024-11-20,Store_C,Eggs_12pk,Dairy,80.0,80.0,0,68
2024-11-21,Store_C,Eggs_12pk,Dairy,80.0,80.0,1,93
2024-11-22,Store_C,Eggs_12pk,Dairy,80.0,80.0,0,85
2024-11-23,Store_C,Eggs_12pk,Dairy,80.0,80.0,0,93
2024-11-24,Store_C,Eggs_12pk,Dairy,80.0,80.0,0,69
2024-11-25,Store_C,Eggs_12pk,Dairy,80.0,80.0,0,56
2024-11-26,Store_C,Eggs_12pk,Dairy,80.0,80.0,0,53
2024-11-27,Store_C,Eggs_12pk,Dairy,80.0,80.0,0,60
2024-11-28,Store_C,Eggs_12pk,Dairy,80.0,80.0,0,58
2024-11-29,Store_C,Eggs_12pk,Dairy,80.0,80.0,0,69
2024-11-30,Store_C,Eggs_12pk,Dairy,80.0,80.0,0,91
2024-12-01,Store_C,Eggs_12pk,Dairy,80.0,80.0,0,67
2024-12-02,Store_C,Eggs_12pk,Dairy,80.0,80.0,0,48
2024-12-03,Store_C,Eggs_12pk,Dairy,80.0,80.0,0,52
2024-12-04,Store_C,Eggs_12pk,Dairy,80.0,80.0,0,53
2024-12-05,Store_C,Eggs_12pk,Dairy,73.48,80.0,0,61
2024-12-06,Store_C,Eggs_12pk,Dairy,80.0,80.0,0,63
2024-12-07,Store_C,Eggs_12pk,Dairy,80.0,80.0,0,73
2024-12-08,Store_C,Eggs_12pk,Dairy,80.0,80.0,0,74
2024-12-09,Store_C,Eggs_12pk,Dairy,80.0,80.0,0,51
2024-12-10,Store_C,Eggs_12pk,Dairy,80.0,80.0,0,51
2024-12-11,Store_C,Eggs_12pk,Dairy,80.0,80.0,0,49
2024-12-12,Store_C,Eggs_12pk,Dairy,80.0,80.0,0,55
2024-12-13,Store_C,Eggs_12pk,Dairy,80.0,80.0,0,71
2024-12-14,Store_C,Eggs_12pk,Dairy,80.0,80.0,0,88
2024-12-15,Store_C,Eggs_12pk,Dairy,80.0,80.0,0,79
2024-12-16,Store_C,Eggs_12pk,Dairy,80.0,80.0,0,58
2024-12-17,Store_C,Eggs_12pk,Dairy,80.0,80.0,0,61
2024-12-18,Store_C,Eggs_12pk,Dairy,78.6,80.0,0,55
2024-12-19,Store_C,Eggs_12pk,Dairy,80.0,80.0,0,63
2024-12-20,Store_C,Eggs_12pk,Dairy,84.63,80.0,0,70
2024-12-21,Store_C,Eggs_12pk,Dairy,80.0,80.0,1,104
2024-12-22,Store_C,Eggs_12pk,Dairy,84.78,80.0,0,67
2024-12-23,Store_C,Eggs_12pk,Dairy,89.51,80.0,1,61
2024-12-24,Store_C,Eggs_12pk,Dairy,80.0,80.0,0,57
2024-12-25,Store_C,Eggs_12pk,Dairy,80.0,80.0,0,63
2024-12-26,Store_C,Eggs_12pk,Dairy,80.0,80.0,0,59
2024-12-27,Store_C,Eggs_12pk,Dairy,80.0,80.0,0,82
2024-12-28,Store_C,Eggs_12pk,Dairy,80.0,80.0,0,96
2024-12-29,Store_C,Eggs_12pk,Dairy,80.0,80.0,0,82
2024-12-30,Store_C,Eggs_12pk,Dairy,80.0,80.0,0,59
2024-12-31,Store_C,Eggs_12pk,Dairy,80.0,80.0,0,53
2025-01-01,Store_C,Eggs_12pk,Dairy,80.0,80.0,0,47
2025-01-02,Store_C,Eggs_12pk,Dairy,80.0,80.0,0,48
2025-01-03,Store_C,Eggs_12pk,Dairy,80.0,80.0,0,61
2025-01-04,Store_C,Eggs_12pk,Dairy,80.0,80.0,0,58
2025-01-05,Store_C,Eggs_12pk,Dairy,80.0,80.0,0,69
2025-01-06,Store_C,Eggs_12pk,Dairy,80.0,80.0,0,54
2025-01-07,Store_C,Eggs_12pk,Dairy,80.0,80.0,0,37
2025-01-08,Store_C,Eggs_12pk,Dairy,80.0,80.0,0,49
2025-01-09,Store_C,Eggs_12pk,Dairy,80.0,80.0,0,54
2025-01-10,Store_C,Eggs_12pk,Dairy,80.0,80.0,0,59
2025-01-11,Store_C,Eggs_12pk,Dairy,64.19,80.0,0,89
2025-01-12,Store_C,Eggs_12pk,Dairy,80.0,80.0,0,62
2025-01-13,Store_C,Eggs_12pk,Dairy,80.0,80.0,1,64
2025-01-14,Store_C,Eggs_12pk,Dairy,80.0,80.0,0,39
2025-01-15,Store_C,Eggs_12pk,Dairy,80.0,80.0,0,50
2025-01-16,Store_C,Eggs_12pk,Dairy,80.0,80.0,0,47
2025-01-17,Store_C,Eggs_12pk,Dairy,80.0,80.0,0,56
2025-01-18,Store_C,Eggs_12pk,Dairy,80.0,80.0,0,66
2025-01-19,Store_C,Eggs_12pk,Dairy,80.0,80.0,0,62
2025-01-20,Store_C,Eggs_12pk,Dairy,80.0,80.0,0,44
2025-01-21,Store_C,Eggs_12pk,Dairy,80.0,80.0,0,42
2025-01-22,Store_C,Eggs_12pk,Dairy,80.0,80.0,0,44
2025-01-23,Store_C,Eggs_12pk,Dairy,80.0,80.0,1,68
2025-01-24,Store_C,Eggs_12pk,Dairy,80.0,80.0,0,57
2025-01-25,Store_C,Eggs_12pk,Dairy,80.0,80.0,0,65
2025-01-26,Store_C,Eggs_12pk,Dairy,80.0,80.0,0,70
2025-01-27,Store_C,Eggs_12pk,Dairy,80.0,80.0,0,45
2025-01-28,Store_C,Eggs_12pk,Dairy,80.0,80.0,0,49
2025-01-29,Store_C,Eggs_12pk,Dairy,80.0,80.0,0,54
2025-01-30,Store_C,Eggs_12pk,Dairy,82.87,80.0,0,45
2025-01-31,Store_C,Eggs_12pk,Dairy,91.17,80.0,0,48
2025-02-01,Store_C,Eggs_12pk,Dairy,80.0,80.0,0,71
2025-02-02,Store_C,Eggs_12pk,Dairy,80.0,80.0,0,62
2025-02-03,Store_C,Eggs_12pk,Dairy,80.0,80.0,0,43
2025-02-04,Store_C,Eggs_12pk,Dairy,80.0,80.0,1,59
2025-02-05,Store_C,Eggs_12pk,Dairy,77.15,80.0,0,52
2025-02-06,Store_C,Eggs_12pk,Dairy,91.41,80.0,0,38
2025-02-07,Store_C,Eggs_12pk,Dairy,80.0,80.0,0,58
2025-02-08,Store_C,Eggs_12pk,Dairy,80.0,80.0,0,73
2025-02-09,Store_C,Eggs_12pk,Dairy,80.0,80.0,0,60
2025-02-10,Store_C,Eggs_12pk,Dairy,80.0,80.0,0,40
2025-02-11,Store_C,Eggs_12pk,Dairy,80.0,80.0,0,43
2025-02-12,Store_C,Eggs_12pk,Dairy,80.0,80.0,0,44
2025-02-13,Store_C,Eggs_12pk,Dairy,80.0,80.0,0,47
2025-02-14,Store_C,Eggs_12pk,Dairy,80.0,80.0,0,60
2025-02-15,Store_C,Eggs_12pk,Dairy,80.0,80.0,0,68
2025-02-16,Store_C,Eggs_12pk,Dairy,77.24,80.0,0,68
2025-02-17,Store_C,Eggs_12pk,Dairy,80.0,80.0,0,50
2025-02-18,Store_C,Eggs_12pk,Dairy,80.0,80.0,0,41
2025-02-19,Store_C,Eggs_12pk,Dairy,80.0,80.0,0,50
2025-02-20,Store_C,Eggs_12pk,Dairy,80.0,80.0,0,47
2025-02-21,Store_C,Eggs_12pk,Dairy,77.15,80.0,0,63
2025-02-22,Store_C,Eggs_12pk,Dairy,80.0,80.0,0,61
2025-02-23,Store_C,Eggs_12pk,Dairy,77.99,80.0,0,60
2025-02-24,Store_C,Eggs_12pk,Dairy,80.0,80.0,0,48
2025-02-25,Store_C,Eggs_12pk,Dairy,64.18,80.0,0,59
2025-02-26,Store_C,Eggs_12pk,Dairy,80.0,80.0,0,45
2025-02-27,Store_C,Eggs_12pk,Dairy,80.0,80.0,0,52
2025-02-28,Store_C,Eggs_12pk,Dairy,80.0,80.0,0,61
2025-03-01,Store_C,Eggs_12pk,Dairy,80.0,80.0,0,66
2025-03-02,Store_C,Eggs_12pk,Dairy,80.0,80.0,0,59
2025-03-03,Store_C,Eggs_12pk,Dairy,80.0,80.0,0,40
2025-03-04,Store_C,Eggs_12pk,Dairy,80.0,80.0,0,38
2025-03-05,Store_C,Eggs_12pk,Dairy,80.0,80.0,0,45
2025-03-06,Store_C,Eggs_12pk,Dairy,87.26,80.0,0,43
2025-03-07,Store_C,Eggs_12pk,Dairy,80.0,80.0,0,62
2025-03-08,Store_C,Eggs_12pk,Dairy,80.0,80.0,0,60
2025-03-09,Store_C,Eggs_12pk,Dairy,74.39,80.0,0,62
2025-03-10,Store_C,Eggs_12pk,Dairy,80.0,80.0,0,45
2025-03-11,Store_C,Eggs_12pk,Dairy,80.0,80.0,0,42
2025-03-12,Store_C,Eggs_12pk,Dairy,80.0,80.0,0,42
2025-03-13,Store_C,Eggs_12pk,Dairy,80.0,80.0,0,49
2025-03-14,Store_C,Eggs_12pk,Dairy,80.0,80.0,0,61
2025-03-15,Store_C,Eggs_12pk,Dairy,68.45,80.0,0,71
2025-03-16,Store_C,Eggs_12pk,Dairy,80.0,80.0,0,65
2025-03-17,Store_C,Eggs_12pk,Dairy,80.0,80.0,0,48
2025-03-18,Store_C,Eggs_12pk,Dairy,80.0,80.0,0,38
2025-03-19,Store_C,Eggs_12pk,Dairy,80.0,80.0,0,47
2025-03-20,Store_C,Eggs_12pk,Dairy,86.77,80.0,0,38
2025-03-21,Store_C,Eggs_12pk,Dairy,80.0,80.0,0,54
2025-03-22,Store_C,Eggs_12pk,Dairy,80.0,80.0,0,66
2025-03-23,Store_C,Eggs_12pk,Dairy,80.0,80.0,0,54
2025-03-24,Store_C,Eggs_12pk,Dairy,80.0,80.0,0,39
2025-03-25,Store_C,Eggs_12pk,Dairy,77.88,80.0,0,42
2025-03-26,Store_C,Eggs_12pk,Dairy,80.0,80.0,0,46
2025-03-27,Store_C,Eggs_12pk,Dairy,80.0,80.0,0,42
2025-03-28,Store_C,Eggs_12pk,Dairy,80.0,80.0,0,61
2025-03-29,Store_C,Eggs_12pk,Dairy,80.0,80.0,0,69
2025-03-30,Store_C,Eggs_12pk,Dairy,80.0,80.0,1,76
2025-03-31,Store_C,Eggs_12pk,Dairy,80.0,80.0,0,44
2025-04-01,Store_C,Eggs_12pk,Dairy,80.0,80.0,0,36
2025-04-02,Store_C,Eggs_12pk,Dairy,89.36,80.0,0,35
2025-04-03,Store_C,Eggs_12pk,Dairy,68.85,80.0,0,56
2025-04-04,Store_C,Eggs_12pk,Dairy,80.0,80.0,1,78
2025-04-05,Store_C,Eggs_12pk,Dairy,80.0,80.0,0,63
2025-04-06,Store_C,Eggs_12pk,Dairy,80.0,80.0,0,53
2025-04-07,Store_C,Eggs_12pk,Dairy,80.0,80.0,0,42
2025-04-08,Store_C,Eggs_12pk,Dairy,80.0,80.0,1,59
2025-04-09,Store_C,Eggs_12pk,Dairy,80.0,80.0,0,44
2025-04-10,Store_C,Eggs_12pk,Dairy,80.0,80.0,0,42
2025-04-11,Store_C,Eggs_12pk,Dairy,80.0,80.0,0,57
2025-04-12,Store_C,Eggs_12pk,Dairy,83.23,80.0,0,56
2025-04-13,Store_C,Eggs_12pk,Dairy,64.87,80.0,0,78
2025-04-14,Store_C,Eggs_12pk,Dairy,80.0,80.0,0,44
2025-04-15,Store_C,Eggs_12pk,Dairy,80.0,80.0,0,38
2025-04-16,Store_C,Eggs_12pk,Dairy,80.0,80.0,0,39
2025-04-17,Store_C,Eggs_12pk,Dairy,80.0,80.0,0,47
2025-04-18,Store_C,Eggs_12pk,Dairy,80.0,80.0,0,59
2025-04-19,Store_C,Eggs_12pk,Dairy,80.0,80.0,0,55
2025-04-20,Store_C,Eggs_12pk,Dairy,80.0,80.0,0,48
2025-04-21,Store_C,Eggs_12pk,Dairy,74.09,80.0,0,47
2025-04-22,Store_C,Eggs_12pk,Dairy,80.0,80.0,0,37
2025-04-23,Store_C,Eggs_12pk,Dairy,80.0,80.0,0,43
2025-04-24,Store_C,Eggs_12pk,Dairy,80.0,80.0,0,41
2025-04-25,Store_C,Eggs_12pk,Dairy,80.0,80.0,0,49
2025-04-26,Store_C,Eggs_12pk,Dairy,76.46,80.0,0,62
2025-04-27,Store_C,Eggs_12pk,Dairy,80.0,80.0,0,55
2025-04-28,Store_C,Eggs_12pk,Dairy,89.67,80.0,0,34
2025-04-29,Store_C,Eggs_12pk,Dairy,80.0,80.0,0,39
2025-04-30,Store_C,Eggs_12pk,Dairy,64.62,80.0,0,52
2025-05-01,Store_C,Eggs_12pk,Dairy,80.0,80.0,0,43
2025-05-02,Store_C,Eggs_12pk,Dairy,80.0,80.0,0,53
2025-05-03,Store_C,Eggs_12pk,Dairy,80.0,80.0,1,76
2025-05-04,Store_C,Eggs_12pk,Dairy,75.08,80.0,0,51
2025-05-05,Store_C,Eggs_12pk,Dairy,80.0,80.0,0,40
2025-05-06,Store_C,Eggs_12pk,Dairy,80.0,80.0,0,37
2025-05-07,Store_C,Eggs_12pk,Dairy,80.0,80.0,1,52
2025-05-08,Store_C,Eggs_12pk,Dairy,87.72,80.0,0,33
2025-05-09,Store_C,Eggs_12pk,Dairy,80.0,80.0,0,50
2025-05-10,Store_C,Eggs_12pk,Dairy,71.34,80.0,0,59
2025-05-11,Store_C,Eggs_12pk,Dairy,90.48,80.0,0,48
2025-05-12,Store_C,Eggs_12pk,Dairy,80.0,80.0,0,36
2025-05-13,Store_C,Eggs_12pk,Dairy,80.0,80.0,0,38
2025-05-14,Store_C,Eggs_12pk,Dairy,87.08,80.0,0,30
2025-05-15,Store_C,Eggs_12pk,Dairy,77.71,80.0,0,41
2025-05-16,Store_C,Eggs_12pk,Dairy,80.0,80.0,0,48
2025-05-17,Store_C,Eggs_12pk,Dairy,80.0,80.0,1,77
2025-05-18,Store_C,Eggs_12pk,Dairy,80.0,80.0,0,55
2025-05-19,Store_C,Eggs_12pk,Dairy,80.0,80.0,0,32
2025-05-20,Store_C,Eggs_12pk,Dairy,80.0,80.0,0,35
2025-05-21,Store_C,Eggs_12pk,Dairy,80.0,80.0,0,39
2025-05-22,Store_C,Eggs_12pk,Dairy,80.0,80.0,0,35
2025-05-23,Store_C,Eggs_12pk,Dairy,80.0,80.0,0,49
2025-05-24,Store_C,Eggs_12pk,Dairy,79.23,80.0,0,54
2025-05-25,Store_C,Eggs_12pk,Dairy,80.0,80.0,0,50
2025-05-26,Store_C,Eggs_12pk,Dairy,76.42,80.0,0,45
2025-05-27,Store_C,Eggs_12pk,Dairy,80.0,80.0,0,43
2025-05-28,Store_C,Eggs_12pk,Dairy,80.0,80.0,0,41
2025-05-29,Store_C,Eggs_12pk,Dairy,80.0,80.0,0,42
2025-05-30,Store_C,Eggs_12pk,Dairy,80.0,80.0,0,44
2025-05-31,Store_C,Eggs_12pk,Dairy,80.0,80.0,0,56
2025-06-01,Store_C,Eggs_12pk,Dairy,80.0,80.0,0,50
2025-06-02,Store_C,Eggs_12pk,Dairy,80.0,80.0,0,38
2025-06-03,Store_C,Eggs_12pk,Dairy,80.0,80.0,0,33
2025-06-04,Store_C,Eggs_12pk,Dairy,80.0,80.0,0,37
2025-06-05,Store_C,Eggs_12pk,Dairy,80.0,80.0,0,39
2025-06-06,Store_C,Eggs_12pk,Dairy,80.0,80.0,0,51
2025-06-07,Store_C,Eggs_12pk,Dairy,80.0,80.0,0,48
2025-06-08,Store_C,Eggs_12pk,Dairy,80.0,80.0,0,44
2025-06-09,Store_C,Eggs_12pk,Dairy,80.0,80.0,0,38
2025-06-10,Store_C,Eggs_12pk,Dairy,80.0,80.0,0,36
2025-06-11,Store_C,Eggs_12pk,Dairy,80.0,80.0,0,38
2025-06-12,Store_C,Eggs_12pk,Dairy,80.0,80.0,0,40
2025-06-13,Store_C,Eggs_12pk,Dairy,80.0,80.0,0,41
2025-06-14,Store_C,Eggs_12pk,Dairy,80.0,80.0,0,63
2025-06-15,Store_C,Eggs_12pk,Dairy,80.0,80.0,0,52
2025-06-16,Store_C,Eggs_12pk,Dairy,80.0,80.0,0,32
2025-06-17,Store_C,Eggs_12pk,Dairy,66.05,80.0,0,44
2025-06-18,Store_C,Eggs_12pk,Dairy,80.0,80.0,0,40
2025-06-19,Store_C,Eggs_12pk,Dairy,80.0,80.0,0,37
2025-06-20,Store_C,Eggs_12pk,Dairy,80.0,80.0,0,45
2025-06-21,Store_C,Eggs_12pk,Dairy,75.05,80.0,0,59
2025-06-22,Store_C,Eggs_12pk,Dairy,80.0,80.0,1,71
2025-06-23,Store_C,Eggs_12pk,Dairy,80.0,80.0,0,35
2025-06-24,Store_C,Eggs_12pk,Dairy,80.0,80.0,0,35
2025-06-25,Store_C,Eggs_12pk,Dairy,80.0,80.0,0,36
2025-06-26,Store_C,Eggs_12pk,Dairy,80.0,80.0,1,53
2025-06-27,Store_C,Eggs_12pk,Dairy,80.0,80.0,0,45
2025-06-28,Store_C,Eggs_12pk,Dairy,66.27,80.0,0,73
2025-06-29,Store_C,Eggs_12pk,Dairy,80.0,80.0,0,42
2025-06-30,Store_C,Eggs_12pk,Dairy,80.0,80.0,0,33
2025-07-01,Store_C,Eggs_12pk,Dairy,90.51,80.0,0,29
2025-07-02,Store_C,Eggs_12pk,Dairy,74.16,80.0,0,40
2025-07-03,Store_C,Eggs_12pk,Dairy,80.0,80.0,0,40
2025-07-04,Store_C,Eggs_12pk,Dairy,84.35,80.0,0,38
2025-07-05,Store_C,Eggs_12pk,Dairy,80.0,80.0,0,56
2025-07-06,Store_C,Eggs_12pk,Dairy,80.0,80.0,1,64
2025-07-07,Store_C,Eggs_12pk,Dairy,80.0,80.0,0,39
2025-07-08,Store_C,Eggs_12pk,Dairy,80.0,80.0,0,29
2025-07-09,Store_C,Eggs_12pk,Dairy,80.0,80.0,0,36
2025-07-10,Store_C,Eggs_12pk,Dairy,80.0,80.0,0,39
2025-07-11,Store_C,Eggs_12pk,Dairy,67.95,80.0,0,56
2025-07-12,Store_C,Eggs_12pk,Dairy,80.0,80.0,0,60
2025-07-13,Store_C,Eggs_12pk,Dairy,80.0,80.0,0,46
2025-07-14,Store_C,Eggs_12pk,Dairy,80.0,80.0,0,27
2025-07-15,Store_C,Eggs_12pk,Dairy,80.0,80.0,0,33
2025-07-16,Store_C,Eggs_12pk,Dairy,80.0,80.0,1,44
2025-07-17,Store_C,Eggs_12pk,Dairy,80.0,80.0,0,36
2025-07-18,Store_C,Eggs_12pk,Dairy,80.0,80.0,0,45
2025-07-19,Store_C,Eggs_12pk,Dairy,80.0,80.0,0,59
2025-07-20,Store_C,Eggs_12pk,Dairy,77.37,80.0,0,50
2025-07-21,Store_C,Eggs_12pk,Dairy,80.0,80.0,0,35
2025-07-22,Store_C,Eggs_12pk,Dairy,80.0,80.0,0,35
2025-07-23,Store_C,Eggs_12pk,Dairy,80.0,80.0,0,33
2025-07-24,Store_C,Eggs_12pk,Dairy,80.0,80.0,0,33
2025-07-25,Store_C,Eggs_12pk,Dairy,80.0,80.0,1,61
2025-07-26,Store_C,Eggs_12pk,Dairy,80.0,80.0,1,79
2025-07-27,Store_C,Eggs_12pk,Dairy,80.0,80.0,0,48
2025-07-28,Store_C,Eggs_12pk,Dairy,80.0,80.0,1,47
2025-07-29,Store_C,Eggs_12pk,Dairy,80.0,80.0,0,32
2025-07-30,Store_C,Eggs_12pk,Dairy,80.0,80.0,0,34
2025-07-31,Store_C,Eggs_12pk,Dairy,80.0,80.0,0,30
2025-08-01,Store_C,Eggs_12pk,Dairy,80.0,80.0,0,49
2025-08-02,Store_C,Eggs_12pk,Dairy,80.0,80.0,0,51
2025-08-03,Store_C,Eggs_12pk,Dairy,80.0,80.0,0,47
2025-08-04,Store_C,Eggs_12pk,Dairy,80.0,80.0,0,35
2025-08-05,Store_C,Eggs_12pk,Dairy,80.0,80.0,0,32
2025-08-06,Store_C,Eggs_12pk,Dairy,80.0,80.0,0,39
2025-08-07,Store_C,Eggs_12pk,Dairy,72.74,80.0,1,61
2025-08-08,Store_C,Eggs_12pk,Dairy,80.0,80.0,0,38
2025-08-09,Store_C,Eggs_12pk,Dairy,80.0,80.0,0,55
2025-08-10,Store_C,Eggs_12pk,Dairy,78.88,80.0,0,53
2025-08-11,Store_C,Eggs_12pk,Dairy,80.0,80.0,0,34
2025-08-12,Store_C,Eggs_12pk,Dairy,80.0,80.0,0,35
2025-08-13,Store_C,Eggs_12pk,Dairy,80.0,80.0,0,34
2025-08-14,Store_C,Eggs_12pk,Dairy,80.0,80.0,0,37
2025-08-15,Store_C,Eggs_12pk,Dairy,80.0,80.0,0,49
2025-08-16,Store_C,Eggs_12pk,Dairy,80.0,80.0,0,56
2025-08-17,Store_C,Eggs_12pk,Dairy,80.0,80.0,0,53
2025-08-18,Store_C,Eggs_12pk,Dairy,80.0,80.0,0,27
2025-08-19,Store_C,Eggs_12pk,Dairy,80.0,80.0,0,33
2025-08-20,Store_C,Eggs_12pk,Dairy,80.0,80.0,1,50
2025-08-21,Store_C,Eggs_12pk,Dairy,80.0,80.0,0,38
2025-08-22,Store_C,Eggs_12pk,Dairy,80.0,80.0,0,48
2025-08-23,Store_C,Eggs_12pk,Dairy,68.86,80.0,0,61
2025-08-24,Store_C,Eggs_12pk,Dairy,80.0,80.0,0,48
2025-08-25,Store_C,Eggs_12pk,Dairy,80.0,80.0,0,35
2025-08-26,Store_C,Eggs_12pk,Dairy,80.0,80.0,0,35
2025-08-27,Store_C,Eggs_12pk,Dairy,80.0,80.0,0,37
2025-08-28,Store_C,Eggs_12pk,Dairy,80.0,80.0,0,39
2025-08-29,Store_C,Eggs_12pk,Dairy,80.0,80.0,0,51
2025-08-30,Store_C,Eggs_12pk,Dairy,80.0,80.0,0,58
2025-08-31,Store_C,Eggs_12pk,Dairy,80.0,80.0,1,57
2025-09-01,Store_C,Eggs_12pk,Dairy,80.0,80.0,0,34
2025-09-02,Store_C,Eggs_12pk,Dairy,80.0,80.0,0,39
2025-09-03,Store_C,Eggs_12pk,Dairy,81.34,80.0,0,34
2025-09-04,Store_C,Eggs_12pk,Dairy,80.0,80.0,0,35
2025-09-05,Store_C,Eggs_12pk,Dairy,80.0,80.0,0,55
2025-09-06,Store_C,Eggs_12pk,Dairy,80.0,80.0,1,78
2025-09-07,Store_C,Eggs_12pk,Dairy,80.0,80.0,0,51
2025-09-08,Store_C,Eggs_12pk,Dairy,80.0,80.0,0,35
2025-09-09,Store_C,Eggs_12pk,Dairy,78.49,80.0,0,34
2025-09-10,Store_C,Eggs_12pk,Dairy,80.0,80.0,0,36
2025-09-11,Store_C,Eggs_12pk,Dairy,87.81,80.0,1,52
2025-09-12,Store_C,Eggs_12pk,Dairy,80.0,80.0,0,50
2025-09-13,Store_C,Eggs_12pk,Dairy,88.16,80.0,0,55
2025-09-14,Store_C,Eggs_12pk,Dairy,80.0,80.0,0,58
2025-09-15,Store_C,Eggs_12pk,Dairy,80.0,80.0,0,40
2025-09-16,Store_C,Eggs_12pk,Dairy,80.0,80.0,0,36
2025-09-17,Store_C,Eggs_12pk,Dairy,68.87,80.0,0,48
2025-09-18,Store_C,Eggs_12pk,Dairy,70.72,80.0,0,44
2025-09-19,Store_C,Eggs_12pk,Dairy,80.0,80.0,0,47
2025-09-20,Store_C,Eggs_12pk,Dairy,80.0,80.0,0,54
2025-09-21,Store_C,Eggs_12pk,Dairy,85.26,80.0,0,46
2025-09-22,Store_C,Eggs_12pk,Dairy,80.0,80.0,0,43
2025-09-23,Store_C,Eggs_12pk,Dairy,80.0,80.0,0,42
2025-09-24,Store_C,Eggs_12pk,Dairy,80.0,80.0,0,39
2025-09-25,Store_C,Eggs_12pk,Dairy,68.4,80.0,1,70
2025-09-26,Store_C,Eggs_12pk,Dairy,80.0,80.0,1,73
2025-09-27,Store_C,Eggs_12pk,Dairy,80.0,80.0,0,59
2025-09-28,Store_C,Eggs_12pk,Dairy,84.12,80.0,0,46
2025-09-29,Store_C,Eggs_12pk,Dairy,80.0,80.0,0,36
2025-09-30,Store_C,Eggs_12pk,Dairy,80.0,80.0,0,35
2025-10-01,Store_C,Eggs_12pk,Dairy,80.0,80.0,0,55
2025-10-02,Store_C,Eggs_12pk,Dairy,80.0,80.0,0,59
2025-10-03,Store_C,Eggs_12pk,Dairy,80.0,80.0,0,75
2025-10-04,Store_C,Eggs_12pk,Dairy,80.0,80.0,1,112
2025-10-05,Store_C,Eggs_12pk,Dairy,80.0,80.0,0,67
2025-10-06,Store_C,Eggs_12pk,Dairy,68.32,80.0,0,69
2025-10-07,Store_C,Eggs_12pk,Dairy,89.69,80.0,0,44
2025-10-08,Store_C,Eggs_12pk,Dairy,80.0,80.0,0,58
2025-10-09,Store_C,Eggs_12pk,Dairy,80.0,80.0,0,49
2025-10-10,Store_C,Eggs_12pk,Dairy,85.52,80.0,0,69
2025-10-11,Store_C,Eggs_12pk,Dairy,80.0,80.0,0,80
2025-10-12,Store_C,Eggs_12pk,Dairy,80.0,80.0,0,69
2025-10-13,Store_C,Eggs_12pk,Dairy,88.98,80.0,0,50
2025-10-14,Store_C,Eggs_12pk,Dairy,80.0,80.0,0,56
2025-10-15,Store_C,Eggs_12pk,Dairy,80.0,80.0,0,53
2025-10-16,Store_C,Eggs_12pk,Dairy,69.18,80.0,0,72
2025-10-17,Store_C,Eggs_12pk,Dairy,80.0,80.0,0,72
2025-10-18,Store_C,Eggs_12pk,Dairy,80.0,80.0,0,80
2025-10-19,Store_C,Eggs_12pk,Dairy,80.0,80.0,0,78
2025-10-20,Store_C,Eggs_12pk,Dairy,80.0,80.0,1,75
2025-10-21,Store_C,Eggs_12pk,Dairy,80.0,80.0,0,57
2025-10-22,Store_C,Eggs_12pk,Dairy,80.0,80.0,0,62
2025-10-23,Store_C,Eggs_12pk,Dairy,80.0,80.0,0,65
2025-10-24,Store_C,Eggs_12pk,Dairy,80.0,80.0,0,80
2025-10-25,Store_C,Eggs_12pk,Dairy,77.73,80.0,0,84
2025-10-26,Store_C,Eggs_12pk,Dairy,80.0,80.0,1,109
2025-10-27,Store_C,Eggs_12pk,Dairy,80.0,80.0,0,51
2025-10-28,Store_C,Eggs_12pk,Dairy,80.0,80.0,0,55
2025-10-29,Store_C,Eggs_12pk,Dairy,80.0,80.0,0,58
2025-10-30,Store_C,Eggs_12pk,Dairy,80.0,80.0,0,60
2025-10-31,Store_C,Eggs_12pk,Dairy,90.43,80.0,0,67
2025-11-01,Store_C,Eggs_12pk,Dairy,80.0,80.0,0,80
2025-11-02,Store_C,Eggs_12pk,Dairy,80.0,80.0,0,73
2025-11-03,Store_C,Eggs_12pk,Dairy,80.0,80.0,0,62
2025-11-04,Store_C,Eggs_12pk,Dairy,80.0,80.0,0,57
2025-11-05,Store_C,Eggs_12pk,Dairy,80.0,80.0,1,85
2025-11-06,Store_C,Eggs_12pk,Dairy,80.0,80.0,0,61
2025-11-07,Store_C,Eggs_12pk,Dairy,80.0,80.0,0,77
2025-11-08,Store_C,Eggs_12pk,Dairy,80.0,80.0,0,89
2025-11-09,Store_C,Eggs_12pk,Dairy,90.31,80.0,0,78
2025-11-10,Store_C,Eggs_12pk,Dairy,80.0,80.0,0,68
2025-11-11,Store_C,Eggs_12pk,Dairy,80.0,80.0,0,70
2025-11-12,Store_C,Eggs_12pk,Dairy,80.0,80.0,0,56
2025-11-13,Store_C,Eggs_12pk,Dairy,80.0,80.0,0,73
2025-11-14,Store_C,Eggs_12pk,Dairy,80.0,80.0,0,79
2025-11-15,Store_C,Eggs_12pk,Dairy,65.28,80.0,0,120
2025-11-16,Store_C,Eggs_12pk,Dairy,80.0,80.0,0,95
2025-11-17,Store_C,Eggs_12pk,Dairy,64.24,80.0,0,87
2025-11-18,Store_C,Eggs_12pk,Dairy,80.0,80.0,0,54
2025-11-19,Store_C,Eggs_12pk,Dairy,80.0,80.0,0,66
2025-11-20,Store_C,Eggs_12pk,Dairy,80.0,80.0,0,56
2025-11-21,Store_C,Eggs_12pk,Dairy,80.0,80.0,1,102
2025-11-22,Store_C,Eggs_12pk,Dairy,80.0,80.0,0,94
2025-11-23,Store_C,Eggs_12pk,Dairy,80.0,80.0,0,85
2025-11-24,Store_C,Eggs_12pk,Dairy,73.9,80.0,0,69
2025-11-25,Store_C,Eggs_12pk,Dairy,80.0,80.0,0,64
2025-11-26,Store_C,Eggs_12pk,Dairy,80.0,80.0,0,57
2025-11-27,Store_C,Eggs_12pk,Dairy,80.0,80.0,0,68
2025-11-28,Store_C,Eggs_12pk,Dairy,80.0,80.0,0,85
2025-11-29,Store_C,Eggs_12pk,Dairy,80.0,80.0,0,115
2025-11-30,Store_C,Eggs_12pk,Dairy,80.0,80.0,0,75
2025-12-01,Store_C,Eggs_12pk,Dairy,65.29,80.0,0,76
2025-12-02,Store_C,Eggs_12pk,Dairy,80.0,80.0,0,50
2025-12-03,Store_C,Eggs_12pk,Dairy,80.0,80.0,0,53
2025-12-04,Store_C,Eggs_12pk,Dairy,89.27,80.0,0,46
2025-12-05,Store_C,Eggs_12pk,Dairy,80.0,80.0,0,74
2025-12-06,Store_C,Eggs_12pk,Dairy,80.0,80.0,0,84
2025-12-07,Store_C,Eggs_12pk,Dairy,80.0,80.0,0,83
2025-12-08,Store_C,Eggs_12pk,Dairy,80.0,80.0,0,56
2025-12-09,Store_C,Eggs_12pk,Dairy,80.0,80.0,1,68
2025-12-10,Store_C,Eggs_12pk,Dairy,80.0,80.0,0,56
2025-12-11,Store_C,Eggs_12pk,Dairy,80.0,80.0,0,64
2025-12-12,Store_C,Eggs_12pk,Dairy,80.0,80.0,0,73
2025-12-13,Store_C,Eggs_12pk,Dairy,80.0,80.0,0,80
2025-12-14,Store_C,Eggs_12pk,Dairy,80.0,80.0,0,69
2025-12-15,Store_C,Eggs_12pk,Dairy,80.0,80.0,0,61
2025-12-16,Store_C,Eggs_12pk,Dairy,80.0,80.0,0,56
2025-12-17,Store_C,Eggs_12pk,Dairy,80.0,80.0,0,63
2025-12-18,Store_C,Eggs_12pk,Dairy,89.09,80.0,0,55
2025-12-19,Store_C,Eggs_12pk,Dairy,91.49,80.0,0,56
2025-12-20,Store_C,Eggs_12pk,Dairy,70.65,80.0,0,92
2025-12-21,Store_C,Eggs_12pk,Dairy,80.0,80.0,0,67
2025-12-22,Store_C,Eggs_12pk,Dairy,80.0,80.0,0,53
2025-12-23,Store_C,Eggs_12pk,Dairy,74.78,80.0,0,65
2025-12-24,Store_C,Eggs_12pk,Dairy,80.0,80.0,0,55
2025-12-25,Store_C,Eggs_12pk,Dairy,80.0,80.0,0,71
2025-12-26,Store_C,Eggs_12pk,Dairy,80.0,80.0,0,74
2025-12-27,Store_C,Eggs_12pk,Dairy,80.0,80.0,0,83
2025-12-28,Store_C,Eggs_12pk,Dairy,67.34,80.0,0,97
2025-12-29,Store_C,Eggs_12pk,Dairy,80.0,80.0,0,59
2025-12-30,Store_C,Eggs_12pk,Dairy,80.0,80.0,0,64
2024-01-01,Store_C,Cooking_Oil_1L,Staples,140.0,140.0,1,39
2024-01-02,Store_C,Cooking_Oil_1L,Staples,140.0,140.0,0,30
2024-01-03,Store_C,Cooking_Oil_1L,Staples,140.0,140.0,0,29
2024-01-04,Store_C,Cooking_Oil_1L,Staples,140.0,140.0,0,33
2024-01-05,Store_C,Cooking_Oil_1L,Staples,140.0,140.0,0,32
2024-01-06,Store_C,Cooking_Oil_1L,Staples,140.0,140.0,0,48
2024-01-07,Store_C,Cooking_Oil_1L,Staples,140.0,140.0,0,40
2024-01-08,Store_C,Cooking_Oil_1L,Staples,140.0,140.0,0,31
2024-01-09,Store_C,Cooking_Oil_1L,Staples,140.0,140.0,0,27
2024-01-10,Store_C,Cooking_Oil_1L,Staples,140.0,140.0,0,26
2024-01-11,Store_C,Cooking_Oil_1L,Staples,140.0,140.0,0,28
2024-01-12,Store_C,Cooking_Oil_1L,Staples,140.0,140.0,0,40
2024-01-13,Store_C,Cooking_Oil_1L,Staples,140.0,140.0,0,43
2024-01-14,Store_C,Cooking_Oil_1L,Staples,140.0,140.0,0,36
2024-01-15,Store_C,Cooking_Oil_1L,Staples,140.0,140.0,0,29
2024-01-16,Store_C,Cooking_Oil_1L,Staples,140.0,140.0,0,31
2024-01-17,Store_C,Cooking_Oil_1L,Staples,140.0,140.0,0,28
2024-01-18,Store_C,Cooking_Oil_1L,Staples,140.0,140.0,1,36
2024-01-19,Store_C,Cooking_Oil_1L,Staples,140.0,140.0,0,37
2024-01-20,Store_C,Cooking_Oil_1L,Staples,140.0,140.0,0,49
2024-01-21,Store_C,Cooking_Oil_1L,Staples,140.0,140.0,0,40
2024-01-22,Store_C,Cooking_Oil_1L,Staples,140.0,140.0,0,29
2024-01-23,Store_C,Cooking_Oil_1L,Staples,140.0,140.0,0,27
2024-01-24,Store_C,Cooking_Oil_1L,Staples,115.92,140.0,0,40
2024-01-25,Store_C,Cooking_Oil_1L,Staples,131.93,140.0,0,30
2024-01-26,Store_C,Cooking_Oil_1L,Staples,140.0,140.0,1,53
2024-01-27,Store_C,Cooking_Oil_1L,Staples,140.0,140.0,0,45
2024-01-28,Store_C,Cooking_Oil_1L,Staples,140.0,140.0,0,42
2024-01-29,Store_C,Cooking_Oil_1L,Staples,140.0,140.0,0,33
2024-01-30,Store_C,Cooking_Oil_1L,Staples,160.01,140.0,0,27
2024-01-31,Store_C,Cooking_Oil_1L,Staples,136.48,140.0,0,31
2024-02-01,Store_C,Cooking_Oil_1L,Staples,140.0,140.0,0,35
2024-02-02,Store_C,Cooking_Oil_1L,Staples,124.91,140.0,0,43
2024-02-03,Store_C,Cooking_Oil_1L,Staples,140.0,140.0,0,43
2024-02-04,Store_C,Cooking_Oil_1L,Staples,140.0,140.0,0,40
2024-02-05,Store_C,Cooking_Oil_1L,Staples,147.03,140.0,0,27
2024-02-06,Store_C,Cooking_Oil_1L,Staples,140.0,140.0,0,32
2024-02-07,Store_C,Cooking_Oil_1L,Staples,140.0,140.0,0,34
2024-02-08,Store_C,Cooking_Oil_1L,Staples,140.0,140.0,0,33
2024-02-09,Store_C,Cooking_Oil_1L,Staples,138.4,140.0,0,40
2024-02-10,Store_C,Cooking_Oil_1L,Staples,140.0,140.0,0,41
2024-02-11,Store_C,Cooking_Oil_1L,Staples,140.0,140.0,0,44
2024-02-12,Store_C,Cooking_Oil_1L,Staples,146.44,140.0,0,30
2024-02-13,Store_C,Cooking_Oil_1L,Staples,140.0,140.0,0,29
2024-02-14,Store_C,Cooking_Oil_1L,Staples,140.0,140.0,0,31
2024-02-15,Store_C,Cooking_Oil_1L,Staples,122.2,140.0,0,38
2024-02-16,Store_C,Cooking_Oil_1L,Staples,138.52,140.0,0,38
2024-02-17,Store_C,Cooking_Oil_1L,Staples,140.0,140.0,0,43
2024-02-18,Store_C,Cooking_Oil_1L,Staples,140.0,140.0,0,42
2024-02-19,Store_C,Cooking_Oil_1L,Staples,140.0,140.0,0,24
2024-02-20,Store_C,Cooking_Oil_1L,Staples,140.0,140.0,0,32
2024-02-21,Store_C,Cooking_Oil_1L,Staples,140.0,140.0,0,29
2024-02-22,Store_C,Cooking_Oil_1L,Staples,140.0,140.0,0,35
2024-02-23,Store_C,Cooking_Oil_1L,Staples,140.0,140.0,0,35
2024-02-24,Store_C,Cooking_Oil_1L,Staples,140.0,140.0,0,53
2024-02-25,Store_C,Cooking_Oil_1L,Staples,140.0,140.0,0,39
2024-02-26,Store_C,Cooking_Oil_1L,Staples,140.0,140.0,0,28
2024-02-27,Store_C,Cooking_Oil_1L,Staples,150.35,140.0,0,23
2024-02-28,Store_C,Cooking_Oil_1L,Staples,153.6,140.0,0,25
2024-02-29,Store_C,Cooking_Oil_1L,Staples,140.0,140.0,0,33
2024-03-01,Store_C,Cooking_Oil_1L,Staples,140.0,140.0,0,36
2024-03-02,Store_C,Cooking_Oil_1L,Staples,140.0,140.0,0,47
2024-03-03,Store_C,Cooking_Oil_1L,Staples,155.98,140.0,0,34
2024-03-04,Store_C,Cooking_Oil_1L,Staples,140.0,140.0,0,31
2024-03-05,Store_C,Cooking_Oil_1L,Staples,140.0,140.0,1,39
2024-03-06,Store_C,Cooking_Oil_1L,Staples,140.0,140.0,0,30
2024-03-07,Store_C,Cooking_Oil_1L,Staples,140.0,140.0,0,37
2024-03-08,Store_C,Cooking_Oil_1L,Staples,124.89,140.0,0,40
2024-03-09,Store_C,Cooking_Oil_1L,Staples,140.0,140.0,0,42
2024-03-10,Store_C,Cooking_Oil_1L,Staples,140.0,140.0,0,41
2024-03-11,Store_C,Cooking_Oil_1L,Staples,140.0,140.0,0,29
2024-03-12,Store_C,Cooking_Oil_1L,Staples,140.0,140.0,0,26
2024-03-13,Store_C,Cooking_Oil_1L,Staples,117.38,140.0,0,39
2024-03-14,Store_C,Cooking_Oil_1L,Staples,140.0,140.0,0,26
2024-03-15,Store_C,Cooking_Oil_1L,Staples,137.8,140.0,0,38
2024-03-16,Store_C,Cooking_Oil_1L,Staples,140.0,140.0,0,47
2024-03-17,Store_C,Cooking_Oil_1L,Staples,140.0,140.0,0,42
2024-03-18,Store_C,Cooking_Oil_1L,Staples,140.0,140.0,0,26
2024-03-19,Store_C,Cooking_Oil_1L,Staples,140.0,140.0,0,25
2024-03-20,Store_C,Cooking_Oil_1L,Staples,140.0,140.0,0,24
2024-03-21,Store_C,Cooking_Oil_1L,Staples,140.0,140.0,0,29
2024-03-22,Store_C,Cooking_Oil_1L,Staples,140.0,140.0,0,38
2024-03-23,Store_C,Cooking_Oil_1L,Staples,140.0,140.0,0,45
2024-03-24,Store_C,Cooking_Oil_1L,Staples,140.0,140.0,0,38
2024-03-25,Store_C,Cooking_Oil_1L,Staples,140.0,140.0,0,32
2024-03-26,Store_C,Cooking_Oil_1L,Staples,140.0,140.0,0,27
2024-03-27,Store_C,Cooking_Oil_1L,Staples,140.0,140.0,0,29
2024-03-28,Store_C,Cooking_Oil_1L,Staples,121.08,140.0,0,29
2024-03-29,Store_C,Cooking_Oil_1L,Staples,115.67,140.0,0,44
2024-03-30,Store_C,Cooking_Oil_1L,Staples,143.38,140.0,0,38
2024-03-31,Store_C,Cooking_Oil_1L,Staples,140.0,140.0,0,41
2024-04-01,Store_C,Cooking_Oil_1L,Staples,122.24,140.0,0,36
2024-04-02,Store_C,Cooking_Oil_1L,Staples,140.0,140.0,0,25
2024-04-03,Store_C,Cooking_Oil_1L,Staples,140.0,140.0,0,33
2024-04-04,Store_C,Cooking_Oil_1L,Staples,115.3,140.0,0,34
2024-04-05,Store_C,Cooking_Oil_1L,Staples,139.52,140.0,0,36
2024-04-06,Store_C,Cooking_Oil_1L,Staples,140.0,140.0,0,41
2024-04-07,Store_C,Cooking_Oil_1L,Staples,140.0,140.0,0,40
2024-04-08,Store_C,Cooking_Oil_1L,Staples,126.44,140.0,0,28
2024-04-09,Store_C,Cooking_Oil_1L,Staples,141.17,140.0,0,26
2024-04-10,Store_C,Cooking_Oil_1L,Staples,140.0,140.0,1,39
2024-04-11,Store_C,Cooking_Oil_1L,Staples,140.0,140.0,0,30
2024-04-12,Store_C,Cooking_Oil_1L,Staples,159.14,140.0,0,31
2024-04-13,Store_C,Cooking_Oil_1L,Staples,140.0,140.0,0,43
2024-04-14,Store_C,Cooking_Oil_1L,Staples,140.0,140.0,0,37
2024-04-15,Store_C,Cooking_Oil_1L,Staples,147.97,140.0,0,26
2024-04-16,Store_C,Cooking_Oil_1L,Staples,140.0,140.0,0,28
2024-04-17,Store_C,Cooking_Oil_1L,Staples,140.0,140.0,0,30
2024-04-18,Store_C,Cooking_Oil_1L,Staples,140.0,140.0,0,29
2024-04-19,Store_C,Cooking_Oil_1L,Staples,140.0,140.0,0,36
2024-04-20,Store_C,Cooking_Oil_1L,Staples,140.0,140.0,0,44
2024-04-21,Store_C,Cooking_Oil_1L,Staples,140.0,140.0,0,38
2024-04-22,Store_C,Cooking_Oil_1L,Staples,132.85,140.0,0,33
2024-04-23,Store_C,Cooking_Oil_1L,Staples,138.75,140.0,0,23
2024-04-24,Store_C,Cooking_Oil_1L,Staples,140.0,140.0,0,27
2024-04-25,Store_C,Cooking_Oil_1L,Staples,140.0,140.0,0,29
2024-04-26,Store_C,Cooking_Oil_1L,Staples,140.0,140.0,0,33
2024-04-27,Store_C,Cooking_Oil_1L,Staples,140.0,140.0,0,40
2024-04-28,Store_C,Cooking_Oil_1L,Staples,141.37,140.0,0,34
2024-04-29,Store_C,Cooking_Oil_1L,Staples,133.43,140.0,0,30
2024-04-30,Store_C,Cooking_Oil_1L,Staples,136.15,140.0,0,27
2024-05-01,Store_C,Cooking_Oil_1L,Staples,140.0,140.0,0,27
2024-05-02,Store_C,Cooking_Oil_1L,Staples,140.0,140.0,0,31
2024-05-03,Store_C,Cooking_Oil_1L,Staples,140.0,140.0,0,32
2024-05-04,Store_C,Cooking_Oil_1L,Staples,140.0,140.0,0,41
2024-05-05,Store_C,Cooking_Oil_1L,Staples,140.0,140.0,0,32
2024-05-06,Store_C,Cooking_Oil_1L,Staples,140.0,140.0,0,28
2024-05-07,Store_C,Cooking_Oil_1L,Staples,140.0,140.0,0,23
2024-05-08,Store_C,Cooking_Oil_1L,Staples,125.49,140.0,0,31
2024-05-09,Store_C,Cooking_Oil_1L,Staples,140.0,140.0,0,28
2024-05-10,Store_C,Cooking_Oil_1L,Staples,140.0,140.0,0,31
2024-05-11,Store_C,Cooking_Oil_1L,Staples,140.0,140.0,0,42
2024-05-12,Store_C,Cooking_Oil_1L,Staples,140.0,140.0,0,36
2024-05-13,Store_C,Cooking_Oil_1L,Staples,140.0,140.0,0,27
2024-05-14,Store_C,Cooking_Oil_1L,Staples,118.5,140.0,0,28
2024-05-15,Store_C,Cooking_Oil_1L,Staples,140.0,140.0,1,38
2024-05-16,Store_C,Cooking_Oil_1L,Staples,140.0,140.0,0,31
2024-05-17,Store_C,Cooking_Oil_1L,Staples,140.0,140.0,0,33
2024-05-18,Store_C,Cooking_Oil_1L,Staples,140.0,140.0,0,44
2024-05-19,Store_C,Cooking_Oil_1L,Staples,140.0,140.0,0,36
2024-05-20,Store_C,Cooking_Oil_1L,Staples,140.0,140.0,0,26
2024-05-21,Store_C,Cooking_Oil_1L,Staples,140.0,140.0,0,25
2024-05-22,Store_C,Cooking_Oil_1L,Staples,140.0,140.0,0,24
2024-05-23,Store_C,Cooking_Oil_1L,Staples,121.7,140.0,0,28
2024-05-24,Store_C,Cooking_Oil_1L,Staples,140.0,140.0,0,32
2024-05-25,Store_C,Cooking_Oil_1L,Staples,140.0,140.0,0,39
2024-05-26,Store_C,Cooking_Oil_1L,Staples,140.0,140.0,0,34
2024-05-27,Store_C,Cooking_Oil_1L,Staples,140.0,140.0,0,27
2024-05-28,Store_C,Cooking_Oil_1L,Staples,140.0,140.0,0,29
2024-05-29,Store_C,Cooking_Oil_1L,Staples,140.0,140.0,0,24
2024-05-30,Store_C,Cooking_Oil_1L,Staples,140.0,140.0,1,37
2024-05-31,Store_C,Cooking_Oil_1L,Staples,140.0,140.0,0,33
2024-06-01,Store_C,Cooking_Oil_1L,Staples,140.0,140.0,1,57
2024-06-02,Store_C,Cooking_Oil_1L,Staples,140.0,140.0,0,34
2024-06-03,Store_C,Cooking_Oil_1L,Staples,140.0,140.0,0,22
2024-06-04,Store_C,Cooking_Oil_1L,Staples,140.0,140.0,0,24
2024-06-05,Store_C,Cooking_Oil_1L,Staples,140.0,140.0,0,22
2024-06-06,Store_C,Cooking_Oil_1L,Staples,140.0,140.0,0,29
2024-06-07,Store_C,Cooking_Oil_1L,Staples,140.0,140.0,0,33
2024-06-08,Store_C,Cooking_Oil_1L,Staples,140.0,140.0,0,39
2024-06-09,Store_C,Cooking_Oil_1L,Staples,140.0,140.0,0,31
2024-06-10,Store_C,Cooking_Oil_1L,Staples,140.0,140.0,0,23
2024-06-11,Store_C,Cooking_Oil_1L,Staples,140.0,140.0,1,34
2024-06-12,Store_C,Cooking_Oil_1L,Staples,140.0,140.0,0,25
2024-06-13,Store_C,Cooking_Oil_1L,Staples,140.0,140.0,0,25
2024-06-14,Store_C,Cooking_Oil_1L,Staples,122.07,140.0,0,40
2024-06-15,Store_C,Cooking_Oil_1L,Staples,141.89,140.0,0,36
2024-06-16,Store_C,Cooking_Oil_1L,Staples,131.13,140.0,0,39
2024-06-17,Store_C,Cooking_Oil_1L,Staples,140.0,140.0,0,26
2024-06-18,Store_C,Cooking_Oil_1L,Staples,140.0,140.0,0,22
2024-06-19,Store_C,Cooking_Oil_1L,Staples,140.0,140.0,0,25
2024-06-20,Store_C,Cooking_Oil_1L,Staples,136.27,140.0,0,26
2024-06-21,Store_C,Cooking_Oil_1L,Staples,140.0,140.0,0,29
2024-06-22,Store_C,Cooking_Oil_1L,Staples,140.0,140.0,1,46
2024-06-23,Store_C,Cooking_Oil_1L,Staples,140.0,140.0,0,33
2024-06-24,Store_C,Cooking_Oil_1L,Staples,140.0,140.0,0,24
2024-06-25,Store_C,Cooking_Oil_1L,Staples,140.0,140.0,0,21
2024-06-26,Store_C,Cooking_Oil_1L,Staples,140.0,140.0,0,22
2024-06-27,Store_C,Cooking_Oil_1L,Staples,155.33,140.0,0,24
2024-06-28,Store_C,Cooking_Oil_1L,Staples,154.25,140.0,0,29
2024-06-29,Store_C,Cooking_Oil_1L,Staples,140.0,140.0,0,41
2024-06-30,Store_C,Cooking_Oil_1L,Staples,140.0,140.0,0,34
2024-07-01,Store_C,Cooking_Oil_1L,Staples,140.0,140.0,1,32
2024-07-02,Store_C,Cooking_Oil_1L,Staples,140.0,140.0,0,29
2024-07-03,Store_C,Cooking_Oil_1L,Staples,140.0,140.0,0,23
2024-07-04,Store_C,Cooking_Oil_1L,Staples,140.0,140.0,0,23
2024-07-05,Store_C,Cooking_Oil_1L,Staples,140.0,140.0,0,33
2024-07-06,Store_C,Cooking_Oil_1L,Staples,129.43,140.0,0,41
2024-07-07,Store_C,Cooking_Oil_1L,Staples,140.0,140.0,0,31
2024-07-08,Store_C,Cooking_Oil_1L,Staples,140.0,140.0,0,25
2024-07-09,Store_C,Cooking_Oil_1L,Staples,120.57,140.0,1,38
2024-07-10,Store_C,Cooking_Oil_1L,Staples,140.0,140.0,0,24
2024-07-11,Store_C,Cooking_Oil_1L,Staples,140.0,140.0,1,35
2024-07-12,Store_C,Cooking_Oil_1L,Staples,140.0,140.0,0,35
2024-07-13,Store_C,Cooking_Oil_1L,Staples,140.0,140.0,0,32
2024-07-14,Store_C,Cooking_Oil_1L,Staples,143.73,140.0,0,35
2024-07-15,Store_C,Cooking_Oil_1L,Staples,140.0,140.0,0,28
2024-07-16,Store_C,Cooking_Oil_1L,Staples,140.0,140.0,0,23
2024-07-17,Store_C,Cooking_Oil_1L,Staples,140.0,140.0,0,29
2024-07-18,Store_C,Cooking_Oil_1L,Staples,140.0,140.0,0,23
2024-07-19,Store_C,Cooking_Oil_1L,Staples,140.0,140.0,0,33
2024-07-20,Store_C,Cooking_Oil_1L,Staples,140.0,140.0,0,42
2024-07-21,Store_C,Cooking_Oil_1L,Staples,140.0,140.0,0,36
2024-07-22,Store_C,Cooking_Oil_1L,Staples,140.0,140.0,0,26
2024-07-23,Store_C,Cooking_Oil_1L,Staples,140.0,140.0,0,23
2024-07-24,Store_C,Cooking_Oil_1L,Staples,140.0,140.0,0,24
2024-07-25,Store_C,Cooking_Oil_1L,Staples,151.65,140.0,0,26
2024-07-26,Store_C,Cooking_Oil_1L,Staples,140.0,140.0,0,37
2024-07-27,Store_C,Cooking_Oil_1L,Staples,140.0,140.0,1,50
2024-07-28,Store_C,Cooking_Oil_1L,Staples,159.96,140.0,0,27
2024-07-29,Store_C,Cooking_Oil_1L,Staples,140.0,140.0,1,32
2024-07-30,Store_C,Cooking_Oil_1L,Staples,140.0,140.0,0,24
2024-07-31,Store_C,Cooking_Oil_1L,Staples,140.0,140.0,0,22
2024-08-01,Store_C,Cooking_Oil_1L,Staples,140.0,140.0,1,32
2024-08-02,Store_C,Cooking_Oil_1L,Staples,140.0,140.0,0,35
2024-08-03,Store_C,Cooking_Oil_1L,Staples,113.18,140.0,0,50
2024-08-04,Store_C,Cooking_Oil_1L,Staples,140.0,140.0,0,33
2024-08-05,Store_C,Cooking_Oil_1L,Staples,140.0,140.0,0,25
2024-08-06,Store_C,Cooking_Oil_1L,Staples,140.0,140.0,0,21
2024-08-07,Store_C,Cooking_Oil_1L,Staples,140.0,140.0,0,28
2024-08-08,Store_C,Cooking_Oil_1L,Staples,140.0,140.0,0,26
2024-08-09,Store_C,Cooking_Oil_1L,Staples,140.0,140.0,0,37
2024-08-10,Store_C,Cooking_Oil_1L,Staples,140.0,140.0,0,34
2024-08-11,Store_C,Cooking_Oil_1L,Staples,140.0,140.0,0,32
2024-08-12,Store_C,Cooking_Oil_1L,Staples,140.0,140.0,0,24
2024-08-13,Store_C,Cooking_Oil_1L,Staples,140.0,140.0,0,20
2024-08-14,Store_C,Cooking_Oil_1L,Staples,140.0,140.0,0,21
2024-08-15,Store_C,Cooking_Oil_1L,Staples,140.0,140.0,0,29
2024-08-16,Store_C,Cooking_Oil_1L,Staples,128.9,140.0,0,35
2024-08-17,Store_C,Cooking_Oil_1L,Staples,140.0,140.0,0,39
2024-08-18,Store_C,Cooking_Oil_1L,Staples,119.01,140.0,0,39
2024-08-19,Store_C,Cooking_Oil_1L,Staples,140.0,140.0,0,29
2024-08-20,Store_C,Cooking_Oil_1L,Staples,140.0,140.0,0,25
2024-08-21,Store_C,Cooking_Oil_1L,Staples,140.0,140.0,0,26
2024-08-22,Store_C,Cooking_Oil_1L,Staples,140.0,140.0,0,28
2024-08-23,Store_C,Cooking_Oil_1L,Staples,140.0,140.0,0,32
2024-08-24,Store_C,Cooking_Oil_1L,Staples,140.0,140.0,0,38
2024-08-25,Store_C,Cooking_Oil_1L,Staples,140.0,140.0,0,35
2024-08-26,Store_C,Cooking_Oil_1L,Staples,140.0,140.0,0,29
2024-08-27,Store_C,Cooking_Oil_1L,Staples,140.0,140.0,0,24
2024-08-28,Store_C,Cooking_Oil_1L,Staples,128.77,140.0,0,28
2024-08-29,Store_C,Cooking_Oil_1L,Staples,140.0,140.0,0,32
2024-08-30,Store_C,Cooking_Oil_1L,Staples,150.54,140.0,0,35
2024-08-31,Store_C,Cooking_Oil_1L,Staples,140.0,140.0,1,54
2024-09-01,Store_C,Cooking_Oil_1L,Staples,140.0,140.0,0,34
2024-09-02,Store_C,Cooking_Oil_1L,Staples,123.19,140.0,0,30
2024-09-03,Store_C,Cooking_Oil_1L,Staples,140.0,140.0,0,25
2024-09-04,Store_C,Cooking_Oil_1L,Staples,140.0,140.0,0,27
2024-09-05,Store_C,Cooking_Oil_1L,Staples,140.0,140.0,0,30
2024-09-06,Store_C,Cooking_Oil_1L,Staples,140.0,140.0,0,34
2024-09-07,Store_C,Cooking_Oil_1L,Staples,140.0,140.0,0,38
2024-09-08,Store_C,Cooking_Oil_1L,Staples,140.0,140.0,0,37
2024-09-09,Store_C,Cooking_Oil_1L,Staples,151.15,140.0,0,25
2024-09-10,Store_C,Cooking_Oil_1L,Staples,140.0,140.0,1,35
2024-09-11,Store_C,Cooking_Oil_1L,Staples,140.0,140.0,0,29
2024-09-12,Store_C,Cooking_Oil_1L,Staples,140.0,140.0,0,28
2024-09-13,Store_C,Cooking_Oil_1L,Staples,140.0,140.0,0,34
2024-09-14,Store_C,Cooking_Oil_1L,Staples,140.0,140.0,0,49
2024-09-15,Store_C,Cooking_Oil_1L,Staples,140.0,140.0,0,30
2024-09-16,Store_C,Cooking_Oil_1L,Staples,159.42,140.0,0,23
2024-09-17,Store_C,Cooking_Oil_1L,Staples,140.0,140.0,0,26
2024-09-18,Store_C,Cooking_Oil_1L,Staples,140.0,140.0,1,41
2024-09-19,Store_C,Cooking_Oil_1L,Staples,140.0,140.0,0,29
2024-09-20,Store_C,Cooking_Oil_1L,Staples,140.0,140.0,0,38
2024-09-21,Store_C,Cooking_Oil_1L,Staples,127.67,140.0,0,45
2024-09-22,Store_C,Cooking_Oil_1L,Staples,158.7,140.0,0,36
2024-09-23,Store_C,Cooking_Oil_1L,Staples,140.0,140.0,0,29
2024-09-24,Store_C,Cooking_Oil_1L,Staples,140.0,140.0,0,27
2024-09-25,Store_C,Cooking_Oil_1L,Staples,140.0,140.0,0,33
2024-09-26,Store_C,Cooking_Oil_1L,Staples,140.0,140.0,0,29
2024-09-27,Store_C,Cooking_Oil_1L,Staples,144.11,140.0,0,30
2024-09-28,Store_C,Cooking_Oil_1L,Staples,140.0,140.0,0,46
2024-09-29,Store_C,Cooking_Oil_1L,Staples,140.0,140.0,0,39
2024-09-30,Store_C,Cooking_Oil_1L,Staples,140.0,140.0,0,30
2024-10-01,Store_C,Cooking_Oil_1L,Staples,158.43,140.0,0,33
2024-10-02,Store_C,Cooking_Oil_1L,Staples,140.0,140.0,0,41
2024-10-03,Store_C,Cooking_Oil_1L,Staples,140.0,140.0,0,47
2024-10-04,Store_C,Cooking_Oil_1L,Staples,140.0,140.0,0,52
2024-10-05,Store_C,Cooking_Oil_1L,Staples,140.0,140.0,0,64
2024-10-06,Store_C,Cooking_Oil_1L,Staples,140.0,140.0,0,45
2024-10-07,Store_C,Cooking_Oil_1L,Staples,119.75,140.0,0,52
2024-10-08,Store_C,Cooking_Oil_1L,Staples,140.0,140.0,0,40
2024-10-09,Store_C,Cooking_Oil_1L,Staples,158.72,140.0,0,40
2024-10-10,Store_C,Cooking_Oil_1L,Staples,140.0,140.0,0,52
2024-10-11,Store_C,Cooking_Oil_1L,Staples,140.0,140.0,0,49
2024-10-12,Store_C,Cooking_Oil_1L,Staples,140.0,140.0,0,61
2024-10-13,Store_C,Cooking_Oil_1L,Staples,140.0,140.0,0,54
2024-10-14,Store_C,Cooking_Oil_1L,Staples,130.56,140.0,0,43
2024-10-15,Store_C,Cooking_Oil_1L,Staples,143.26,140.0,0,42
2024-10-16,Store_C,Cooking_Oil_1L,Staples,140.0,140.0,0,46
2024-10-17,Store_C,Cooking_Oil_1L,Staples,140.0,140.0,0,43
2024-10-18,Store_C,Cooking_Oil_1L,Staples,140.0,140.0,0,51
2024-10-19,Store_C,Cooking_Oil_1L,Staples,140.0,140.0,0,58
2024-10-20,Store_C,Cooking_Oil_1L,Staples,140.0,140.0,0,58
2024-10-21,Store_C,Cooking_Oil_1L,Staples,140.0,140.0,0,43
2024-10-22,Store_C,Cooking_Oil_1L,Staples,140.0,140.0,0,37
2024-10-23,Store_C,Cooking_Oil_1L,Staples,140.0,140.0,0,38
2024-10-24,Store_C,Cooking_Oil_1L,Staples,140.0,140.0,0,49
2024-10-25,Store_C,Cooking_Oil_1L,Staples,140.0,140.0,0,58
2024-10-26,Store_C,Cooking_Oil_1L,Staples,125.34,140.0,1,111
2024-10-27,Store_C,Cooking_Oil_1L,Staples,140.0,140.0,0,57
2024-10-28,Store_C,Cooking_Oil_1L,Staples,140.0,140.0,0,47
2024-10-29,Store_C,Cooking_Oil_1L,Staples,140.0,140.0,0,47
2024-10-30,Store_C,Cooking_Oil_1L,Staples,140.0,140.0,1,69
2024-10-31,Store_C,Cooking_Oil_1L,Staples,140.0,140.0,0,45
2024-11-01,Store_C,Cooking_Oil_1L,Staples,140.0,140.0,0,62
2024-11-02,Store_C,Cooking_Oil_1L,Staples,140.0,140.0,1,77
2024-11-03,Store_C,Cooking_Oil_1L,Staples,140.0,140.0,0,62
2024-11-04,Store_C,Cooking_Oil_1L,Staples,140.0,140.0,0,41
2024-11-05,Store_C,Cooking_Oil_1L,Staples,140.0,140.0,0,42
2024-11-06,Store_C,Cooking_Oil_1L,Staples,140.0,140.0,0,54
2024-11-07,Store_C,Cooking_Oil_1L,Staples,140.0,140.0,0,52
2024-11-08,Store_C,Cooking_Oil_1L,Staples,140.0,140.0,0,53
2024-11-09,Store_C,Cooking_Oil_1L,Staples,140.0,140.0,0,64
2024-11-10,Store_C,Cooking_Oil_1L,Staples,132.75,140.0,0,66
2024-11-11,Store_C,Cooking_Oil_1L,Staples,140.0,140.0,0,51
2024-11-12,Store_C,Cooking_Oil_1L,Staples,140.0,140.0,0,36
2024-11-13,Store_C,Cooking_Oil_1L,Staples,140.0,140.0,0,51
2024-11-14,Store_C,Cooking_Oil_1L,Staples,140.0,140.0,0,51
2024-11-15,Store_C,Cooking_Oil_1L,Staples,121.61,140.0,0,67
2024-11-16,Store_C,Cooking_Oil_1L,Staples,140.0,140.0,0,69
2024-11-17,Store_C,Cooking_Oil_1L,Staples,140.0,140.0,0,64
2024-11-18,Store_C,Cooking_Oil_1L,Staples,140.0,140.0,0,45
2024-11-19,Store_C,Cooking_Oil_1L,Staples,140.0,140.0,0,42
2024-11-20,Store_C,Cooking_Oil_1L,Staples,140.0,140.0,1,67
2024-11-21,Store_C,Cooking_Oil_1L,Staples,140.0,140.0,0,53
2024-11-22,Store_C,Cooking_Oil_1L,Staples,148.43,140.0,0,60
2024-11-23,Store_C,Cooking_Oil_1L,Staples,128.89,140.0,0,81
2024-11-24,Store_C,Cooking_Oil_1L,Staples,125.91,140.0,0,66
2024-11-25,Store_C,Cooking_Oil_1L,Staples,140.0,140.0,0,47
2024-11-26,Store_C,Cooking_Oil_1L,Staples,140.0,140.0,0,43
2024-11-27,Store_C,Cooking_Oil_1L,Staples,140.0,140.0,1,69
2024-11-28,Store_C,Cooking_Oil_1L,Staples,140.0,140.0,1,67
2024-11-29,Store_C,Cooking_Oil_1L,Staples,140.0,140.0,0,65
2024-11-30,Store_C,Cooking_Oil_1L,Staples,146.93,140.0,0,70
2024-12-01,Store_C,Cooking_Oil_1L,Staples,140.0,140.0,0,54
2024-12-02,Store_C,Cooking_Oil_1L,Staples,140.0,140.0,0,41
2024-12-03,Store_C,Cooking_Oil_1L,Staples,140.0,140.0,1,51
2024-12-04,Store_C,Cooking_Oil_1L,Staples,153.64,140.0,0,43
2024-12-05,Store_C,Cooking_Oil_1L,Staples,140.0,140.0,0,43
2024-12-06,Store_C,Cooking_Oil_1L,Staples,140.0,140.0,0,55
2024-12-07,Store_C,Cooking_Oil_1L,Staples,144.49,140.0,0,60
2024-12-08,Store_C,Cooking_Oil_1L,Staples,140.3,140.0,0,49
2024-12-09,Store_C,Cooking_Oil_1L,Staples,140.0,140.0,0,46
2024-12-10,Store_C,Cooking_Oil_1L,Staples,157.04,140.0,0,34
2024-12-11,Store_C,Cooking_Oil_1L,Staples,133.12,140.0,0,54
2024-12-12,Store_C,Cooking_Oil_1L,Staples,140.0,140.0,0,43
2024-12-13,Store_C,Cooking_Oil_1L,Staples,140.0,140.0,0,57
2024-12-14,Store_C,Cooking_Oil_1L,Staples,140.0,140.0,0,75
2024-12-15,Store_C,Cooking_Oil_1L,Staples,140.0,140.0,0,63
2024-12-16,Store_C,Cooking_Oil_1L,Staples,158.47,140.0,0,35
2024-12-17,Store_C,Cooking_Oil_1L,Staples,140.0,140.0,0,32
2024-12-18,Store_C,Cooking_Oil_1L,Staples,140.0,140.0,1,60
2024-12-19,Store_C,Cooking_Oil_1L,Staples,140.0,140.0,0,46
2024-12-20,Store_C,Cooking_Oil_1L,Staples,140.0,140.0,0,62
2024-12-21,Store_C,Cooking_Oil_1L,Staples,146.61,140.0,0,65
2024-12-22,Store_C,Cooking_Oil_1L,Staples,140.0,140.0,0,57
2024-12-23,Store_C,Cooking_Oil_1L,Staples,140.0,140.0,0,44
2024-12-24,Store_C,Cooking_Oil_1L,Staples,153.55,140.0,0,39
2024-12-25,Store_C,Cooking_Oil_1L,Staples,147.56,140.0,0,42
2024-12-26,Store_C,Cooking_Oil_1L,Staples,140.0,140.0,0,47
2024-12-27,Store_C,Cooking_Oil_1L,Staples,139.23,140.0,0,52
2024-12-28,Store_C,Cooking_Oil_1L,Staples,140.0,140.0,0,74
2024-12-29,Store_C,Cooking_Oil_1L,Staples,140.0,140.0,0,60
2024-12-30,Store_C,Cooking_Oil_1L,Staples,117.67,140.0,1,73
2024-12-31,Store_C,Cooking_Oil_1L,Staples,113.94,140.0,0,58
2025-01-01,Store_C,Cooking_Oil_1L,Staples,140.0,140.0,0,39
2025-01-02,Store_C,Cooking_Oil_1L,Staples,140.0,140.0,0,40
2025-01-03,Store_C,Cooking_Oil_1L,Staples,140.0,140.0,0,52
2025-01-04,Store_C,Cooking_Oil_1L,Staples,140.0,140.0,0,55
2025-01-05,Store_C,Cooking_Oil_1L,Staples,146.89,140.0,0,51
2025-01-06,Store_C,Cooking_Oil_1L,Staples,126.75,140.0,0,45
2025-01-07,Store_C,Cooking_Oil_1L,Staples,140.0,140.0,0,35
2025-01-08,Store_C,Cooking_Oil_1L,Staples,140.0,140.0,0,38
2025-01-09,Store_C,Cooking_Oil_1L,Staples,140.0,140.0,1,53
2025-01-10,Store_C,Cooking_Oil_1L,Staples,140.0,140.0,0,48
2025-01-11,Store_C,Cooking_Oil_1L,Staples,140.0,140.0,0,54
2025-01-12,Store_C,Cooking_Oil_1L,Staples,140.0,140.0,0,48
2025-01-13,Store_C,Cooking_Oil_1L,Staples,140.0,140.0,0,39
2025-01-14,Store_C,Cooking_Oil_1L,Staples,140.0,140.0,0,40
2025-01-15,Store_C,Cooking_Oil_1L,Staples,140.0,140.0,0,37
2025-01-16,Store_C,Cooking_Oil_1L,Staples,132.65,140.0,0,40
2025-01-17,Store_C,Cooking_Oil_1L,Staples,140.0,140.0,0,51
2025-01-18,Store_C,Cooking_Oil_1L,Staples,131.53,140.0,0,59
2025-01-19,Store_C,Cooking_Oil_1L,Staples,156.42,140.0,0,42
2025-01-20,Store_C,Cooking_Oil_1L,Staples,147.12,140.0,0,34
2025-01-21,Store_C,Cooking_Oil_1L,Staples,140.0,140.0,0,40
2025-01-22,Store_C,Cooking_Oil_1L,Staples,138.14,140.0,0,35
2025-01-23,Store_C,Cooking_Oil_1L,Staples,140.0,140.0,0,37
2025-01-24,Store_C,Cooking_Oil_1L,Staples,140.0,140.0,0,50
2025-01-25,Store_C,Cooking_Oil_1L,Staples,140.0,140.0,0,60
2025-01-26,Store_C,Cooking_Oil_1L,Staples,140.0,140.0,0,50
2025-01-27,Store_C,Cooking_Oil_1L,Staples,147.62,140.0,0,34
2025-01-28,Store_C,Cooking_Oil_1L,Staples,140.0,140.0,0,37
2025-01-29,Store_C,Cooking_Oil_1L,Staples,140.0,140.0,0,42
2025-01-30,Store_C,Cooking_Oil_1L,Staples,140.0,140.0,0,38
2025-01-31,Store_C,Cooking_Oil_1L,Staples,140.0,140.0,0,46
2025-02-01,Store_C,Cooking_Oil_1L,Staples,138.51,140.0,0,54
2025-02-02,Store_C,Cooking_Oil_1L,Staples,140.0,140.0,1,71
2025-02-03,Store_C,Cooking_Oil_1L,Staples,140.0,140.0,0,39
2025-02-04,Store_C,Cooking_Oil_1L,Staples,140.0,140.0,0,40
2025-02-05,Store_C,Cooking_Oil_1L,Staples,140.0,140.0,0,39
2025-02-06,Store_C,Cooking_Oil_1L,Staples,140.0,140.0,0,37
2025-02-07,Store_C,Cooking_Oil_1L,Staples,140.0,140.0,0,51
2025-02-08,Store_C,Cooking_Oil_1L,Staples,140.0,140.0,0,54
2025-02-09,Store_C,Cooking_Oil_1L,Staples,140.0,140.0,0,50
2025-02-10,Store_C,Cooking_Oil_1L,Staples,140.0,140.0,0,36
2025-02-11,Store_C,Cooking_Oil_1L,Staples,140.0,140.0,0,33
2025-02-12,Store_C,Cooking_Oil_1L,Staples,140.0,140.0,0,47
2025-02-13,Store_C,Cooking_Oil_1L,Staples,142.09,140.0,0,36
2025-02-14,Store_C,Cooking_Oil_1L,Staples,140.0,140.0,0,49
2025-02-15,Store_C,Cooking_Oil_1L,Staples,140.0,140.0,0,64
2025-02-16,Store_C,Cooking_Oil_1L,Staples,140.0,140.0,0,45
2025-02-17,Store_C,Cooking_Oil_1L,Staples,140.0,140.0,0,46
2025-02-18,Store_C,Cooking_Oil_1L,Staples,140.0,140.0,1,50
2025-02-19,Store_C,Cooking_Oil_1L,Staples,140.0,140.0,0,32
2025-02-20,Store_C,Cooking_Oil_1L,Staples,140.0,140.0,0,40
2025-02-21,Store_C,Cooking_Oil_1L,Staples,140.0,140.0,0,47
2025-02-22,Store_C,Cooking_Oil_1L,Staples,140.0,140.0,0,52
2025-02-23,Store_C,Cooking_Oil_1L,Staples,140.0,140.0,0,47
2025-02-24,Store_C,Cooking_Oil_1L,Staples,140.0,140.0,0,38
2025-02-25,Store_C,Cooking_Oil_1L,Staples,140.0,140.0,0,33
2025-02-26,Store_C,Cooking_Oil_1L,Staples,140.0,140.0,0,36
2025-02-27,Store_C,Cooking_Oil_1L,Staples,140.0,140.0,0,45
2025-02-28,Store_C,Cooking_Oil_1L,Staples,128.48,140.0,0,57
2025-03-01,Store_C,Cooking_Oil_1L,Staples,140.0,140.0,0,56
2025-03-02,Store_C,Cooking_Oil_1L,Staples,140.0,140.0,1,68
2025-03-03,Store_C,Cooking_Oil_1L,Staples,140.0,140.0,0,37
2025-03-04,Store_C,Cooking_Oil_1L,Staples,140.0,140.0,1,52
2025-03-05,Store_C,Cooking_Oil_1L,Staples,140.0,140.0,0,31
2025-03-06,Store_C,Cooking_Oil_1L,Staples,140.0,140.0,0,36
2025-03-07,Store_C,Cooking_Oil_1L,Staples,140.0,140.0,0,48
2025-03-08,Store_C,Cooking_Oil_1L,Staples,140.0,140.0,0,52
2025-03-09,Store_C,Cooking_Oil_1L,Staples,140.0,140.0,1,66
2025-03-10,Store_C,Cooking_Oil_1L,Staples,140.0,140.0,0,41
2025-03-11,Store_C,Cooking_Oil_1L,Staples,140.0,140.0,0,38
2025-03-12,Store_C,Cooking_Oil_1L,Staples,140.0,140.0,0,37
2025-03-13,Store_C,Cooking_Oil_1L,Staples,140.0,140.0,0,40
2025-03-14,Store_C,Cooking_Oil_1L,Staples,140.0,140.0,0,49
2025-03-15,Store_C,Cooking_Oil_1L,Staples,157.76,140.0,0,51
2025-03-16,Store_C,Cooking_Oil_1L,Staples,140.0,140.0,1,56
2025-03-17,Store_C,Cooking_Oil_1L,Staples,117.02,140.0,0,41
2025-03-18,Store_C,Cooking_Oil_1L,Staples,140.0,140.0,0,34
2025-03-19,Store_C,Cooking_Oil_1L,Staples,140.0,140.0,0,32
2025-03-20,Store_C,Cooking_Oil_1L,Staples,140.0,140.0,0,41
2025-03-21,Store_C,Cooking_Oil_1L,Staples,141.16,140.0,0,45
2025-03-22,Store_C,Cooking_Oil_1L,Staples,140.0,140.0,0,55
2025-03-23,Store_C,Cooking_Oil_1L,Staples,140.0,140.0,0,49
2025-03-24,Store_C,Cooking_Oil_1L,Staples,140.0,140.0,0,33
2025-03-25,Store_C,Cooking_Oil_1L,Staples,140.0,140.0,0,39
2025-03-26,Store_C,Cooking_Oil_1L,Staples,140.0,140.0,0,35
2025-03-27,Store_C,Cooking_Oil_1L,Staples,140.0,140.0,0,37
2025-03-28,Store_C,Cooking_Oil_1L,Staples,140.0,140.0,0,46
2025-03-29,Store_C,Cooking_Oil_1L,Staples,140.0,140.0,0,48
2025-03-30,Store_C,Cooking_Oil_1L,Staples,140.0,140.0,0,35
2025-03-31,Store_C,Cooking_Oil_1L,Staples,113.41,140.0,0,41
2025-04-01,Store_C,Cooking_Oil_1L,Staples,140.0,140.0,0,37
2025-04-02,Store_C,Cooking_Oil_1L,Staples,140.0,140.0,0,35
2025-04-03,Store_C,Cooking_Oil_1L,Staples,140.0,140.0,0,36
2025-04-04,Store_C,Cooking_Oil_1L,Staples,140.0,140.0,0,40
2025-04-05,Store_C,Cooking_Oil_1L,Staples,140.0,140.0,0,53
2025-04-06,Store_C,Cooking_Oil_1L,Staples,140.0,140.0,0,41
2025-04-07,Store_C,Cooking_Oil_1L,Staples,140.0,140.0,0,30
2025-04-08,Store_C,Cooking_Oil_1L,Staples,125.15,140.0,0,40
2025-04-09,Store_C,Cooking_Oil_1L,Staples,140.0,140.0,1,50
2025-04-10,Store_C,Cooking_Oil_1L,Staples,120.32,140.0,0,43
2025-04-11,Store_C,Cooking_Oil_1L,Staples,125.97,140.0,0,62
2025-04-12,Store_C,Cooking_Oil_1L,Staples,140.0,140.0,0,46
2025-04-13,Store_C,Cooking_Oil_1L,Staples,140.0,140.0,0,46
2025-04-14,Store_C,Cooking_Oil_1L,Staples,140.0,140.0,0,34
2025-04-15,Store_C,Cooking_Oil_1L,Staples,140.0,140.0,0,27
2025-04-16,Store_C,Cooking_Oil_1L,Staples,140.0,140.0,0,41
2025-04-17,Store_C,Cooking_Oil_1L,Staples,140.09,140.0,0,38
2025-04-18,Store_C,Cooking_Oil_1L,Staples,140.0,140.0,0,44
2025-04-19,Store_C,Cooking_Oil_1L,Staples,140.0,140.0,0,49
2025-04-20,Store_C,Cooking_Oil_1L,Staples,140.0,140.0,0,51
2025-04-21,Store_C,Cooking_Oil_1L,Staples,140.0,140.0,1,50
2025-04-22,Store_C,Cooking_Oil_1L,Staples,140.0,140.0,0,35
2025-04-23,Store_C,Cooking_Oil_1L,Staples,140.0,140.0,0,33
2025-04-24,Store_C,Cooking_Oil_1L,Staples,140.0,140.0,0,36
2025-04-25,Store_C,Cooking_Oil_1L,Staples,140.0,140.0,0,44
2025-04-26,Store_C,Cooking_Oil_1L,Staples,140.0,140.0,1,77
2025-04-27,Store_C,Cooking_Oil_1L,Staples,147.47,140.0,0,41
2025-04-28,Store_C,Cooking_Oil_1L,Staples,140.0,140.0,0,37
2025-04-29,Store_C,Cooking_Oil_1L,Staples,140.0,140.0,0,30
2025-04-30,Store_C,Cooking_Oil_1L,Staples,140.0,140.0,0,30
2025-05-01,Store_C,Cooking_Oil_1L,Staples,140.0,140.0,0,36
2025-05-02,Store_C,Cooking_Oil_1L,Staples,140.0,140.0,0,45
2025-05-03,Store_C,Cooking_Oil_1L,Staples,127.81,140.0,0,53
2025-05-04,Store_C,Cooking_Oil_1L,Staples,140.0,140.0,0,43
2025-05-05,Store_C,Cooking_Oil_1L,Staples,140.0,140.0,0,36
2025-05-06,Store_C,Cooking_Oil_1L,Staples,140.0,140.0,0,35
2025-05-07,Store_C,Cooking_Oil_1L,Staples,140.0,140.0,0,33
2025-05-08,Store_C,Cooking_Oil_1L,Staples,140.0,140.0,0,32
2025-05-09,Store_C,Cooking_Oil_1L,Staples,140.0,140.0,1,55
2025-05-10,Store_C,Cooking_Oil_1L,Staples,140.0,140.0,1,69
2025-05-11,Store_C,Cooking_Oil_1L,Staples,147.35,140.0,0,41
2025-05-12,Store_C,Cooking_Oil_1L,Staples,140.0,140.0,0,39
2025-05-13,Store_C,Cooking_Oil_1L,Staples,140.0,140.0,1,46
2025-05-14,Store_C,Cooking_Oil_1L,Staples,140.0,140.0,1,46
2025-05-15,Store_C,Cooking_Oil_1L,Staples,140.0,140.0,0,36
2025-05-16,Store_C,Cooking_Oil_1L,Staples,140.0,140.0,0,43
2025-05-17,Store_C,Cooking_Oil_1L,Staples,140.0,140.0,0,42
2025-05-18,Store_C,Cooking_Oil_1L,Staples,140.0,140.0,0,35
2025-05-19,Store_C,Cooking_Oil_1L,Staples,143.7,140.0,0,33
2025-05-20,Store_C,Cooking_Oil_1L,Staples,140.0,140.0,0,32
2025-05-21,Store_C,Cooking_Oil_1L,Staples,147.53,140.0,0,32
2025-05-22,Store_C,Cooking_Oil_1L,Staples,140.0,140.0,0,30
2025-05-23,Store_C,Cooking_Oil_1L,Staples,140.0,140.0,0,43
2025-05-24,Store_C,Cooking_Oil_1L,Staples,125.23,140.0,0,62
2025-05-25,Store_C,Cooking_Oil_1L,Staples,140.0,140.0,0,41
2025-05-26,Store_C,Cooking_Oil_1L,Staples,140.0,140.0,1,47
2025-05-27,Store_C,Cooking_Oil_1L,Staples,140.0,140.0,0,27
2025-05-28,Store_C,Cooking_Oil_1L,Staples,140.0,140.0,0,30
2025-05-29,Store_C,Cooking_Oil_1L,Staples,140.0,140.0,0,32
2025-05-30,Store_C,Cooking_Oil_1L,Staples,140.0,140.0,0,40
2025-05-31,Store_C,Cooking_Oil_1L,Staples,140.0,140.0,0,50
2025-06-01,Store_C,Cooking_Oil_1L,Staples,140.0,140.0,1,71
2025-06-02,Store_C,Cooking_Oil_1L,Staples,140.0,140.0,0,36
2025-06-03,Store_C,Cooking_Oil_1L,Staples,154.18,140.0,0,26
2025-06-04,Store_C,Cooking_Oil_1L,Staples,140.0,140.0,0,33
2025-06-05,Store_C,Cooking_Oil_1L,Staples,140.0,140.0,0,30
2025-06-06,Store_C,Cooking_Oil_1L,Staples,140.0,140.0,0,43
2025-06-07,Store_C,Cooking_Oil_1L,Staples,140.0,140.0,0,43
2025-06-08,Store_C,Cooking_Oil_1L,Staples,137.16,140.0,0,44
2025-06-09,Store_C,Cooking_Oil_1L,Staples,140.0,140.0,0,33
2025-06-10,Store_C,Cooking_Oil_1L,Staples,140.0,140.0,0,29
2025-06-11,Store_C,Cooking_Oil_1L,Staples,140.0,140.0,0,30
2025-06-12,Store_C,Cooking_Oil_1L,Staples,141.05,140.0,1,45
2025-06-13,Store_C,Cooking_Oil_1L,Staples,124.24,140.0,0,49
2025-06-14,Store_C,Cooking_Oil_1L,Staples,140.0,140.0,0,42
2025-06-15,Store_C,Cooking_Oil_1L,Staples,117.35,140.0,0,50
2025-06-16,Store_C,Cooking_Oil_1L,Staples,140.0,140.0,0,32
2025-06-17,Store_C,Cooking_Oil_1L,Staples,140.0,140.0,0,31
2025-06-18,Store_C,Cooking_Oil_1L,Staples,140.0,140.0,0,31
2025-06-19,Store_C,Cooking_Oil_1L,Staples,140.0,140.0,0,36
2025-06-20,Store_C,Cooking_Oil_1L,Staples,130.5,140.0,0,36
2025-06-21,Store_C,Cooking_Oil_1L,Staples,140.0,140.0,0,44
2025-06-22,Store_C,Cooking_Oil_1L,Staples,140.0,140.0,0,41
2025-06-23,Store_C,Cooking_Oil_1L,Staples,114.23,140.0,0,41
2025-06-24,Store_C,Cooking_Oil_1L,Staples,120.77,140.0,0,33
2025-06-25,Store_C,Cooking_Oil_1L,Staples,140.0,140.0,0,31
2025-06-26,Store_C,Cooking_Oil_1L,Staples,140.0,140.0,0,30
2025-06-27,Store_C,Cooking_Oil_1L,Staples,140.0,140.0,0,42
2025-06-28,Store_C,Cooking_Oil_1L,Staples,140.0,140.0,0,47
2025-06-29,Store_C,Cooking_Oil_1L,Staples,140.0,140.0,0,43
2025-06-30,Store_C,Cooking_Oil_1L,Staples,140.0,140.0,0,31
2025-07-01,Store_C,Cooking_Oil_1L,Staples,140.0,140.0,0,31
2025-07-02,Store_C,Cooking_Oil_1L,Staples,140.0,140.0,0,30
2025-07-03,Store_C,Cooking_Oil_1L,Staples,140.0,140.0,0,33
2025-07-04,Store_C,Cooking_Oil_1L,Staples,140.0,140.0,0,49
2025-07-05,Store_C,Cooking_Oil_1L,Staples,116.18,140.0,0,55
2025-07-06,Store_C,Cooking_Oil_1L,Staples,140.0,140.0,0,45
2025-07-07,Store_C,Cooking_Oil_1L,Staples,140.0,140.0,0,31
2025-07-08,Store_C,Cooking_Oil_1L,Staples,140.0,140.0,1,37
2025-07-09,Store_C,Cooking_Oil_1L,Staples,140.0,140.0,0,31
2025-07-10,Store_C,Cooking_Oil_1L,Staples,156.42,140.0,0,25
2025-07-11,Store_C,Cooking_Oil_1L,Staples,140.0,140.0,0,40
2025-07-12,Store_C,Cooking_Oil_1L,Staples,140.0,140.0,0,46
2025-07-13,Store_C,Cooking_Oil_1L,Staples,140.0,140.0,0,47
2025-07-14,Store_C,Cooking_Oil_1L,Staples,140.0,140.0,0,35
2025-07-15,Store_C,Cooking_Oil_1L,Staples,140.0,140.0,0,29
2025-07-16,Store_C,Cooking_Oil_1L,Staples,140.0,140.0,0,31
2025-07-17,Store_C,Cooking_Oil_1L,Staples,140.0,140.0,0,31
2025-07-18,Store_C,Cooking_Oil_1L,Staples,125.37,140.0,1,57
2025-07-19,Store_C,Cooking_Oil_1L,Staples,140.0,140.0,0,44
2025-07-20,Store_C,Cooking_Oil_1L,Staples,151.83,140.0,0,36
2025-07-21,Store_C,Cooking_Oil_1L,Staples,144.75,140.0,0,30
2025-07-22,Store_C,Cooking_Oil_1L,Staples,140.0,140.0,0,31
2025-07-23,Store_C,Cooking_Oil_1L,Staples,140.0,140.0,0,28
2025-07-24,Store_C,Cooking_Oil_1L,Staples,140.0,140.0,0,34
2025-07-25,Store_C,Cooking_Oil_1L,Staples,140.0,140.0,0,40
2025-07-26,Store_C,Cooking_Oil_1L,Staples,140.0,140.0,0,44
2025-07-27,Store_C,Cooking_Oil_1L,Staples,157.15,140.0,0,35
2025-07-28,Store_C,Cooking_Oil_1L,Staples,140.0,140.0,0,24
2025-07-29,Store_C,Cooking_Oil_1L,Staples,129.63,140.0,1,42
2025-07-30,Store_C,Cooking_Oil_1L,Staples,140.0,140.0,0,37
2025-07-31,Store_C,Cooking_Oil_1L,Staples,140.0,140.0,0,36
2025-08-01,Store_C,Cooking_Oil_1L,Staples,140.0,140.0,0,41
2025-08-02,Store_C,Cooking_Oil_1L,Staples,140.0,140.0,0,50
2025-08-03,Store_C,Cooking_Oil_1L,Staples,140.0,140.0,0,42
2025-08-04,Store_C,Cooking_Oil_1L,Staples,140.0,140.0,0,36
2025-08-05,Store_C,Cooking_Oil_1L,Staples,123.52,140.0,0,34
2025-08-06,Store_C,Cooking_Oil_1L,Staples,140.0,140.0,0,29
2025-08-07,Store_C,Cooking_Oil_1L,Staples,140.0,140.0,0,36
2025-08-08,Store_C,Cooking_Oil_1L,Staples,140.0,140.0,0,41
2025-08-09,Store_C,Cooking_Oil_1L,Staples,134.56,140.0,0,51
2025-08-10,Store_C,Cooking_Oil_1L,Staples,140.0,140.0,0,42
2025-08-11,Store_C,Cooking_Oil_1L,Staples,140.0,140.0,0,31
2025-08-12,Store_C,Cooking_Oil_1L,Staples,140.0,140.0,0,30
2025-08-13,Store_C,Cooking_Oil_1L,Staples,146.26,140.0,0,32
2025-08-14,Store_C,Cooking_Oil_1L,Staples,140.0,140.0,0,35
2025-08-15,Store_C,Cooking_Oil_1L,Staples,148.33,140.0,0,37
2025-08-16,Store_C,Cooking_Oil_1L,Staples,140.0,140.0,0,46
2025-08-17,Store_C,Cooking_Oil_1L,Staples,140.0,140.0,0,44
2025-08-18,Store_C,Cooking_Oil_1L,Staples,140.0,140.0,0,33
2025-08-19,Store_C,Cooking_Oil_1L,Staples,140.0,140.0,0,31
2025-08-20,Store_C,Cooking_Oil_1L,Staples,115.08,140.0,0,38
2025-08-21,Store_C,Cooking_Oil_1L,Staples,152.38,140.0,1,41
2025-08-22,Store_C,Cooking_Oil_1L,Staples,140.0,140.0,0,41
2025-08-23,Store_C,Cooking_Oil_1L,Staples,138.57,140.0,0,52
2025-08-24,Store_C,Cooking_Oil_1L,Staples,140.0,140.0,0,47
2025-08-25,Store_C,Cooking_Oil_1L,Staples,140.0,140.0,0,31
2025-08-26,Store_C,Cooking_Oil_1L,Staples,140.0,140.0,0,33
2025-08-27,Store_C,Cooking_Oil_1L,Staples,140.0,140.0,0,35
2025-08-28,Store_C,Cooking_Oil_1L,Staples,114.51,140.0,0,46
2025-08-29,Store_C,Cooking_Oil_1L,Staples,154.56,140.0,0,37
2025-08-30,Store_C,Cooking_Oil_1L,Staples,140.09,140.0,0,50
2025-08-31,Store_C,Cooking_Oil_1L,Staples,160.42,140.0,0,37
2025-09-01,Store_C,Cooking_Oil_1L,Staples,153.67,140.0,0,32
2025-09-02,Store_C,Cooking_Oil_1L,Staples,140.0,140.0,0,34
2025-09-03,Store_C,Cooking_Oil_1L,Staples,140.0,140.0,0,28
2025-09-04,Store_C,Cooking_Oil_1L,Staples,140.0,140.0,0,33
2025-09-05,Store_C,Cooking_Oil_1L,Staples,140.0,140.0,0,43
2025-09-06,Store_C,Cooking_Oil_1L,Staples,129.57,140.0,0,46
2025-09-07,Store_C,Cooking_Oil_1L,Staples,134.99,140.0,0,41
2025-09-08,Store_C,Cooking_Oil_1L,Staples,125.41,140.0,0,34
2025-09-09,Store_C,Cooking_Oil_1L,Staples,140.0,140.0,1,43
2025-09-10,Store_C,Cooking_Oil_1L,Staples,140.0,140.0,0,31
2025-09-11,Store_C,Cooking_Oil_1L,Staples,129.26,140.0,0,35
2025-09-12,Store_C,Cooking_Oil_1L,Staples,121.23,140.0,0,51
2025-09-13,Store_C,Cooking_Oil_1L,Staples,140.0,140.0,0,50
2025-09-14,Store_C,Cooking_Oil_1L,Staples,140.0,140.0,1,65
2025-09-15,Store_C,Cooking_Oil_1L,Staples,156.18,140.0,0,33
2025-09-16,Store_C,Cooking_Oil_1L,Staples,140.0,140.0,0,28
2025-09-17,Store_C,Cooking_Oil_1L,Staples,140.0,140.0,1,46
2025-09-18,Store_C,Cooking_Oil_1L,Staples,140.0,140.0,0,38
2025-09-19,Store_C,Cooking_Oil_1L,Staples,140.0,140.0,0,51
2025-09-20,Store_C,Cooking_Oil_1L,Staples,142.67,140.0,0,48
2025-09-21,Store_C,Cooking_Oil_1L,Staples,140.0,140.0,1,62
2025-09-22,Store_C,Cooking_Oil_1L,Staples,140.0,140.0,0,35
2025-09-23,Store_C,Cooking_Oil_1L,Staples,140.0,140.0,0,33
2025-09-24,Store_C,Cooking_Oil_1L,Staples,140.0,140.0,0,37
2025-09-25,Store_C,Cooking_Oil_1L,Staples,114.15,140.0,0,41
2025-09-26,Store_C,Cooking_Oil_1L,Staples,140.0,140.0,0,46
2025-09-27,Store_C,Cooking_Oil_1L,Staples,120.15,140.0,0,63
2025-09-28,Store_C,Cooking_Oil_1L,Staples,140.0,140.0,0,45
2025-09-29,Store_C,Cooking_Oil_1L,Staples,143.35,140.0,0,32
2025-09-30,Store_C,Cooking_Oil_1L,Staples,140.0,140.0,0,32
2025-10-01,Store_C,Cooking_Oil_1L,Staples,140.0,140.0,0,52
2025-10-02,Store_C,Cooking_Oil_1L,Staples,140.0,140.0,0,51
2025-10-03,Store_C,Cooking_Oil_1L,Staples,140.0,140.0,0,59
2025-10-04,Store_C,Cooking_Oil_1L,Staples,140.0,140.0,0,89
2025-10-05,Store_C,Cooking_Oil_1L,Staples,154.78,140.0,0,65
2025-10-06,Store_C,Cooking_Oil_1L,Staples,142.65,140.0,0,48
2025-10-07,Store_C,Cooking_Oil_1L,Staples,122.14,140.0,0,57
2025-10-08,Store_C,Cooking_Oil_1L,Staples,140.0,140.0,0,54
2025-10-09,Store_C,Cooking_Oil_1L,Staples,140.0,140.0,0,60
2025-10-10,Store_C,Cooking_Oil_1L,Staples,140.0,140.0,0,62
2025-10-11,Store_C,Cooking_Oil_1L,Staples,140.0,140.0,0,81
2025-10-12,Store_C,Cooking_Oil_1L,Staples,140.0,140.0,0,71
2025-10-13,Store_C,Cooking_Oil_1L,Staples,140.0,140.0,0,55
2025-10-14,Store_C,Cooking_Oil_1L,Staples,140.0,140.0,0,53
2025-10-15,Store_C,Cooking_Oil_1L,Staples,145.74,140.0,0,59
2025-10-16,Store_C,Cooking_Oil_1L,Staples,140.0,140.0,0,59
2025-10-17,Store_C,Cooking_Oil_1L,Staples,118.39,140.0,0,78
2025-10-18,Store_C,Cooking_Oil_1L,Staples,140.0,140.0,0,66
2025-10-19,Store_C,Cooking_Oil_1L,Staples,160.1,140.0,0,54
2025-10-20,Store_C,Cooking_Oil_1L,Staples,140.0,140.0,0,53
2025-10-21,Store_C,Cooking_Oil_1L,Staples,140.0,140.0,0,53
2025-10-22,Store_C,Cooking_Oil_1L,Staples,140.0,140.0,0,54
2025-10-23,Store_C,Cooking_Oil_1L,Staples,112.3,140.0,0,63
2025-10-24,Store_C,Cooking_Oil_1L,Staples,140.0,140.0,0,75
2025-10-25,Store_C,Cooking_Oil_1L,Staples,119.2,140.0,0,116
2025-10-26,Store_C,Cooking_Oil_1L,Staples,140.0,140.0,0,77
2025-10-27,Store_C,Cooking_Oil_1L,Staples,147.42,140.0,0,53
2025-10-28,Store_C,Cooking_Oil_1L,Staples,140.0,140.0,1,73
2025-10-29,Store_C,Cooking_Oil_1L,Staples,140.0,140.0,0,51
2025-10-30,Store_C,Cooking_Oil_1L,Staples,140.0,140.0,0,63
2025-10-31,Store_C,Cooking_Oil_1L,Staples,138.28,140.0,0,79
2025-11-01,Store_C,Cooking_Oil_1L,Staples,140.0,140.0,0,74
2025-11-02,Store_C,Cooking_Oil_1L,Staples,154.76,140.0,0,67
2025-11-03,Store_C,Cooking_Oil_1L,Staples,140.0,140.0,0,55
2025-11-04,Store_C,Cooking_Oil_1L,Staples,140.0,140.0,0,52
2025-11-05,Store_C,Cooking_Oil_1L,Staples,140.0,140.0,0,57
2025-11-06,Store_C,Cooking_Oil_1L,Staples,159.61,140.0,0,45
2025-11-07,Store_C,Cooking_Oil_1L,Staples,140.0,140.0,0,73
2025-11-08,Store_C,Cooking_Oil_1L,Staples,133.68,140.0,0,85
2025-11-09,Store_C,Cooking_Oil_1L,Staples,140.0,140.0,0,75
2025-11-10,Store_C,Cooking_Oil_1L,Staples,140.0,140.0,0,59
2025-11-11,Store_C,Cooking_Oil_1L,Staples,140.0,140.0,0,56
2025-11-12,Store_C,Cooking_Oil_1L,Staples,140.0,140.0,0,63
2025-11-13,Store_C,Cooking_Oil_1L,Staples,122.7,140.0,1,96
2025-11-14,Store_C,Cooking_Oil_1L,Staples,140.0,140.0,0,75
2025-11-15,Store_C,Cooking_Oil_1L,Staples,140.0,140.0,0,90
2025-11-16,Store_C,Cooking_Oil_1L,Staples,140.0,140.0,0,79
2025-11-17,Store_C,Cooking_Oil_1L,Staples,140.0,140.0,1,79
2025-11-18,Store_C,Cooking_Oil_1L,Staples,140.0,140.0,0,53
2025-11-19,Store_C,Cooking_Oil_1L,Staples,140.0,140.0,0,67
2025-11-20,Store_C,Cooking_Oil_1L,Staples,140.0,140.0,0,64
2025-11-21,Store_C,Cooking_Oil_1L,Staples,140.0,140.0,0,78
2025-11-22,Store_C,Cooking_Oil_1L,Staples,140.0,140.0,0,87
2025-11-23,Store_C,Cooking_Oil_1L,Staples,140.0,140.0,0,86
2025-11-24,Store_C,Cooking_Oil_1L,Staples,116.79,140.0,0,79
2025-11-25,Store_C,Cooking_Oil_1L,Staples,140.0,140.0,0,58
2025-11-26,Store_C,Cooking_Oil_1L,Staples,140.0,140.0,0,64
2025-11-27,Store_C,Cooking_Oil_1L,Staples,140.0,140.0,0,62
2025-11-28,Store_C,Cooking_Oil_1L,Staples,140.0,140.0,0,70
2025-11-29,Store_C,Cooking_Oil_1L,Staples,140.0,140.0,0,82
2025-11-30,Store_C,Cooking_Oil_1L,Staples,140.0,140.0,0,78
2025-12-01,Store_C,Cooking_Oil_1L,Staples,140.0,140.0,0,48
2025-12-02,Store_C,Cooking_Oil_1L,Staples,140.0,140.0,0,45
2025-12-03,Store_C,Cooking_Oil_1L,Staples,140.0,140.0,0,45
2025-12-04,Store_C,Cooking_Oil_1L,Staples,140.0,140.0,0,54
2025-12-05,Store_C,Cooking_Oil_1L,Staples,135.58,140.0,0,72
2025-12-06,Store_C,Cooking_Oil_1L,Staples,140.0,140.0,0,80
2025-12-07,Store_C,Cooking_Oil_1L,Staples,140.0,140.0,0,63
2025-12-08,Store_C,Cooking_Oil_1L,Staples,151.89,140.0,0,50
2025-12-09,Store_C,Cooking_Oil_1L,Staples,140.0,140.0,0,46
2025-12-10,Store_C,Cooking_Oil_1L,Staples,156.01,140.0,0,50
2025-12-11,Store_C,Cooking_Oil_1L,Staples,140.0,140.0,0,63
2025-12-12,Store_C,Cooking_Oil_1L,Staples,140.0,140.0,0,68
2025-12-13,Store_C,Cooking_Oil_1L,Staples,132.22,140.0,0,94
2025-12-14,Store_C,Cooking_Oil_1L,Staples,140.0,140.0,0,75
2025-12-15,Store_C,Cooking_Oil_1L,Staples,140.0,140.0,0,50
2025-12-16,Store_C,Cooking_Oil_1L,Staples,128.16,140.0,0,56
2025-12-17,Store_C,Cooking_Oil_1L,Staples,140.0,140.0,0,46
2025-12-18,Store_C,Cooking_Oil_1L,Staples,126.4,140.0,0,56
2025-12-19,Store_C,Cooking_Oil_1L,Staples,140.0,140.0,0,72
2025-12-20,Store_C,Cooking_Oil_1L,Staples,140.0,140.0,1,118
2025-12-21,Store_C,Cooking_Oil_1L,Staples,118.31,140.0,0,83
2025-12-22,Store_C,Cooking_Oil_1L,Staples,151.88,140.0,0,52
2025-12-23,Store_C,Cooking_Oil_1L,Staples,140.0,140.0,1,75
2025-12-24,Store_C,Cooking_Oil_1L,Staples,140.0,140.0,0,56
2025-12-25,Store_C,Cooking_Oil_1L,Staples,116.37,140.0,0,59
2025-12-26,Store_C,Cooking_Oil_1L,Staples,140.0,140.0,0,78
2025-12-27,Store_C,Cooking_Oil_1L,Staples,130.85,140.0,0,83
2025-12-28,Store_C,Cooking_Oil_1L,Staples,140.0,140.0,0,71
2025-12-29,Store_C,Cooking_Oil_1L,Staples,159.95,140.0,0,46
2025-12-30,Store_C,Cooking_Oil_1L,Staples,140.0,140.0,0,59
